"","LEI_input","LEI_api_id","http_status","attributes.lei","attributes.entity.legalName.name","attributes.entity.legalName.language","attributes.entity.otherNames","attributes.entity.transliteratedOtherNames","attributes.entity.legalAddress.language","attributes.entity.legalAddress.addressLines.0","attributes.entity.legalAddress.addressNumber","attributes.entity.legalAddress.addressNumberWithinBuilding","attributes.entity.legalAddress.mailRouting","attributes.entity.legalAddress.city","attributes.entity.legalAddress.region","attributes.entity.legalAddress.country","attributes.entity.legalAddress.postalCode","attributes.entity.headquartersAddress.language","attributes.entity.headquartersAddress.addressLines.0","attributes.entity.headquartersAddress.addressNumber","attributes.entity.headquartersAddress.addressNumberWithinBuilding","attributes.entity.headquartersAddress.mailRouting","attributes.entity.headquartersAddress.city","attributes.entity.headquartersAddress.region","attributes.entity.headquartersAddress.country","attributes.entity.headquartersAddress.postalCode","attributes.entity.registeredAt.id","attributes.entity.registeredAt.other","attributes.entity.registeredAs","attributes.entity.jurisdiction","attributes.entity.category","attributes.entity.legalForm.id","attributes.entity.legalForm.other","attributes.entity.associatedEntity.lei","attributes.entity.associatedEntity.name","attributes.entity.status","attributes.entity.expiration.date","attributes.entity.expiration.reason","attributes.entity.successorEntity.lei","attributes.entity.successorEntity.name","attributes.entity.successorEntities","attributes.entity.creationDate","attributes.entity.subCategory","attributes.entity.otherAddresses","attributes.entity.eventGroups","attributes.registration.initialRegistrationDate","attributes.registration.lastUpdateDate","attributes.registration.status","attributes.registration.nextRenewalDate","attributes.registration.managingLou","attributes.registration.corroborationLevel","attributes.registration.validatedAt.id","attributes.registration.validatedAt.other","attributes.registration.validatedAs","attributes.registration.otherValidationAuthorities","attributes.bic","attributes.mic","attributes.ocid","attributes.qcc","attributes.spglobal.0","attributes.conformityFlag","relationships.managing-lou.links.related","relationships.lei-issuer.links.related","relationships.field-modifications.links.related","relationships.direct-parent.links.reporting-exception","relationships.ultimate-parent.links.reporting-exception","relationships.fund-manager.links.lei-record","relationships.fund-manager.links.relationship-record","ok","error","attributes.entity.otherNames.0.name","attributes.entity.otherNames.0.language","attributes.entity.otherNames.0.type","attributes.entity.legalAddress.addressLines.1","attributes.entity.headquartersAddress.addressLines.1","attributes.entity.eventGroups.0.groupType","attributes.entity.eventGroups.0.events.0.validationDocuments","attributes.entity.eventGroups.0.events.0.effectiveDate","attributes.entity.eventGroups.0.events.0.recordedDate","attributes.entity.eventGroups.0.events.0.type","attributes.entity.eventGroups.0.events.0.status","relationships.umbrella-fund.links.lei-record","relationships.umbrella-fund.links.relationship-record","attributes.entity.headquartersAddress.addressLines.2","attributes.entity.headquartersAddress.addressLines.3","attributes.entity.eventGroups.0.events.0.validationReference","attributes.entity.otherNames.1.name","attributes.entity.otherNames.1.language","attributes.entity.otherNames.1.type","attributes.entity.legalAddress.addressLines.2","attributes.entity.eventGroups.1.groupType","attributes.entity.eventGroups.1.events.0.validationDocuments","attributes.entity.eventGroups.1.events.0.effectiveDate","attributes.entity.eventGroups.1.events.0.recordedDate","attributes.entity.eventGroups.1.events.0.type","attributes.entity.eventGroups.1.events.0.status","relationships.isins.links.related","attributes.bic.0","attributes.bic.1","attributes.bic.2","attributes.bic.3","attributes.bic.4","attributes.bic.5","attributes.bic.6","attributes.bic.7","attributes.bic.8","attributes.bic.9","attributes.bic.10","relationships.direct-parent.links.relationship-record","relationships.direct-parent.links.lei-record","relationships.ultimate-parent.links.relationship-record","relationships.ultimate-parent.links.lei-record","relationships.direct-children.links.relationship-records","relationships.direct-children.links.related","relationships.managed-funds.links.relationship-records","relationships.managed-funds.links.related","attributes.entity.eventGroups.2.groupType","attributes.entity.eventGroups.2.events.0.validationDocuments","attributes.entity.eventGroups.2.events.0.effectiveDate","attributes.entity.eventGroups.2.events.0.recordedDate","attributes.entity.eventGroups.2.events.0.type","attributes.entity.eventGroups.2.events.0.status","attributes.entity.eventGroups.3.groupType","attributes.entity.eventGroups.3.events.0.validationDocuments","attributes.entity.eventGroups.3.events.0.effectiveDate","attributes.entity.eventGroups.3.events.0.recordedDate","attributes.entity.eventGroups.3.events.0.type","attributes.entity.eventGroups.3.events.0.status","relationships.ultimate-children.links.relationship-records","relationships.ultimate-children.links.related","attributes.mic.0","relationships.branches.links.relationship-records","relationships.branches.links.related","attributes.entity.successorEntities.0.lei","attributes.entity.eventGroups.1.events.0.validationReference","attributes.entity.eventGroups.1.events.0.affectedFields.0.value","attributes.entity.eventGroups.1.events.0.affectedFields.0.xpath","relationships.successor-entity.links.related","relationships.successor-entities.links.related","attributes.registration.otherValidationAuthorities.0.validatedAt.id","attributes.registration.otherValidationAuthorities.0.validatedAs","attributes.entity.legalAddress.addressLines.3","attributes.entity.otherNames.2.name","attributes.entity.otherNames.2.language","attributes.entity.otherNames.2.type","attributes.entity.otherNames.3.name","attributes.entity.otherNames.3.language","attributes.entity.otherNames.3.type","relationships.sub-funds.links.relationship-records","relationships.sub-funds.links.related","attributes.entity.transliteratedOtherNames.0.name","attributes.entity.transliteratedOtherNames.0.language","attributes.entity.transliteratedOtherNames.0.type","relationships.master-fund.links.lei-record","relationships.master-fund.links.relationship-record","attributes.bic.11","attributes.bic.12","attributes.bic.13","attributes.bic.14","attributes.bic.15","attributes.bic.16","attributes.bic.17","attributes.bic.18","attributes.bic.19","attributes.bic.20","attributes.bic.21","attributes.bic.22","attributes.entity.successorEntities.0.name","attributes.entity.successorEntities.0.lang","attributes.entity.eventGroups.0.events.0.affectedFields.0.value","attributes.entity.eventGroups.0.events.0.affectedFields.0.xpath","attributes.entity.eventGroups.4.groupType","attributes.entity.eventGroups.4.events.0.validationDocuments","attributes.entity.eventGroups.4.events.0.effectiveDate","attributes.entity.eventGroups.4.events.0.recordedDate","attributes.entity.eventGroups.4.events.0.type","attributes.entity.eventGroups.4.events.0.status","attributes.entity.eventGroups.5.groupType","attributes.entity.eventGroups.5.events.0.validationDocuments","attributes.entity.eventGroups.5.events.0.effectiveDate","attributes.entity.eventGroups.5.events.0.recordedDate","attributes.entity.eventGroups.5.events.0.type","attributes.entity.eventGroups.5.events.0.status","attributes.bic.23","attributes.bic.24","attributes.bic.25","attributes.bic.26","attributes.bic.27","attributes.bic.28","attributes.bic.29","attributes.bic.30","attributes.bic.31","attributes.bic.32","attributes.bic.33","attributes.bic.34","attributes.bic.35","relationships.head-office.links.lei-record","relationships.head-office.links.relationship-record","attributes.entity.otherAddresses.0.fieldType","attributes.entity.otherAddresses.0.language","attributes.entity.otherAddresses.0.type","attributes.entity.otherAddresses.0.addressLines.0","attributes.entity.otherAddresses.0.city","attributes.entity.otherAddresses.0.region","attributes.entity.otherAddresses.0.country","attributes.entity.otherAddresses.0.postalCode","relationships.feeder-funds.links.relationship-records","relationships.feeder-funds.links.related","attributes.entity.eventGroups.2.events.0.validationReference","attributes.entity.otherAddresses.0.addressLines.1","attributes.entity.otherAddresses.0.addressLines.2","attributes.entity.otherAddresses.0.addressLines.3","attributes.entity.otherAddresses.1.fieldType","attributes.entity.otherAddresses.1.language","attributes.entity.otherAddresses.1.type","attributes.entity.otherAddresses.1.addressLines.0","attributes.entity.otherAddresses.1.addressLines.1","attributes.entity.otherAddresses.1.addressLines.2","attributes.entity.otherAddresses.1.addressLines.3","attributes.entity.otherAddresses.1.city","attributes.entity.otherAddresses.1.region","attributes.entity.otherAddresses.1.country","attributes.entity.otherAddresses.1.postalCode","attributes.entity.eventGroups.6.groupType","attributes.entity.eventGroups.6.events.0.validationDocuments","attributes.entity.eventGroups.6.events.0.effectiveDate","attributes.entity.eventGroups.6.events.0.recordedDate","attributes.entity.eventGroups.6.events.0.type","attributes.entity.eventGroups.6.events.0.status","attributes.entity.eventGroups.2.events.0.affectedFields.0.value","attributes.entity.eventGroups.2.events.0.affectedFields.0.xpath","attributes.spglobal","attributes.entity.eventGroups.0.events.1.validationDocuments","attributes.entity.eventGroups.0.events.1.effectiveDate","attributes.entity.eventGroups.0.events.1.recordedDate","attributes.entity.eventGroups.0.events.1.type","attributes.entity.eventGroups.0.events.1.status","attributes.bic.36","attributes.bic.37","attributes.bic.38","attributes.bic.39","attributes.bic.40","attributes.bic.41","attributes.bic.42","attributes.bic.43","attributes.entity.eventGroups.7.groupType","attributes.entity.eventGroups.7.events.0.validationDocuments","attributes.entity.eventGroups.7.events.0.effectiveDate","attributes.entity.eventGroups.7.events.0.recordedDate","attributes.entity.eventGroups.7.events.0.type","attributes.entity.eventGroups.7.events.0.status","attributes.entity.eventGroups.8.groupType","attributes.entity.eventGroups.8.events.0.validationDocuments","attributes.entity.eventGroups.8.events.0.effectiveDate","attributes.entity.eventGroups.8.events.0.recordedDate","attributes.entity.eventGroups.8.events.0.type","attributes.entity.eventGroups.8.events.0.status","attributes.entity.otherAddresses.0.mailRouting","attributes.registration.otherValidationAuthorities.1.validatedAt.id","attributes.registration.otherValidationAuthorities.1.validatedAs","attributes.entity.otherAddresses.1.mailRouting","attributes.entity.otherNames.4.name","attributes.entity.otherNames.4.language","attributes.entity.otherNames.4.type","attributes.entity.eventGroups.3.events.1.validationDocuments","attributes.entity.eventGroups.3.events.1.effectiveDate","attributes.entity.eventGroups.3.events.1.recordedDate","attributes.entity.eventGroups.3.events.1.type","attributes.entity.eventGroups.3.events.1.status","attributes.mic.1","attributes.mic.2","attributes.entity.eventGroups.0.events.0.affectedFields.1.value","attributes.entity.eventGroups.0.events.0.affectedFields.1.xpath","attributes.entity.eventGroups.0.events.0.affectedFields.2.value","attributes.entity.eventGroups.0.events.0.affectedFields.2.xpath","attributes.entity.eventGroups.0.events.0.affectedFields.3.value","attributes.entity.eventGroups.0.events.0.affectedFields.3.xpath","attributes.entity.eventGroups.2.events.1.validationDocuments","attributes.entity.eventGroups.2.events.1.effectiveDate","attributes.entity.eventGroups.2.events.1.recordedDate","attributes.entity.eventGroups.2.events.1.type","attributes.entity.eventGroups.2.events.1.status","attributes.entity.otherAddresses.0.addressNumberWithinBuilding","attributes.entity.eventGroups.3.events.0.validationReference","attributes.mic.3","attributes.mic.4","attributes.entity.otherNames.5.name","attributes.entity.otherNames.5.language","attributes.entity.otherNames.5.type","attributes.entity.transliteratedOtherNames.1.name","attributes.entity.transliteratedOtherNames.1.language","attributes.entity.transliteratedOtherNames.1.type","attributes.entity.eventGroups.3.events.2.validationDocuments","attributes.entity.eventGroups.3.events.2.effectiveDate","attributes.entity.eventGroups.3.events.2.recordedDate","attributes.entity.eventGroups.3.events.2.type","attributes.entity.eventGroups.3.events.2.status","attributes.entity.eventGroups.3.events.3.validationDocuments","attributes.entity.eventGroups.3.events.3.effectiveDate","attributes.entity.eventGroups.3.events.3.recordedDate","attributes.entity.eventGroups.3.events.3.type","attributes.entity.eventGroups.3.events.3.status","attributes.entity.eventGroups.4.events.0.validationReference","attributes.entity.eventGroups.5.events.0.validationReference","attributes.entity.eventGroups.1.events.1.validationDocuments","attributes.entity.eventGroups.1.events.1.effectiveDate","attributes.entity.eventGroups.1.events.1.recordedDate","attributes.entity.eventGroups.1.events.1.type","attributes.entity.eventGroups.1.events.1.status","attributes.bic.44","attributes.bic.45","attributes.bic.46","attributes.bic.47","attributes.bic.48","attributes.bic.49","attributes.bic.50","attributes.bic.51","attributes.bic.52","attributes.bic.53","attributes.bic.54","attributes.bic.55","attributes.bic.56","attributes.bic.57","FUND_NAME","FUND_CATEGORY"
"1","03HIFFV5LBCCS2H8ZB47","03HIFFV5LBCCS2H8ZB47",200,"03HIFFV5LBCCS2H8ZB47","JNL/PIMCO INVESTMENT GRADE CREDIT BOND FUND","en",NA,NA,"en","C/O PRENTICE-HALL CORPORATION SYSTEM, INC.",NA,NA,NA,"BOSTON","US-MA","US","02109","en","C/O JACKSON NATIONAL ASSET MANAGEMENT LLC",NA,NA,NA,"LANSING","US-MI","US","48951","RA000665",NA,"S000068114","US","FUND","8888","SUB FUND",NA,NA,"ACTIVE",NA,NA,NA,NA,NA,2011-09-07 00:00:00,NA,NA,NA,2012-10-16 22:22:00,2025-09-12 05:25:13,"ISSUED",2026-09-30 00:00:00,"5493001KJTIIGC8Y1R12","FULLY_CORROBORATED","RA000665",NA,"S000068114",NA,NA,NA,NA,NA,208420174,"CONFORMING","https://api.gleif.org/api/v1/lei-records/03HIFFV5LBCCS2H8ZB47/managing-lou","https://api.gleif.org/api/v1/lei-records/03HIFFV5LBCCS2H8ZB47/lei-issuer","https://api.gleif.org/api/v1/lei-records/03HIFFV5LBCCS2H8ZB47/field-modifications","https://api.gleif.org/api/v1/lei-records/03HIFFV5LBCCS2H8ZB47/direct-parent-reporting-exception","https://api.gleif.org/api/v1/lei-records/03HIFFV5LBCCS2H8ZB47/ultimate-parent-reporting-exception","https://api.gleif.org/api/v1/lei-records/03HIFFV5LBCCS2H8ZB47/fund-manager","https://api.gleif.org/api/v1/lei-records/03HIFFV5LBCCS2H8ZB47/fund-manager-relationship",TRUE,NA,NA,NA,NA,"84 STATE ST","ONE CORPORATE WAY",NA,NA,NA,NA,NA,NA,"https://api.gleif.org/api/v1/lei-records/03HIFFV5LBCCS2H8ZB47/umbrella-fund","https://api.gleif.org/api/v1/lei-records/03HIFFV5LBCCS2H8ZB47/umbrella-fund-relationship",NA,NA,NA,NA,NA,NA,NA,NA,NA,NA,NA,NA,NA,NA,NA,NA,NA,NA,NA,NA,NA,NA,NA,NA,NA,NA,NA,NA,NA,NA,NA,NA,NA,NA,NA,NA,NA,NA,NA,NA,NA,NA,NA,NA,NA,NA,NA,NA,NA,NA,NA,NA,NA,NA,NA,NA,NA,NA,NA,NA,NA,NA,NA,NA,NA,NA,NA,NA,NA,NA,NA,NA,NA,NA,NA,NA,NA,NA,NA,NA,NA,NA,NA,NA,NA,NA,NA,NA,NA,NA,NA,NA,NA,NA,NA,NA,NA,NA,NA,NA,NA,NA,NA,NA,NA,NA,NA,NA,NA,NA,NA,NA,NA,NA,NA,NA,NA,NA,NA,NA,NA,NA,NA,NA,NA,NA,NA,NA,NA,NA,NA,NA,NA,NA,NA,NA,NA,NA,NA,NA,NA,NA,NA,NA,NA,NA,NA,NA,NA,NA,NA,NA,NA,NA,NA,NA,NA,NA,NA,NA,NA,NA,NA,NA,NA,NA,NA,NA,NA,NA,NA,NA,NA,NA,NA,NA,NA,NA,NA,NA,NA,NA,NA,NA,NA,NA,NA,NA,NA,NA,NA,NA,NA,NA,NA,NA,NA,NA,NA,NA,NA,NA,NA,NA,NA,NA,NA,NA,NA,NA,NA,NA,NA,NA,NA,NA,NA,NA,NA,NA,NA,NA,NA,NA,NA,NA,NA,NA,NA,NA,NA,NA,NA,NA,NA,NA,NA,NA,NA,NA,"JNL/PIMCO Investment Grade Corporate Bond Fund","Open-End Mutual Fund"
"2","0BCGDHAK1YNRZ76RTG35","0BCGDHAK1YNRZ76RTG35",200,"0BCGDHAK1YNRZ76RTG35","BlackRock Impact Mortgage Fund","en",NA,NA,"en","C T CORPORATION SYSTEM; 155 FEDERAL ST., SUITE 700",NA,NA,NA,"BOSTON","US-MA","US","02110","en","c/o BLACKROCK ADVISORS, LLC, C/O THE CORPORATION TRUST COMPANY, CORPORATION TRUST CENTER 1209 ORANGE ST",NA,NA,"c/o BLACKROCK ADVISORS, LLC","WILMINGTON","US-DE","US","19801","RA000665",NA,"S000062364","US-MA","FUND","8888","Trust",NA,NA,"ACTIVE",NA,NA,NA,NA,NA,2012-10-10 22:00:00,NA,NA,NA,2012-10-11 13:46:00,2025-10-31 16:07:12,"ISSUED",2026-12-01 13:37:54,"5299000J2N45DDNE4Y28","FULLY_CORROBORATED","RA000665",NA,"S000062364",NA,NA,NA,NA,NA,564580749,"CONFORMING","https://api.gleif.org/api/v1/lei-records/0BCGDHAK1YNRZ76RTG35/managing-lou","https://api.gleif.org/api/v1/lei-records/0BCGDHAK1YNRZ76RTG35/lei-issuer","https://api.gleif.org/api/v1/lei-records/0BCGDHAK1YNRZ76RTG35/field-modifications","https://api.gleif.org/api/v1/lei-records/0BCGDHAK1YNRZ76RTG35/direct-parent-reporting-exception","https://api.gleif.org/api/v1/lei-records/0BCGDHAK1YNRZ76RTG35/ultimate-parent-reporting-exception","https://api.gleif.org/api/v1/lei-records/0BCGDHAK1YNRZ76RTG35/fund-manager","https://api.gleif.org/api/v1/lei-records/0BCGDHAK1YNRZ76RTG35/fund-manager-relationship",TRUE,NA,NA,NA,NA,NA,NA,NA,NA,NA,NA,NA,NA,"https://api.gleif.org/api/v1/lei-records/0BCGDHAK1YNRZ76RTG35/umbrella-fund","https://api.gleif.org/api/v1/lei-records/0BCGDHAK1YNRZ76RTG35/umbrella-fund-relationship",NA,NA,NA,NA,NA,NA,NA,NA,NA,NA,NA,NA,NA,NA,NA,NA,NA,NA,NA,NA,NA,NA,NA,NA,NA,NA,NA,NA,NA,NA,NA,NA,NA,NA,NA,NA,NA,NA,NA,NA,NA,NA,NA,NA,NA,NA,NA,NA,NA,NA,NA,NA,NA,NA,NA,NA,NA,NA,NA,NA,NA,NA,NA,NA,NA,NA,NA,NA,NA,NA,NA,NA,NA,NA,NA,NA,NA,NA,NA,NA,NA,NA,NA,NA,NA,NA,NA,NA,NA,NA,NA,NA,NA,NA,NA,NA,NA,NA,NA,NA,NA,NA,NA,NA,NA,NA,NA,NA,NA,NA,NA,NA,NA,NA,NA,NA,NA,NA,NA,NA,NA,NA,NA,NA,NA,NA,NA,NA,NA,NA,NA,NA,NA,NA,NA,NA,NA,NA,NA,NA,NA,NA,NA,NA,NA,NA,NA,NA,NA,NA,NA,NA,NA,NA,NA,NA,NA,NA,NA,NA,NA,NA,NA,NA,NA,NA,NA,NA,NA,NA,NA,NA,NA,NA,NA,NA,NA,NA,NA,NA,NA,NA,NA,NA,NA,NA,NA,NA,NA,NA,NA,NA,NA,NA,NA,NA,NA,NA,NA,NA,NA,NA,NA,NA,NA,NA,NA,NA,NA,NA,NA,NA,NA,NA,NA,NA,NA,NA,NA,NA,NA,NA,NA,NA,NA,NA,NA,NA,NA,NA,NA,NA,NA,NA,NA,NA,NA,NA,NA,NA,"BlackRock U.S. Government Bond Portfolio","Open-End Mutual Fund"
"3","0EUMC1JQ5HNN1A6MGO73","0EUMC1JQ5HNN1A6MGO73",200,"0EUMC1JQ5HNN1A6MGO73","PIMCO Emerging Markets Bond Fund","en",NA,NA,"en","C/O C T CORPORATION SYSTEM",NA,NA,NA,"BOSTON","US-MA","US","02110","en","C/O PACIFIC INVESTMENT MANAGEMENT COMPANY LLC",NA,NA,NA,"NEWPORT BEACH","US-CA","US","92660","RA000665",NA,"S000009715","US","FUND","8888","SUB FUND",NA,NA,"ACTIVE",NA,NA,NA,NA,NA,2012-10-18 00:00:00,NA,NA,NA,2012-10-19 08:02:00,2025-06-19 11:03:33,"ISSUED",2026-07-07 00:00:00,"5493001KJTIIGC8Y1R12","FULLY_CORROBORATED","RA000665",NA,"S000009715",NA,NA,NA,NA,NA,9559331,"CONFORMING","https://api.gleif.org/api/v1/lei-records/0EUMC1JQ5HNN1A6MGO73/managing-lou","https://api.gleif.org/api/v1/lei-records/0EUMC1JQ5HNN1A6MGO73/lei-issuer","https://api.gleif.org/api/v1/lei-records/0EUMC1JQ5HNN1A6MGO73/field-modifications","https://api.gleif.org/api/v1/lei-records/0EUMC1JQ5HNN1A6MGO73/direct-parent-reporting-exception","https://api.gleif.org/api/v1/lei-records/0EUMC1JQ5HNN1A6MGO73/ultimate-parent-reporting-exception","https://api.gleif.org/api/v1/lei-records/0EUMC1JQ5HNN1A6MGO73/fund-manager","https://api.gleif.org/api/v1/lei-records/0EUMC1JQ5HNN1A6MGO73/fund-manager-relationship",TRUE,NA,NA,NA,NA,"155 FEDERAL ST","650 NEWPORT CENTER DRIVE",NA,NA,NA,NA,NA,NA,"https://api.gleif.org/api/v1/lei-records/0EUMC1JQ5HNN1A6MGO73/umbrella-fund","https://api.gleif.org/api/v1/lei-records/0EUMC1JQ5HNN1A6MGO73/umbrella-fund-relationship",NA,NA,NA,NA,NA,NA,"SUITE 700",NA,NA,NA,NA,NA,NA,NA,NA,NA,NA,NA,NA,NA,NA,NA,NA,NA,NA,NA,NA,NA,NA,NA,NA,NA,NA,NA,NA,NA,NA,NA,NA,NA,NA,NA,NA,NA,NA,NA,NA,NA,NA,NA,NA,NA,NA,NA,NA,NA,NA,NA,NA,NA,NA,NA,NA,NA,NA,NA,NA,NA,NA,NA,NA,NA,NA,NA,NA,NA,NA,NA,NA,NA,NA,NA,NA,NA,NA,NA,NA,NA,NA,NA,NA,NA,NA,NA,NA,NA,NA,NA,NA,NA,NA,NA,NA,NA,NA,NA,NA,NA,NA,NA,NA,NA,NA,NA,NA,NA,NA,NA,NA,NA,NA,NA,NA,NA,NA,NA,NA,NA,NA,NA,NA,NA,NA,NA,NA,NA,NA,NA,NA,NA,NA,NA,NA,NA,NA,NA,NA,NA,NA,NA,NA,NA,NA,NA,NA,NA,NA,NA,NA,NA,NA,NA,NA,NA,NA,NA,NA,NA,NA,NA,NA,NA,NA,NA,NA,NA,NA,NA,NA,NA,NA,NA,NA,NA,NA,NA,NA,NA,NA,NA,NA,NA,NA,NA,NA,NA,NA,NA,NA,NA,NA,NA,NA,NA,NA,NA,NA,NA,NA,NA,NA,NA,NA,NA,NA,NA,NA,NA,NA,NA,NA,NA,NA,NA,NA,NA,NA,NA,NA,NA,NA,NA,NA,NA,NA,NA,NA,NA,NA,NA,"PIMCO Emerging Markets Bond Fund","Open-End Mutual Fund"
"4","0I7UWC3FB187VDB5KB30","0I7UWC3FB187VDB5KB30",200,"0I7UWC3FB187VDB5KB30","Advantage CoreAlpha Bond Master Portfolio","en",NA,NA,"en","THE CORPORATION TRUST COMPANY, CORPORATION TRUST CENTER 1209 ORANGE ST",NA,NA,NA,"WILMINGTON","US-DE","US","19801","en","c/o BLACKROCK ADVISORS, LLC, c/o CORPORATION SERVICE COMPANY, 251 LITTLE FALLS DRIVE",NA,NA,"c/o BLACKROCK ADVISORS, LLC","Wilmington","US-DE","US","19808","RA000665",NA,"S000062381","US-DE","FUND","4FSX",NA,NA,NA,"ACTIVE",NA,NA,NA,NA,NA,2004-03-11 23:00:00,NA,NA,NA,2012-10-11 13:46:00,2025-11-21 10:23:30,"ISSUED",2027-01-06 09:34:44,"5299000J2N45DDNE4Y28","FULLY_CORROBORATED","RA000665",NA,"S000062381",NA,NA,NA,NA,NA,100457797,"CONFORMING","https://api.gleif.org/api/v1/lei-records/0I7UWC3FB187VDB5KB30/managing-lou","https://api.gleif.org/api/v1/lei-records/0I7UWC3FB187VDB5KB30/lei-issuer","https://api.gleif.org/api/v1/lei-records/0I7UWC3FB187VDB5KB30/field-modifications","https://api.gleif.org/api/v1/lei-records/0I7UWC3FB187VDB5KB30/direct-parent-reporting-exception","https://api.gleif.org/api/v1/lei-records/0I7UWC3FB187VDB5KB30/ultimate-parent-reporting-exception","https://api.gleif.org/api/v1/lei-records/0I7UWC3FB187VDB5KB30/fund-manager","https://api.gleif.org/api/v1/lei-records/0I7UWC3FB187VDB5KB30/fund-manager-relationship",TRUE,NA,NA,NA,NA,NA,NA,"STANDALONE","SUPPORTING_DOCUMENTS",2024-11-15 23:00:00,2024-11-16 13:18:16,"CHANGE_LEGAL_ADDRESS","COMPLETED","https://api.gleif.org/api/v1/lei-records/0I7UWC3FB187VDB5KB30/umbrella-fund","https://api.gleif.org/api/v1/lei-records/0I7UWC3FB187VDB5KB30/umbrella-fund-relationship",NA,NA,NA,NA,NA,NA,NA,"STANDALONE","SUPPORTING_DOCUMENTS",2023-12-06 23:00:00,2023-12-07 09:58:55,"CHANGE_HQ_ADDRESS","COMPLETED","https://api.gleif.org/api/v1/lei-records/0I7UWC3FB187VDB5KB30/isins",NA,NA,NA,NA,NA,NA,NA,NA,NA,NA,NA,NA,NA,NA,NA,NA,NA,NA,NA,NA,NA,NA,NA,NA,NA,NA,NA,NA,NA,NA,NA,NA,NA,NA,NA,NA,NA,NA,NA,NA,NA,NA,NA,NA,NA,NA,NA,NA,NA,NA,NA,NA,NA,NA,NA,NA,NA,NA,NA,NA,NA,NA,NA,NA,NA,NA,NA,NA,NA,NA,NA,NA,NA,NA,NA,NA,NA,NA,NA,NA,NA,NA,NA,NA,NA,NA,NA,NA,NA,NA,NA,NA,NA,NA,NA,NA,NA,NA,NA,NA,NA,NA,NA,NA,NA,NA,NA,NA,NA,NA,NA,NA,NA,NA,NA,NA,NA,NA,NA,NA,NA,NA,NA,NA,NA,NA,NA,NA,NA,NA,NA,NA,NA,NA,NA,NA,NA,NA,NA,NA,NA,NA,NA,NA,NA,NA,NA,NA,NA,NA,NA,NA,NA,NA,NA,NA,NA,NA,NA,NA,NA,NA,NA,NA,NA,NA,NA,NA,NA,NA,NA,NA,NA,NA,NA,NA,NA,NA,NA,NA,NA,NA,NA,NA,NA,NA,NA,NA,NA,NA,NA,NA,NA,NA,NA,NA,NA,NA,NA,NA,NA,NA,NA,NA,NA,NA,NA,NA,NA,NA,NA,NA,NA,NA,NA,NA,NA,NA,NA,NA,NA,NA,NA,NA,NA,NA,"CoreAlpha Bond Master Portfolio","Open-End Mutual Fund"
"5","0LWIUERRKLQ5EUTIWP18","0LWIUERRKLQ5EUTIWP18",200,"0LWIUERRKLQ5EUTIWP18","THE HARTFORD INFLATION PLUS FUND","en",NA,NA,"en","C/O THE CORPORATION TRUST INCORPORATED",NA,NA,NA,"LUTHERVILLE TIMONIUM","US-MD","US","21093-2264","en","C/O HARTFORD FUNDS MANAGEMENT COMPANY, LLC",NA,NA,NA,"WAYNE","US-PA","US","19087","RA000665",NA,"S000003584","US","FUND","8888","SUB-FUND",NA,NA,"ACTIVE",NA,NA,NA,NA,NA,2012-06-05 00:00:00,NA,NA,NA,2012-06-06 15:54:00,2026-01-16 15:50:23,"ISSUED",2027-02-01 00:00:00,"5493001KJTIIGC8Y1R12","FULLY_CORROBORATED","RA000665",NA,"S000003584",NA,NA,NA,NA,NA,42120282,"CONFORMING","https://api.gleif.org/api/v1/lei-records/0LWIUERRKLQ5EUTIWP18/managing-lou","https://api.gleif.org/api/v1/lei-records/0LWIUERRKLQ5EUTIWP18/lei-issuer","https://api.gleif.org/api/v1/lei-records/0LWIUERRKLQ5EUTIWP18/field-modifications","https://api.gleif.org/api/v1/lei-records/0LWIUERRKLQ5EUTIWP18/direct-parent-reporting-exception","https://api.gleif.org/api/v1/lei-records/0LWIUERRKLQ5EUTIWP18/ultimate-parent-reporting-exception","https://api.gleif.org/api/v1/lei-records/0LWIUERRKLQ5EUTIWP18/fund-manager","https://api.gleif.org/api/v1/lei-records/0LWIUERRKLQ5EUTIWP18/fund-manager-relationship",TRUE,NA,NA,NA,NA,"2405 YORK ROAD","690 LEE ROAD",NA,NA,NA,NA,NA,NA,"https://api.gleif.org/api/v1/lei-records/0LWIUERRKLQ5EUTIWP18/umbrella-fund","https://api.gleif.org/api/v1/lei-records/0LWIUERRKLQ5EUTIWP18/umbrella-fund-relationship",NA,NA,NA,NA,NA,NA,"SUITE 201",NA,NA,NA,NA,NA,NA,NA,NA,NA,NA,NA,NA,NA,NA,NA,NA,NA,NA,NA,NA,NA,NA,NA,NA,NA,NA,NA,NA,NA,NA,NA,NA,NA,NA,NA,NA,NA,NA,NA,NA,NA,NA,NA,NA,NA,NA,NA,NA,NA,NA,NA,NA,NA,NA,NA,NA,NA,NA,NA,NA,NA,NA,NA,NA,NA,NA,NA,NA,NA,NA,NA,NA,NA,NA,NA,NA,NA,NA,NA,NA,NA,NA,NA,NA,NA,NA,NA,NA,NA,NA,NA,NA,NA,NA,NA,NA,NA,NA,NA,NA,NA,NA,NA,NA,NA,NA,NA,NA,NA,NA,NA,NA,NA,NA,NA,NA,NA,NA,NA,NA,NA,NA,NA,NA,NA,NA,NA,NA,NA,NA,NA,NA,NA,NA,NA,NA,NA,NA,NA,NA,NA,NA,NA,NA,NA,NA,NA,NA,NA,NA,NA,NA,NA,NA,NA,NA,NA,NA,NA,NA,NA,NA,NA,NA,NA,NA,NA,NA,NA,NA,NA,NA,NA,NA,NA,NA,NA,NA,NA,NA,NA,NA,NA,NA,NA,NA,NA,NA,NA,NA,NA,NA,NA,NA,NA,NA,NA,NA,NA,NA,NA,NA,NA,NA,NA,NA,NA,NA,NA,NA,NA,NA,NA,NA,NA,NA,NA,NA,NA,NA,NA,NA,NA,NA,NA,NA,NA,NA,NA,NA,NA,NA,NA,"THE HARTFORD INFLATION PLUS FUND","Open-End Mutual Fund"
"6","1BNBZ6S2ZXNZOA0AG379","1BNBZ6S2ZXNZOA0AG379",200,"1BNBZ6S2ZXNZOA0AG379","EMERGING MARKETS DEBT FUND","en",NA,NA,"en","C/O C T CORPORATION SYSTEM",NA,NA,NA,"BOSTON","US-MA","US","02110","en","C/O SEI INVESTMENTS MANAGEMENT CORPORATION",NA,NA,NA,"WILMINGTON","US-DE","US","19808","RA000665",NA,"S000006421","US","FUND","8888","FUND",NA,NA,"ACTIVE",NA,NA,NA,NA,NA,2012-06-05 00:00:00,NA,NA,NA,2012-06-06 15:54:00,2026-04-09 09:19:08,"ISSUED",2027-04-20 07:11:10,"5493001KJTIIGC8Y1R12","FULLY_CORROBORATED","RA000665",NA,"S000006421",NA,NA,NA,NA,NA,28140090,"CONFORMING","https://api.gleif.org/api/v1/lei-records/1BNBZ6S2ZXNZOA0AG379/managing-lou","https://api.gleif.org/api/v1/lei-records/1BNBZ6S2ZXNZOA0AG379/lei-issuer","https://api.gleif.org/api/v1/lei-records/1BNBZ6S2ZXNZOA0AG379/field-modifications","https://api.gleif.org/api/v1/lei-records/1BNBZ6S2ZXNZOA0AG379/direct-parent-reporting-exception","https://api.gleif.org/api/v1/lei-records/1BNBZ6S2ZXNZOA0AG379/ultimate-parent-reporting-exception","https://api.gleif.org/api/v1/lei-records/1BNBZ6S2ZXNZOA0AG379/fund-manager","https://api.gleif.org/api/v1/lei-records/1BNBZ6S2ZXNZOA0AG379/fund-manager-relationship",TRUE,NA,"SEI INSTITUTIONAL INTERNATIONAL TRUST -SIT EMERGING MARKETS DEBT FUND","en","PREVIOUS_LEGAL_NAME","155 FEDERAL STREET","251 LITTLE FALLS DRIVE",NA,NA,NA,NA,NA,NA,"https://api.gleif.org/api/v1/lei-records/1BNBZ6S2ZXNZOA0AG379/umbrella-fund","https://api.gleif.org/api/v1/lei-records/1BNBZ6S2ZXNZOA0AG379/umbrella-fund-relationship",NA,NA,NA,NA,NA,NA,"STE 700",NA,NA,NA,NA,NA,NA,NA,NA,NA,NA,NA,NA,NA,NA,NA,NA,NA,NA,NA,NA,NA,NA,NA,NA,NA,NA,NA,NA,NA,NA,NA,NA,NA,NA,NA,NA,NA,NA,NA,NA,NA,NA,NA,NA,NA,NA,NA,NA,NA,NA,NA,NA,NA,NA,NA,NA,NA,NA,NA,NA,NA,NA,NA,NA,NA,NA,NA,NA,NA,NA,NA,NA,NA,NA,NA,NA,NA,NA,NA,NA,NA,NA,NA,NA,NA,NA,NA,NA,NA,NA,NA,NA,NA,NA,NA,NA,NA,NA,NA,NA,NA,NA,NA,NA,NA,NA,NA,NA,NA,NA,NA,NA,NA,NA,NA,NA,NA,NA,NA,NA,NA,NA,NA,NA,NA,NA,NA,NA,NA,NA,NA,NA,NA,NA,NA,NA,NA,NA,NA,NA,NA,NA,NA,NA,NA,NA,NA,NA,NA,NA,NA,NA,NA,NA,NA,NA,NA,NA,NA,NA,NA,NA,NA,NA,NA,NA,NA,NA,NA,NA,NA,NA,NA,NA,NA,NA,NA,NA,NA,NA,NA,NA,NA,NA,NA,NA,NA,NA,NA,NA,NA,NA,NA,NA,NA,NA,NA,NA,NA,NA,NA,NA,NA,NA,NA,NA,NA,NA,NA,NA,NA,NA,NA,NA,NA,NA,NA,NA,NA,NA,NA,NA,NA,NA,NA,NA,NA,NA,NA,NA,NA,NA,NA,"SIT Emerging Markets Debt Fund","Open-End Mutual Fund"
"7","1DDHUTG38S1PS4EC6J14","1DDHUTG38S1PS4EC6J14",200,"1DDHUTG38S1PS4EC6J14","MEDIUM-DURATION BOND FUND","en",NA,NA,"en","C/O CORPORATION SERVICE COMPANY",NA,NA,NA,"WILMINGTON","US-DE","US","19808","en","C/O GuideStone Capital Management, LLC",NA,NA,NA,"Dallas","US-TX","US","75244","RA000665",NA,"S000001155","US","FUND","8888","SUB FUND",NA,NA,"ACTIVE",NA,NA,NA,NA,NA,2001-08-27 00:00:00,NA,NA,NA,2012-11-19 14:05:00,2025-07-28 16:00:21,"ISSUED",2026-08-21 21:35:00,"5493001KJTIIGC8Y1R12","FULLY_CORROBORATED","RA000665",NA,"S000001155",NA,NA,NA,NA,NA,43185520,"CONFORMING","https://api.gleif.org/api/v1/lei-records/1DDHUTG38S1PS4EC6J14/managing-lou","https://api.gleif.org/api/v1/lei-records/1DDHUTG38S1PS4EC6J14/lei-issuer","https://api.gleif.org/api/v1/lei-records/1DDHUTG38S1PS4EC6J14/field-modifications","https://api.gleif.org/api/v1/lei-records/1DDHUTG38S1PS4EC6J14/direct-parent-reporting-exception","https://api.gleif.org/api/v1/lei-records/1DDHUTG38S1PS4EC6J14/ultimate-parent-reporting-exception","https://api.gleif.org/api/v1/lei-records/1DDHUTG38S1PS4EC6J14/fund-manager","https://api.gleif.org/api/v1/lei-records/1DDHUTG38S1PS4EC6J14/fund-manager-relationship",TRUE,NA,NA,NA,NA,"251 LITTLE FALLS DRIVE","5005 Lyndon B Johnson Freeway",NA,NA,NA,NA,NA,NA,"https://api.gleif.org/api/v1/lei-records/1DDHUTG38S1PS4EC6J14/umbrella-fund","https://api.gleif.org/api/v1/lei-records/1DDHUTG38S1PS4EC6J14/umbrella-fund-relationship","Suite 2200",NA,NA,NA,NA,NA,NA,NA,NA,NA,NA,NA,NA,NA,NA,NA,NA,NA,NA,NA,NA,NA,NA,NA,NA,NA,NA,NA,NA,NA,NA,NA,NA,NA,NA,NA,NA,NA,NA,NA,NA,NA,NA,NA,NA,NA,NA,NA,NA,NA,NA,NA,NA,NA,NA,NA,NA,NA,NA,NA,NA,NA,NA,NA,NA,NA,NA,NA,NA,NA,NA,NA,NA,NA,NA,NA,NA,NA,NA,NA,NA,NA,NA,NA,NA,NA,NA,NA,NA,NA,NA,NA,NA,NA,NA,NA,NA,NA,NA,NA,NA,NA,NA,NA,NA,NA,NA,NA,NA,NA,NA,NA,NA,NA,NA,NA,NA,NA,NA,NA,NA,NA,NA,NA,NA,NA,NA,NA,NA,NA,NA,NA,NA,NA,NA,NA,NA,NA,NA,NA,NA,NA,NA,NA,NA,NA,NA,NA,NA,NA,NA,NA,NA,NA,NA,NA,NA,NA,NA,NA,NA,NA,NA,NA,NA,NA,NA,NA,NA,NA,NA,NA,NA,NA,NA,NA,NA,NA,NA,NA,NA,NA,NA,NA,NA,NA,NA,NA,NA,NA,NA,NA,NA,NA,NA,NA,NA,NA,NA,NA,NA,NA,NA,NA,NA,NA,NA,NA,NA,NA,NA,NA,NA,NA,NA,NA,NA,NA,NA,NA,NA,NA,NA,NA,NA,NA,NA,NA,NA,NA,NA,NA,NA,NA,NA,NA,NA,NA,NA,NA,"Medium-Duration Bond Fund","Open-End Mutual Fund"
"8","1GHK00KQL17L6GJ0T728","1GHK00KQL17L6GJ0T728",200,"1GHK00KQL17L6GJ0T728","THE HARTFORD WORLD BOND FUND","en",NA,NA,"en","C/O THE CORPORATION TRUST INCORPORATED",NA,NA,NA,"LUTHERVILLE TIMONIUM","US-MD","US","21093-2264","en","C/O HARTFORD FUNDS MANAGEMENT COMPANY, LLC",NA,NA,NA,"WAYNE","US-PA","US","19087","RA000665",NA,"S000032811","US","FUND","8888","SUB-FUND",NA,NA,"ACTIVE",NA,NA,NA,NA,NA,2012-11-25 00:00:00,NA,NA,NA,2012-11-26 16:03:00,2026-01-16 15:50:25,"ISSUED",2027-02-01 00:00:00,"5493001KJTIIGC8Y1R12","FULLY_CORROBORATED","RA000665",NA,"S000032811",NA,NA,NA,NA,NA,129459765,"CONFORMING","https://api.gleif.org/api/v1/lei-records/1GHK00KQL17L6GJ0T728/managing-lou","https://api.gleif.org/api/v1/lei-records/1GHK00KQL17L6GJ0T728/lei-issuer","https://api.gleif.org/api/v1/lei-records/1GHK00KQL17L6GJ0T728/field-modifications","https://api.gleif.org/api/v1/lei-records/1GHK00KQL17L6GJ0T728/direct-parent-reporting-exception","https://api.gleif.org/api/v1/lei-records/1GHK00KQL17L6GJ0T728/ultimate-parent-reporting-exception","https://api.gleif.org/api/v1/lei-records/1GHK00KQL17L6GJ0T728/fund-manager","https://api.gleif.org/api/v1/lei-records/1GHK00KQL17L6GJ0T728/fund-manager-relationship",TRUE,NA,NA,NA,NA,"2405 YORK ROAD","690 LEE ROAD",NA,NA,NA,NA,NA,NA,"https://api.gleif.org/api/v1/lei-records/1GHK00KQL17L6GJ0T728/umbrella-fund","https://api.gleif.org/api/v1/lei-records/1GHK00KQL17L6GJ0T728/umbrella-fund-relationship",NA,NA,NA,NA,NA,NA,"SUITE 201",NA,NA,NA,NA,NA,NA,NA,NA,NA,NA,NA,NA,NA,NA,NA,NA,NA,NA,NA,NA,NA,NA,NA,NA,NA,NA,NA,NA,NA,NA,NA,NA,NA,NA,NA,NA,NA,NA,NA,NA,NA,NA,NA,NA,NA,NA,NA,NA,NA,NA,NA,NA,NA,NA,NA,NA,NA,NA,NA,NA,NA,NA,NA,NA,NA,NA,NA,NA,NA,NA,NA,NA,NA,NA,NA,NA,NA,NA,NA,NA,NA,NA,NA,NA,NA,NA,NA,NA,NA,NA,NA,NA,NA,NA,NA,NA,NA,NA,NA,NA,NA,NA,NA,NA,NA,NA,NA,NA,NA,NA,NA,NA,NA,NA,NA,NA,NA,NA,NA,NA,NA,NA,NA,NA,NA,NA,NA,NA,NA,NA,NA,NA,NA,NA,NA,NA,NA,NA,NA,NA,NA,NA,NA,NA,NA,NA,NA,NA,NA,NA,NA,NA,NA,NA,NA,NA,NA,NA,NA,NA,NA,NA,NA,NA,NA,NA,NA,NA,NA,NA,NA,NA,NA,NA,NA,NA,NA,NA,NA,NA,NA,NA,NA,NA,NA,NA,NA,NA,NA,NA,NA,NA,NA,NA,NA,NA,NA,NA,NA,NA,NA,NA,NA,NA,NA,NA,NA,NA,NA,NA,NA,NA,NA,NA,NA,NA,NA,NA,NA,NA,NA,NA,NA,NA,NA,NA,NA,NA,NA,NA,NA,NA,NA,"The Hartford World Bond Fund","Open-End Mutual Fund"
"9","2549003ESAHXEQHTHU51","2549003ESAHXEQHTHU51",200,"2549003ESAHXEQHTHU51","Morningstar Total Return Bond Fund","en",NA,NA,"en","C/O CORPORATION SERVICE COMPANY",NA,NA,NA,"WILMINGTON","US-DE","US","19808","en","C/O MORNINGSTAR INVESTMENT MANAGEMENT LLC",NA,NA,NA,"CHICAGO","US-IL","US","60202","RA000665",NA,"S000057730","US","FUND","8888","Fund",NA,NA,"ACTIVE",NA,NA,NA,NA,NA,2017-02-28 00:00:00,NA,NA,NA,2018-06-18 18:47:23,2026-04-06 19:33:36,"ISSUED",2027-04-18 18:47:23,"5493001KJTIIGC8Y1R12","FULLY_CORROBORATED","RA000665",NA,"S000057730",NA,NA,NA,NA,NA,549736135,"CONFORMING","https://api.gleif.org/api/v1/lei-records/2549003ESAHXEQHTHU51/managing-lou","https://api.gleif.org/api/v1/lei-records/2549003ESAHXEQHTHU51/lei-issuer","https://api.gleif.org/api/v1/lei-records/2549003ESAHXEQHTHU51/field-modifications","https://api.gleif.org/api/v1/lei-records/2549003ESAHXEQHTHU51/direct-parent-reporting-exception","https://api.gleif.org/api/v1/lei-records/2549003ESAHXEQHTHU51/ultimate-parent-reporting-exception","https://api.gleif.org/api/v1/lei-records/2549003ESAHXEQHTHU51/fund-manager","https://api.gleif.org/api/v1/lei-records/2549003ESAHXEQHTHU51/fund-manager-relationship",TRUE,NA,NA,NA,NA,"251 LITTLE FALLS DRIVE","22 WEST WASHINGTON STREET",NA,NA,NA,NA,NA,NA,"https://api.gleif.org/api/v1/lei-records/2549003ESAHXEQHTHU51/umbrella-fund","https://api.gleif.org/api/v1/lei-records/2549003ESAHXEQHTHU51/umbrella-fund-relationship",NA,NA,NA,NA,NA,NA,NA,NA,NA,NA,NA,NA,NA,NA,NA,NA,NA,NA,NA,NA,NA,NA,NA,NA,NA,NA,NA,NA,NA,NA,NA,NA,NA,NA,NA,NA,NA,NA,NA,NA,NA,NA,NA,NA,NA,NA,NA,NA,NA,NA,NA,NA,NA,NA,NA,NA,NA,NA,NA,NA,NA,NA,NA,NA,NA,NA,NA,NA,NA,NA,NA,NA,NA,NA,NA,NA,NA,NA,NA,NA,NA,NA,NA,NA,NA,NA,NA,NA,NA,NA,NA,NA,NA,NA,NA,NA,NA,NA,NA,NA,NA,NA,NA,NA,NA,NA,NA,NA,NA,NA,NA,NA,NA,NA,NA,NA,NA,NA,NA,NA,NA,NA,NA,NA,NA,NA,NA,NA,NA,NA,NA,NA,NA,NA,NA,NA,NA,NA,NA,NA,NA,NA,NA,NA,NA,NA,NA,NA,NA,NA,NA,NA,NA,NA,NA,NA,NA,NA,NA,NA,NA,NA,NA,NA,NA,NA,NA,NA,NA,NA,NA,NA,NA,NA,NA,NA,NA,NA,NA,NA,NA,NA,NA,NA,NA,NA,NA,NA,NA,NA,NA,NA,NA,NA,NA,NA,NA,NA,NA,NA,NA,NA,NA,NA,NA,NA,NA,NA,NA,NA,NA,NA,NA,NA,NA,NA,NA,NA,NA,NA,NA,NA,NA,NA,NA,NA,NA,NA,NA,NA,NA,NA,NA,NA,NA,NA,NA,NA,NA,NA,"Morningstar Total Return Bond Fund","Open-End Mutual Fund"
"10","254900CU5KYJQ7TVSX92","254900CU5KYJQ7TVSX92",200,"254900CU5KYJQ7TVSX92","MORNINGSTAR ALTERNATIVES FUND","en",NA,NA,"en","C/O CORPORATION SERVICE COMPANY",NA,NA,NA,"WILMINGTON","US-DE","US","19808","en","C/O MORNINGSTAR, INC.",NA,NA,NA,"CHICAGO","US-IL","US","60602","RA000665",NA,"S000057735","US","FUND","8888","SUB-FUND",NA,NA,"ACTIVE",NA,NA,NA,NA,NA,2017-02-28 00:00:00,NA,NA,NA,2018-06-18 19:24:51,2026-04-06 17:14:22,"ISSUED",2027-04-18 19:24:51,"5493001KJTIIGC8Y1R12","FULLY_CORROBORATED","RA000665",NA,"S000057735",NA,NA,NA,NA,NA,549736140,"CONFORMING","https://api.gleif.org/api/v1/lei-records/254900CU5KYJQ7TVSX92/managing-lou","https://api.gleif.org/api/v1/lei-records/254900CU5KYJQ7TVSX92/lei-issuer","https://api.gleif.org/api/v1/lei-records/254900CU5KYJQ7TVSX92/field-modifications","https://api.gleif.org/api/v1/lei-records/254900CU5KYJQ7TVSX92/direct-parent-reporting-exception","https://api.gleif.org/api/v1/lei-records/254900CU5KYJQ7TVSX92/ultimate-parent-reporting-exception","https://api.gleif.org/api/v1/lei-records/254900CU5KYJQ7TVSX92/fund-manager","https://api.gleif.org/api/v1/lei-records/254900CU5KYJQ7TVSX92/fund-manager-relationship",TRUE,NA,NA,NA,NA,"251 LITTLE FALLS DRIVE","22 WEST WASHINGTON STREET",NA,NA,NA,NA,NA,NA,"https://api.gleif.org/api/v1/lei-records/254900CU5KYJQ7TVSX92/umbrella-fund","https://api.gleif.org/api/v1/lei-records/254900CU5KYJQ7TVSX92/umbrella-fund-relationship",NA,NA,NA,NA,NA,NA,NA,NA,NA,NA,NA,NA,NA,NA,NA,NA,NA,NA,NA,NA,NA,NA,NA,NA,NA,NA,NA,NA,NA,NA,NA,NA,NA,NA,NA,NA,NA,NA,NA,NA,NA,NA,NA,NA,NA,NA,NA,NA,NA,NA,NA,NA,NA,NA,NA,NA,NA,NA,NA,NA,NA,NA,NA,NA,NA,NA,NA,NA,NA,NA,NA,NA,NA,NA,NA,NA,NA,NA,NA,NA,NA,NA,NA,NA,NA,NA,NA,NA,NA,NA,NA,NA,NA,NA,NA,NA,NA,NA,NA,NA,NA,NA,NA,NA,NA,NA,NA,NA,NA,NA,NA,NA,NA,NA,NA,NA,NA,NA,NA,NA,NA,NA,NA,NA,NA,NA,NA,NA,NA,NA,NA,NA,NA,NA,NA,NA,NA,NA,NA,NA,NA,NA,NA,NA,NA,NA,NA,NA,NA,NA,NA,NA,NA,NA,NA,NA,NA,NA,NA,NA,NA,NA,NA,NA,NA,NA,NA,NA,NA,NA,NA,NA,NA,NA,NA,NA,NA,NA,NA,NA,NA,NA,NA,NA,NA,NA,NA,NA,NA,NA,NA,NA,NA,NA,NA,NA,NA,NA,NA,NA,NA,NA,NA,NA,NA,NA,NA,NA,NA,NA,NA,NA,NA,NA,NA,NA,NA,NA,NA,NA,NA,NA,NA,NA,NA,NA,NA,NA,NA,NA,NA,NA,NA,NA,NA,NA,NA,NA,NA,NA,"Morningstar Alternatives Fund","Open-End Mutual Fund"
"11","254900GKUK6RNGCQM661","254900GKUK6RNGCQM661",200,"254900GKUK6RNGCQM661","PARTNERS GROUP GROWTH, LLC","en",NA,NA,"en","1114 AVENUE OF THE AMERICAS",NA,NA,NA,"NEW YORK","US-NY","US","10036","en","C/O Partners Group (USA) INC.",NA,NA,NA,"Wilmington","US-DE","US","19808","RA000665",NA,"0001991706","US","FUND","8888","FUND",NA,NA,"ACTIVE",NA,NA,NA,NA,NA,2023-06-01 00:00:00,NA,NA,NA,2023-08-23 23:01:11,2025-08-26 17:38:52,"ISSUED",2026-08-26 17:38:52,"5493001KJTIIGC8Y1R12","FULLY_CORROBORATED","RA000665",NA,"0001991706",NA,NA,NA,NA,NA,1853950428,"CONFORMING","https://api.gleif.org/api/v1/lei-records/254900GKUK6RNGCQM661/managing-lou","https://api.gleif.org/api/v1/lei-records/254900GKUK6RNGCQM661/lei-issuer","https://api.gleif.org/api/v1/lei-records/254900GKUK6RNGCQM661/field-modifications","https://api.gleif.org/api/v1/lei-records/254900GKUK6RNGCQM661/direct-parent-reporting-exception","https://api.gleif.org/api/v1/lei-records/254900GKUK6RNGCQM661/ultimate-parent-reporting-exception","https://api.gleif.org/api/v1/lei-records/254900GKUK6RNGCQM661/fund-manager","https://api.gleif.org/api/v1/lei-records/254900GKUK6RNGCQM661/fund-manager-relationship",TRUE,NA,"Partners Group Accelerated Growth,LLC","en","PREVIOUS_LEGAL_NAME","37TH FLOOR","Corporation Trust Center","STANDALONE","SUPPORTING_DOCUMENTS",2023-08-01 00:00:00,2023-08-24 02:46:44,"CHANGE_LEGAL_NAME","COMPLETED",NA,NA,"1209 Orange Street",NA,NA,NA,NA,NA,NA,"STANDALONE","SUPPORTING_DOCUMENTS",2023-05-31 00:00:00,2024-08-19 05:51:45,"CHANGE_LEGAL_FORM","COMPLETED",NA,NA,NA,NA,NA,NA,NA,NA,NA,NA,NA,NA,NA,NA,NA,NA,NA,NA,NA,NA,NA,NA,NA,NA,NA,NA,NA,NA,NA,NA,NA,NA,NA,NA,NA,NA,NA,NA,NA,NA,NA,NA,NA,NA,NA,NA,NA,NA,NA,NA,NA,NA,NA,NA,NA,NA,NA,NA,NA,NA,NA,NA,NA,NA,NA,NA,NA,NA,NA,NA,NA,NA,NA,NA,NA,NA,NA,NA,NA,NA,NA,NA,NA,NA,NA,NA,NA,NA,NA,NA,NA,NA,NA,NA,NA,NA,NA,NA,NA,NA,NA,NA,NA,NA,NA,NA,NA,NA,NA,NA,NA,NA,NA,NA,NA,NA,NA,NA,NA,NA,NA,NA,NA,NA,NA,NA,NA,NA,NA,NA,NA,NA,NA,NA,NA,NA,NA,NA,NA,NA,NA,NA,NA,NA,NA,NA,NA,NA,NA,NA,NA,NA,NA,NA,NA,NA,NA,NA,NA,NA,NA,NA,NA,NA,NA,NA,NA,NA,NA,NA,NA,NA,NA,NA,NA,NA,NA,NA,NA,NA,NA,NA,NA,NA,NA,NA,NA,NA,NA,NA,NA,NA,NA,NA,NA,NA,NA,NA,NA,NA,NA,NA,NA,NA,NA,NA,NA,NA,NA,NA,NA,NA,NA,NA,NA,NA,NA,NA,NA,NA,NA,NA,NA,NA,NA,NA,NA,"Partners Group Growth, LLC","Closed-End Fund"
"12","254900K8IOXKHZ1P6439","254900K8IOXKHZ1P6439",200,"254900K8IOXKHZ1P6439","AMG Systematica Managed Futures Strategy Fund","en",NA,NA,"en","C/O C T CORPORATION SYSTEM",NA,NA,NA,"BOSTON","US-MA","US","02110","en","C/O AMG FUNDS LLC",NA,NA,NA,"STAMFORD","US-CT","US","06901","RA000665",NA,"S000084098","US","FUND","8888","FUND",NA,NA,"ACTIVE",NA,NA,NA,NA,NA,2023-12-08 00:00:00,NA,NA,NA,2024-01-11 09:04:17,2025-09-05 18:35:51,"ISSUED",2026-09-11 09:04:17,"5493001KJTIIGC8Y1R12","FULLY_CORROBORATED","RA000665",NA,"S000084098",NA,NA,NA,NA,NA,1864542296,"CONFORMING","https://api.gleif.org/api/v1/lei-records/254900K8IOXKHZ1P6439/managing-lou","https://api.gleif.org/api/v1/lei-records/254900K8IOXKHZ1P6439/lei-issuer","https://api.gleif.org/api/v1/lei-records/254900K8IOXKHZ1P6439/field-modifications","https://api.gleif.org/api/v1/lei-records/254900K8IOXKHZ1P6439/direct-parent-reporting-exception","https://api.gleif.org/api/v1/lei-records/254900K8IOXKHZ1P6439/ultimate-parent-reporting-exception","https://api.gleif.org/api/v1/lei-records/254900K8IOXKHZ1P6439/fund-manager","https://api.gleif.org/api/v1/lei-records/254900K8IOXKHZ1P6439/fund-manager-relationship",TRUE,NA,NA,NA,NA,"155 FEDERAL ST.","680 WASHINGTON BLVD",NA,NA,NA,NA,NA,NA,"https://api.gleif.org/api/v1/lei-records/254900K8IOXKHZ1P6439/umbrella-fund","https://api.gleif.org/api/v1/lei-records/254900K8IOXKHZ1P6439/umbrella-fund-relationship","SUITE 500",NA,NA,NA,NA,NA,"SUITE 700",NA,NA,NA,NA,NA,NA,NA,NA,NA,NA,NA,NA,NA,NA,NA,NA,NA,NA,NA,NA,NA,NA,NA,NA,NA,NA,NA,NA,NA,NA,NA,NA,NA,NA,NA,NA,NA,NA,NA,NA,NA,NA,NA,NA,NA,NA,NA,NA,NA,NA,NA,NA,NA,NA,NA,NA,NA,NA,NA,NA,NA,NA,NA,NA,NA,NA,NA,NA,NA,NA,NA,NA,NA,NA,NA,NA,NA,NA,NA,NA,NA,NA,NA,NA,NA,NA,NA,NA,NA,NA,NA,NA,NA,NA,NA,NA,NA,NA,NA,NA,NA,NA,NA,NA,NA,NA,NA,NA,NA,NA,NA,NA,NA,NA,NA,NA,NA,NA,NA,NA,NA,NA,NA,NA,NA,NA,NA,NA,NA,NA,NA,NA,NA,NA,NA,NA,NA,NA,NA,NA,NA,NA,NA,NA,NA,NA,NA,NA,NA,NA,NA,NA,NA,NA,NA,NA,NA,NA,NA,NA,NA,NA,NA,NA,NA,NA,NA,NA,NA,NA,NA,NA,NA,NA,NA,NA,NA,NA,NA,NA,NA,NA,NA,NA,NA,NA,NA,NA,NA,NA,NA,NA,NA,NA,NA,NA,NA,NA,NA,NA,NA,NA,NA,NA,NA,NA,NA,NA,NA,NA,NA,NA,NA,NA,NA,NA,NA,NA,NA,NA,NA,NA,NA,NA,NA,NA,NA,NA,NA,NA,NA,NA,NA,"AMG Systematica Managed Futures Strategy Fund","Open-End Mutual Fund"
"13","254900RP97MP9XDFO622","254900RP97MP9XDFO622",200,"254900RP97MP9XDFO622","Strategic Advisers U.S. Total Stock Fund","en",NA,NA,"en","C/O DELAWARE CORPORATION ORGANIZERS, INC.",NA,NA,NA,"WILMINGTON","US-DE","US","19801","en","C/O STRATEGIC ADVISERS LLC",NA,NA,NA,"WILMINGTON","US-DE","US","19801","RA000665",NA,"S000084926","US","FUND","8888","Sub-Fund",NA,NA,"ACTIVE",NA,NA,NA,NA,NA,2024-06-18 00:00:00,NA,NA,NA,2024-03-13 10:58:32,2026-02-23 16:55:15,"ISSUED",2027-03-13 10:58:32,"5493001KJTIIGC8Y1R12","FULLY_CORROBORATED","RA000665",NA,"S000084926",NA,NA,NA,NA,NA,1874655389,"CONFORMING","https://api.gleif.org/api/v1/lei-records/254900RP97MP9XDFO622/managing-lou","https://api.gleif.org/api/v1/lei-records/254900RP97MP9XDFO622/lei-issuer","https://api.gleif.org/api/v1/lei-records/254900RP97MP9XDFO622/field-modifications","https://api.gleif.org/api/v1/lei-records/254900RP97MP9XDFO622/direct-parent-reporting-exception","https://api.gleif.org/api/v1/lei-records/254900RP97MP9XDFO622/ultimate-parent-reporting-exception","https://api.gleif.org/api/v1/lei-records/254900RP97MP9XDFO622/fund-manager","https://api.gleif.org/api/v1/lei-records/254900RP97MP9XDFO622/fund-manager-relationship",TRUE,NA,NA,NA,NA,"1201 NORTH MARKET ST","CORPORATION TRUST CENTER",NA,NA,NA,NA,NA,NA,"https://api.gleif.org/api/v1/lei-records/254900RP97MP9XDFO622/umbrella-fund","https://api.gleif.org/api/v1/lei-records/254900RP97MP9XDFO622/umbrella-fund-relationship","1209 ORANGE ST",NA,NA,NA,NA,NA,"FL 18",NA,NA,NA,NA,NA,NA,NA,NA,NA,NA,NA,NA,NA,NA,NA,NA,NA,NA,NA,NA,NA,NA,NA,NA,NA,NA,NA,NA,NA,NA,NA,NA,NA,NA,NA,NA,NA,NA,NA,NA,NA,NA,NA,NA,NA,NA,NA,NA,NA,NA,NA,"P.O. BOX 1347",NA,NA,NA,NA,NA,NA,NA,NA,NA,NA,NA,NA,NA,NA,NA,NA,NA,NA,NA,NA,NA,NA,NA,NA,NA,NA,NA,NA,NA,NA,NA,NA,NA,NA,NA,NA,NA,NA,NA,NA,NA,NA,NA,NA,NA,NA,NA,NA,NA,NA,NA,NA,NA,NA,NA,NA,NA,NA,NA,NA,NA,NA,NA,NA,NA,NA,NA,NA,NA,NA,NA,NA,NA,NA,NA,NA,NA,NA,NA,NA,NA,NA,NA,NA,NA,NA,NA,NA,NA,NA,NA,NA,NA,NA,NA,NA,NA,NA,NA,NA,NA,NA,NA,NA,NA,NA,NA,NA,NA,NA,NA,NA,NA,NA,NA,NA,NA,NA,NA,NA,NA,NA,NA,NA,NA,NA,NA,NA,NA,NA,NA,NA,NA,NA,NA,NA,NA,NA,NA,NA,NA,NA,NA,NA,NA,NA,NA,NA,NA,NA,NA,NA,NA,NA,NA,NA,NA,NA,NA,NA,NA,NA,NA,NA,NA,NA,NA,NA,NA,NA,NA,NA,NA,NA,NA,NA,NA,NA,NA,NA,NA,"Strategic Advisers U.S. Total Stock Fund","Open-End Mutual Fund"
"14","2Y1XML2ORN6K1XCACT73","2Y1XML2ORN6K1XCACT73",200,"2Y1XML2ORN6K1XCACT73","PIMCO Dynamic Bond Portfolio","en",NA,NA,"en","C/O THE CORPORATION TRUST COMPANY",NA,NA,NA,"WILMINGTON","US-DE","US","19801","en","C/O PACIFIC INVESTMENT MANAGEMENT COMPANY LLC",NA,NA,NA,"NEWPORT BEACH","US-CA","US","92660","RA000665",NA,"S000031689","US","FUND","8888","SUB-FUND",NA,NA,"ACTIVE",NA,NA,NA,NA,NA,2012-10-18 00:00:00,NA,NA,NA,2012-10-19 08:07:00,2025-06-19 07:31:52,"ISSUED",2026-07-07 00:00:00,"5493001KJTIIGC8Y1R12","FULLY_CORROBORATED","RA000665",NA,"S000031689",NA,NA,NA,NA,NA,207112925,"CONFORMING","https://api.gleif.org/api/v1/lei-records/2Y1XML2ORN6K1XCACT73/managing-lou","https://api.gleif.org/api/v1/lei-records/2Y1XML2ORN6K1XCACT73/lei-issuer","https://api.gleif.org/api/v1/lei-records/2Y1XML2ORN6K1XCACT73/field-modifications","https://api.gleif.org/api/v1/lei-records/2Y1XML2ORN6K1XCACT73/direct-parent-reporting-exception","https://api.gleif.org/api/v1/lei-records/2Y1XML2ORN6K1XCACT73/ultimate-parent-reporting-exception","https://api.gleif.org/api/v1/lei-records/2Y1XML2ORN6K1XCACT73/fund-manager","https://api.gleif.org/api/v1/lei-records/2Y1XML2ORN6K1XCACT73/fund-manager-relationship",TRUE,NA,NA,NA,NA,"CORPORATION TRUST CENTER","650 NEWPORT CENTER DRIVE",NA,NA,NA,NA,NA,NA,"https://api.gleif.org/api/v1/lei-records/2Y1XML2ORN6K1XCACT73/umbrella-fund","https://api.gleif.org/api/v1/lei-records/2Y1XML2ORN6K1XCACT73/umbrella-fund-relationship",NA,NA,NA,NA,NA,NA,"1209 ORANGE ST",NA,NA,NA,NA,NA,NA,NA,NA,NA,NA,NA,NA,NA,NA,NA,NA,NA,NA,NA,NA,NA,NA,NA,NA,NA,NA,NA,NA,NA,NA,NA,NA,NA,NA,NA,NA,NA,NA,NA,NA,NA,NA,NA,NA,NA,NA,NA,NA,NA,NA,NA,NA,NA,NA,NA,NA,NA,NA,NA,NA,NA,NA,NA,NA,NA,NA,NA,NA,NA,NA,NA,NA,NA,NA,NA,NA,NA,NA,NA,NA,NA,NA,NA,NA,NA,NA,NA,NA,NA,NA,NA,NA,NA,NA,NA,NA,NA,NA,NA,NA,NA,NA,NA,NA,NA,NA,NA,NA,NA,NA,NA,NA,NA,NA,NA,NA,NA,NA,NA,NA,NA,NA,NA,NA,NA,NA,NA,NA,NA,NA,NA,NA,NA,NA,NA,NA,NA,NA,NA,NA,NA,NA,NA,NA,NA,NA,NA,NA,NA,NA,NA,NA,NA,NA,NA,NA,NA,NA,NA,NA,NA,NA,NA,NA,NA,NA,NA,NA,NA,NA,NA,NA,NA,NA,NA,NA,NA,NA,NA,NA,NA,NA,NA,NA,NA,NA,NA,NA,NA,NA,NA,NA,NA,NA,NA,NA,NA,NA,NA,NA,NA,NA,NA,NA,NA,NA,NA,NA,NA,NA,NA,NA,NA,NA,NA,NA,NA,NA,NA,NA,NA,NA,NA,NA,NA,NA,NA,NA,NA,NA,NA,NA,NA,"PIMCO Dynamic Bond Portfolio","Open-End Mutual Fund"
"15","2Z31MM647E8VKFO85808","2Z31MM647E8VKFO85808",200,"2Z31MM647E8VKFO85808","Multimanager Core Bond Portfolio","en",NA,NA,"en","c/o THE CORPORATION TRUST COMPANY, CORPORATION TRUST CENTER 1209 ORANGE ST",NA,NA,NA,"WILMINGTON","US-DE","US","19801","en","c/o EQUITABLE INVESTMENT MANAGEMENT GROUP, LLC, c/o CORPORATION SERVICE COMPANY, 251 LITTLE FALLS DRIVE",NA,NA,"c/o EQUITABLE INVESTMENT MANAGEMENT GROUP, LLC","WILMINGTON","US-DE","US","19808","RA000665",NA,"S000044692","US-DE","FUND","4FSX",NA,NA,NA,"ACTIVE",NA,NA,NA,NA,NA,2012-11-18 23:00:00,NA,NA,NA,2012-11-19 14:07:00,2025-11-24 15:20:09,"ISSUED",2026-11-30 11:01:21,"5299000J2N45DDNE4Y28","FULLY_CORROBORATED","RA000665",NA,"S000044692",NA,NA,NA,NA,NA,98194388,"CONFORMING","https://api.gleif.org/api/v1/lei-records/2Z31MM647E8VKFO85808/managing-lou","https://api.gleif.org/api/v1/lei-records/2Z31MM647E8VKFO85808/lei-issuer","https://api.gleif.org/api/v1/lei-records/2Z31MM647E8VKFO85808/field-modifications","https://api.gleif.org/api/v1/lei-records/2Z31MM647E8VKFO85808/direct-parent-reporting-exception","https://api.gleif.org/api/v1/lei-records/2Z31MM647E8VKFO85808/ultimate-parent-reporting-exception","https://api.gleif.org/api/v1/lei-records/2Z31MM647E8VKFO85808/fund-manager","https://api.gleif.org/api/v1/lei-records/2Z31MM647E8VKFO85808/fund-manager-relationship",TRUE,NA,NA,NA,NA,NA,NA,NA,NA,NA,NA,NA,NA,"https://api.gleif.org/api/v1/lei-records/2Z31MM647E8VKFO85808/umbrella-fund","https://api.gleif.org/api/v1/lei-records/2Z31MM647E8VKFO85808/umbrella-fund-relationship",NA,NA,NA,NA,NA,NA,NA,NA,NA,NA,NA,NA,NA,NA,NA,NA,NA,NA,NA,NA,NA,NA,NA,NA,NA,NA,NA,NA,NA,NA,NA,NA,NA,NA,NA,NA,NA,NA,NA,NA,NA,NA,NA,NA,NA,NA,NA,NA,NA,NA,NA,NA,NA,NA,NA,NA,NA,NA,NA,NA,NA,NA,NA,NA,NA,NA,NA,NA,NA,NA,NA,NA,NA,NA,NA,NA,NA,NA,NA,NA,NA,NA,NA,NA,NA,NA,NA,NA,NA,NA,NA,NA,NA,NA,NA,NA,NA,NA,NA,NA,NA,NA,NA,NA,NA,NA,NA,NA,NA,NA,NA,NA,NA,NA,NA,NA,NA,NA,NA,NA,NA,NA,NA,NA,NA,NA,NA,NA,NA,NA,NA,NA,NA,NA,NA,NA,NA,NA,NA,NA,NA,NA,NA,NA,NA,NA,NA,NA,NA,NA,NA,NA,NA,NA,NA,NA,NA,NA,NA,NA,NA,NA,NA,NA,NA,NA,NA,NA,NA,NA,NA,NA,NA,NA,NA,NA,NA,NA,NA,NA,NA,NA,NA,NA,NA,NA,NA,NA,NA,NA,NA,NA,NA,NA,NA,NA,NA,NA,NA,NA,NA,NA,NA,NA,NA,NA,NA,NA,NA,NA,NA,NA,NA,NA,NA,NA,NA,NA,NA,NA,NA,NA,NA,NA,NA,NA,NA,NA,NA,NA,NA,NA,NA,NA,NA,NA,NA,NA,NA,NA,"Multimanager Core Bond Portfolio","Open-End Mutual Fund"
"16","2ZJ0UBWM576CNLD1YP86","2ZJ0UBWM576CNLD1YP86",200,"2ZJ0UBWM576CNLD1YP86","PIMCO Low Duration Portfolio","en",NA,NA,"en","C/O THE CORPORATION TRUST COMPANY",NA,NA,NA,"WILMINGTON","US-DE","US","19801","en","C/O PACIFIC INVESTMENT MANAGEMENT COMPANY LLC",NA,NA,NA,"NEWPORT BEACH","US-CA","US","92660","RA000665",NA,"S000009673","US","FUND","8888","FUND",NA,NA,"ACTIVE",NA,NA,NA,NA,NA,2012-10-18 00:00:00,NA,NA,NA,2012-10-19 08:01:00,2025-06-19 19:10:14,"ISSUED",2026-07-07 00:00:00,"5493001KJTIIGC8Y1R12","FULLY_CORROBORATED","RA000665",NA,"S000009673",NA,NA,NA,NA,NA,43921536,"CONFORMING","https://api.gleif.org/api/v1/lei-records/2ZJ0UBWM576CNLD1YP86/managing-lou","https://api.gleif.org/api/v1/lei-records/2ZJ0UBWM576CNLD1YP86/lei-issuer","https://api.gleif.org/api/v1/lei-records/2ZJ0UBWM576CNLD1YP86/field-modifications","https://api.gleif.org/api/v1/lei-records/2ZJ0UBWM576CNLD1YP86/direct-parent-reporting-exception","https://api.gleif.org/api/v1/lei-records/2ZJ0UBWM576CNLD1YP86/ultimate-parent-reporting-exception","https://api.gleif.org/api/v1/lei-records/2ZJ0UBWM576CNLD1YP86/fund-manager","https://api.gleif.org/api/v1/lei-records/2ZJ0UBWM576CNLD1YP86/fund-manager-relationship",TRUE,NA,NA,NA,NA,"CORPORATION TRUST CENTER","650 NEWPORT CENTER DRIVE",NA,NA,NA,NA,NA,NA,"https://api.gleif.org/api/v1/lei-records/2ZJ0UBWM576CNLD1YP86/umbrella-fund","https://api.gleif.org/api/v1/lei-records/2ZJ0UBWM576CNLD1YP86/umbrella-fund-relationship",NA,NA,NA,NA,NA,NA,"1209 ORANGE ST",NA,NA,NA,NA,NA,NA,NA,NA,NA,NA,NA,NA,NA,NA,NA,NA,NA,NA,NA,NA,NA,NA,NA,NA,NA,NA,NA,NA,NA,NA,NA,NA,NA,NA,NA,NA,NA,NA,NA,NA,NA,NA,NA,NA,NA,NA,NA,NA,NA,NA,NA,NA,NA,NA,NA,NA,NA,NA,NA,NA,NA,NA,NA,NA,NA,NA,NA,NA,NA,NA,NA,NA,NA,NA,NA,NA,NA,NA,NA,NA,NA,NA,NA,NA,NA,NA,NA,NA,NA,NA,NA,NA,NA,NA,NA,NA,NA,NA,NA,NA,NA,NA,NA,NA,NA,NA,NA,NA,NA,NA,NA,NA,NA,NA,NA,NA,NA,NA,NA,NA,NA,NA,NA,NA,NA,NA,NA,NA,NA,NA,NA,NA,NA,NA,NA,NA,NA,NA,NA,NA,NA,NA,NA,NA,NA,NA,NA,NA,NA,NA,NA,NA,NA,NA,NA,NA,NA,NA,NA,NA,NA,NA,NA,NA,NA,NA,NA,NA,NA,NA,NA,NA,NA,NA,NA,NA,NA,NA,NA,NA,NA,NA,NA,NA,NA,NA,NA,NA,NA,NA,NA,NA,NA,NA,NA,NA,NA,NA,NA,NA,NA,NA,NA,NA,NA,NA,NA,NA,NA,NA,NA,NA,NA,NA,NA,NA,NA,NA,NA,NA,NA,NA,NA,NA,NA,NA,NA,NA,NA,NA,NA,NA,NA,"PIMCO Low Duration Portfolio","Open-End Mutual Fund"
"17","32P8B6BZ084LSNAF2753","32P8B6BZ084LSNAF2753",200,"32P8B6BZ084LSNAF2753","BLACKROCK GLOBAL ALLOCATION FUND, INC.","en",NA,NA,"en","c/o THE CORPORATION TRUST, INCORPORATED, 2405 YORK ROAD, SUITE 201",NA,NA,NA,"LUTHERVILLE TIMONIUM","US-MD","US","21093-2264","en","c/o BLACKROCK ADVISORS, LLC, c/o CORPORATION SERVICE COMPANY, 251 LITTLE FALLS DRIVE",NA,NA,"c/o BLACKROCK ADVISORS, LLC","WILMINGTON","US-DE","US","19808","RA000665",NA,"0000834237","US-MD","FUND","HLR4",NA,NA,NA,"ACTIVE",NA,NA,NA,NA,NA,1988-06-08 22:00:00,NA,NA,NA,2012-10-11 13:42:00,2025-11-15 12:06:59,"ISSUED",2026-12-15 10:36:38,"5299000J2N45DDNE4Y28","FULLY_CORROBORATED","RA000665",NA,"0000834237",NA,NA,NA,NA,NA,28122845,"CONFORMING","https://api.gleif.org/api/v1/lei-records/32P8B6BZ084LSNAF2753/managing-lou","https://api.gleif.org/api/v1/lei-records/32P8B6BZ084LSNAF2753/lei-issuer","https://api.gleif.org/api/v1/lei-records/32P8B6BZ084LSNAF2753/field-modifications","https://api.gleif.org/api/v1/lei-records/32P8B6BZ084LSNAF2753/direct-parent-reporting-exception","https://api.gleif.org/api/v1/lei-records/32P8B6BZ084LSNAF2753/ultimate-parent-reporting-exception","https://api.gleif.org/api/v1/lei-records/32P8B6BZ084LSNAF2753/fund-manager","https://api.gleif.org/api/v1/lei-records/32P8B6BZ084LSNAF2753/fund-manager-relationship",TRUE,NA,NA,NA,NA,NA,NA,NA,NA,NA,NA,NA,NA,NA,NA,NA,NA,NA,NA,NA,NA,NA,NA,NA,NA,NA,NA,NA,"https://api.gleif.org/api/v1/lei-records/32P8B6BZ084LSNAF2753/isins",NA,NA,NA,NA,NA,NA,NA,NA,NA,NA,NA,NA,NA,NA,NA,NA,NA,NA,NA,NA,NA,NA,NA,NA,NA,NA,NA,NA,NA,NA,NA,NA,NA,NA,NA,NA,NA,NA,NA,NA,NA,NA,NA,NA,NA,NA,NA,NA,NA,NA,NA,NA,NA,NA,NA,NA,NA,NA,NA,NA,NA,NA,NA,NA,NA,NA,NA,NA,NA,NA,NA,NA,NA,NA,NA,NA,NA,NA,NA,NA,NA,NA,NA,NA,NA,NA,NA,NA,NA,NA,NA,NA,NA,NA,NA,NA,NA,NA,NA,NA,NA,NA,NA,NA,NA,NA,NA,NA,NA,NA,NA,NA,NA,NA,NA,NA,NA,NA,NA,NA,NA,NA,NA,NA,NA,NA,NA,NA,NA,NA,NA,NA,NA,NA,NA,NA,NA,NA,NA,NA,NA,NA,NA,NA,NA,NA,NA,NA,NA,NA,NA,NA,NA,NA,NA,NA,NA,NA,NA,NA,NA,NA,NA,NA,NA,NA,NA,NA,NA,NA,NA,NA,NA,NA,NA,NA,NA,NA,NA,NA,NA,NA,NA,NA,NA,NA,NA,NA,NA,NA,NA,NA,NA,NA,NA,NA,NA,NA,NA,NA,NA,NA,NA,NA,NA,NA,NA,NA,NA,NA,NA,NA,NA,NA,NA,NA,NA,NA,NA,NA,NA,NA,NA,NA,NA,NA,"BlackRock Global Allocation Fund, Inc.","Open-End Mutual Fund"
"18","3CU9FRQHZNVN4LV55I64","3CU9FRQHZNVN4LV55I64",200,"3CU9FRQHZNVN4LV55I64","BlackRock Global Allocation V.I. Fund","en",NA,NA,"en","c/o THE CORPORATION TRUST, INCORPORATED, 2405 YORK ROAD, SUITE 201",NA,NA,NA,"LUTHERVILLE-TIMONIUM","US-MD","US","21093-2264","en","c/o BLACKROCK ADVISORS, LLC, c/o CORPORATION SERVICE COMPANY, 251 LITTLE FALLS DRIVE",NA,NA,"c/o BLACKROCK ADVISORS, LLC","WILMINGTON","US-DE","US","19808","RA000665",NA,"S000002887","US-MD","FUND","8888","Trust",NA,NA,"ACTIVE",NA,NA,NA,NA,NA,1992-02-27 23:00:00,NA,NA,NA,2012-10-11 13:43:00,2025-11-07 13:15:53,"ISSUED",2026-12-15 10:35:38,"5299000J2N45DDNE4Y28","FULLY_CORROBORATED","RA000665",NA,"S000002887",NA,NA,NA,NA,NA,28152599,"CONFORMING","https://api.gleif.org/api/v1/lei-records/3CU9FRQHZNVN4LV55I64/managing-lou","https://api.gleif.org/api/v1/lei-records/3CU9FRQHZNVN4LV55I64/lei-issuer","https://api.gleif.org/api/v1/lei-records/3CU9FRQHZNVN4LV55I64/field-modifications","https://api.gleif.org/api/v1/lei-records/3CU9FRQHZNVN4LV55I64/direct-parent-reporting-exception","https://api.gleif.org/api/v1/lei-records/3CU9FRQHZNVN4LV55I64/ultimate-parent-reporting-exception","https://api.gleif.org/api/v1/lei-records/3CU9FRQHZNVN4LV55I64/fund-manager","https://api.gleif.org/api/v1/lei-records/3CU9FRQHZNVN4LV55I64/fund-manager-relationship",TRUE,NA,NA,NA,NA,NA,NA,NA,NA,NA,NA,NA,NA,"https://api.gleif.org/api/v1/lei-records/3CU9FRQHZNVN4LV55I64/umbrella-fund","https://api.gleif.org/api/v1/lei-records/3CU9FRQHZNVN4LV55I64/umbrella-fund-relationship",NA,NA,NA,NA,NA,NA,NA,NA,NA,NA,NA,NA,NA,NA,NA,NA,NA,NA,NA,NA,NA,NA,NA,NA,NA,NA,NA,NA,NA,NA,NA,NA,NA,NA,NA,NA,NA,NA,NA,NA,NA,NA,NA,NA,NA,NA,NA,NA,NA,NA,NA,NA,NA,NA,NA,NA,NA,NA,NA,NA,NA,NA,NA,NA,NA,NA,NA,NA,NA,NA,NA,NA,NA,NA,NA,NA,NA,NA,NA,NA,NA,NA,NA,NA,NA,NA,NA,NA,NA,NA,NA,NA,NA,NA,NA,NA,NA,NA,NA,NA,NA,NA,NA,NA,NA,NA,NA,NA,NA,NA,NA,NA,NA,NA,NA,NA,NA,NA,NA,NA,NA,NA,NA,NA,NA,NA,NA,NA,NA,NA,NA,NA,NA,NA,NA,NA,NA,NA,NA,NA,NA,NA,NA,NA,NA,NA,NA,NA,NA,NA,NA,NA,NA,NA,NA,NA,NA,NA,NA,NA,NA,NA,NA,NA,NA,NA,NA,NA,NA,NA,NA,NA,NA,NA,NA,NA,NA,NA,NA,NA,NA,NA,NA,NA,NA,NA,NA,NA,NA,NA,NA,NA,NA,NA,NA,NA,NA,NA,NA,NA,NA,NA,NA,NA,NA,NA,NA,NA,NA,NA,NA,NA,NA,NA,NA,NA,NA,NA,NA,NA,NA,NA,NA,NA,NA,NA,NA,NA,NA,NA,NA,NA,NA,NA,NA,NA,NA,NA,NA,NA,"BlackRock Global Allocation V.I. Fund","Open-End Mutual Fund"
"19","3FB0L8OH80Z6N1SBMD85","3FB0L8OH80Z6N1SBMD85",200,"3FB0L8OH80Z6N1SBMD85","SA PIMCO Global Bond Opportunities Portfolio","en",NA,NA,"en","C/O THE PRENTICE-HALL CORPORATION SYSTEM, INC.",NA,NA,NA,"BOSTON","US-MA","US","02109","en","C/O SunAmerica Asset Management, LLC",NA,NA,NA,"Jersey City","US-NJ","US","07302","RA000665",NA,"S000008097","US","FUND","8888","Fund",NA,NA,"ACTIVE",NA,NA,NA,NA,NA,1993-07-01 00:00:00,NA,NA,NA,2012-11-28 00:00:00,2025-10-24 11:53:19,"ISSUED",2026-11-03 00:00:00,"5493001KJTIIGC8Y1R12","FULLY_CORROBORATED","RA000665",NA,"S000008097",NA,NA,NA,NA,NA,44153490,"CONFORMING","https://api.gleif.org/api/v1/lei-records/3FB0L8OH80Z6N1SBMD85/managing-lou","https://api.gleif.org/api/v1/lei-records/3FB0L8OH80Z6N1SBMD85/lei-issuer","https://api.gleif.org/api/v1/lei-records/3FB0L8OH80Z6N1SBMD85/field-modifications","https://api.gleif.org/api/v1/lei-records/3FB0L8OH80Z6N1SBMD85/direct-parent-reporting-exception","https://api.gleif.org/api/v1/lei-records/3FB0L8OH80Z6N1SBMD85/ultimate-parent-reporting-exception","https://api.gleif.org/api/v1/lei-records/3FB0L8OH80Z6N1SBMD85/fund-manager","https://api.gleif.org/api/v1/lei-records/3FB0L8OH80Z6N1SBMD85/fund-manager-relationship",TRUE,NA,"SA Goldman Sachs Global Bond Portfolio","en","PREVIOUS_LEGAL_NAME","84 STATE ST.","30 Hudson Street","STANDALONE","SUPPORTING_DOCUMENTS",2024-04-29 00:00:00,2024-04-29 00:00:00,"CHANGE_LEGAL_NAME","COMPLETED","https://api.gleif.org/api/v1/lei-records/3FB0L8OH80Z6N1SBMD85/umbrella-fund","https://api.gleif.org/api/v1/lei-records/3FB0L8OH80Z6N1SBMD85/umbrella-fund-relationship","16th Floor",NA,NA,NA,NA,NA,NA,NA,NA,NA,NA,NA,NA,NA,NA,NA,NA,NA,NA,NA,NA,NA,NA,NA,NA,NA,NA,NA,NA,NA,NA,NA,NA,NA,NA,NA,NA,NA,NA,NA,NA,NA,NA,NA,NA,NA,NA,NA,NA,NA,NA,NA,NA,NA,NA,NA,NA,NA,NA,NA,NA,NA,NA,NA,NA,NA,NA,NA,NA,NA,NA,NA,NA,NA,NA,NA,NA,NA,NA,NA,NA,NA,NA,NA,NA,NA,NA,NA,NA,NA,NA,NA,NA,NA,NA,NA,NA,NA,NA,NA,NA,NA,NA,NA,NA,NA,NA,NA,NA,NA,NA,NA,NA,NA,NA,NA,NA,NA,NA,NA,NA,NA,NA,NA,NA,NA,NA,NA,NA,NA,NA,NA,NA,NA,NA,NA,NA,NA,NA,NA,NA,NA,NA,NA,NA,NA,NA,NA,NA,NA,NA,NA,NA,NA,NA,NA,NA,NA,NA,NA,NA,NA,NA,NA,NA,NA,NA,NA,NA,NA,NA,NA,NA,NA,NA,NA,NA,NA,NA,NA,NA,NA,NA,NA,NA,NA,NA,NA,NA,NA,NA,NA,NA,NA,NA,NA,NA,NA,NA,NA,NA,NA,NA,NA,NA,NA,NA,NA,NA,NA,NA,NA,NA,NA,NA,NA,NA,NA,NA,NA,NA,NA,NA,NA,NA,NA,NA,NA,NA,NA,NA,NA,NA,NA,NA,NA,NA,NA,NA,NA,"SA Goldman Sachs Global Bond Portfolio","Open-End Mutual Fund"
"20","3J24L49YUVS4LPAV0F85","3J24L49YUVS4LPAV0F85",200,"3J24L49YUVS4LPAV0F85","Goldman Sachs Managed Futures Strategy Fund","en",NA,NA,"en","1201 NORTH MARKET ST FL 18",NA,NA,"c/o DELAWARE CORPORATION ORGANIZERS, INC.","WILMINGTON","US-DE","US","19801","en","200 WEST STREET",NA,NA,"c/o GOLDMAN SACHS ASSET MANAGEMENT, L.P.","NEW YORK","US-NY","US","10282","RA000665",NA,"S000034856","US-DE","FUND","8888","Fund",NA,NA,"ACTIVE",NA,NA,NA,NA,NA,2012-02-29 00:00:00,NA,NA,NA,2012-10-11 22:47:00,2026-02-13 10:40:35,"ISSUED",2027-02-21 23:32:22,"529900T8BM49AURSDO55","PARTIALLY_CORROBORATED","RA000665",NA,"S000034856",NA,NA,NA,NA,NA,158650447,"CONFORMING","https://api.gleif.org/api/v1/lei-records/3J24L49YUVS4LPAV0F85/managing-lou","https://api.gleif.org/api/v1/lei-records/3J24L49YUVS4LPAV0F85/lei-issuer","https://api.gleif.org/api/v1/lei-records/3J24L49YUVS4LPAV0F85/field-modifications","https://api.gleif.org/api/v1/lei-records/3J24L49YUVS4LPAV0F85/direct-parent-reporting-exception","https://api.gleif.org/api/v1/lei-records/3J24L49YUVS4LPAV0F85/ultimate-parent-reporting-exception","https://api.gleif.org/api/v1/lei-records/3J24L49YUVS4LPAV0F85/fund-manager","https://api.gleif.org/api/v1/lei-records/3J24L49YUVS4LPAV0F85/fund-manager-relationship",TRUE,NA,NA,NA,NA,"P.O. BOX 1347",NA,NA,NA,NA,NA,NA,NA,"https://api.gleif.org/api/v1/lei-records/3J24L49YUVS4LPAV0F85/umbrella-fund","https://api.gleif.org/api/v1/lei-records/3J24L49YUVS4LPAV0F85/umbrella-fund-relationship",NA,NA,NA,NA,NA,NA,NA,NA,NA,NA,NA,NA,NA,NA,NA,NA,NA,NA,NA,NA,NA,NA,NA,NA,NA,NA,NA,NA,NA,NA,NA,NA,NA,NA,NA,NA,NA,NA,NA,NA,NA,NA,NA,NA,NA,NA,NA,NA,NA,NA,NA,NA,NA,NA,NA,NA,NA,NA,NA,NA,NA,NA,NA,NA,NA,NA,NA,NA,NA,NA,NA,NA,NA,NA,NA,NA,NA,NA,NA,NA,NA,NA,NA,NA,NA,NA,NA,NA,NA,NA,NA,NA,NA,NA,NA,NA,NA,NA,NA,NA,NA,NA,NA,NA,NA,NA,NA,NA,NA,NA,NA,NA,NA,NA,NA,NA,NA,NA,NA,NA,NA,NA,NA,NA,NA,NA,NA,NA,NA,NA,NA,NA,NA,NA,NA,NA,NA,NA,NA,NA,NA,NA,NA,NA,NA,NA,NA,NA,NA,NA,NA,NA,NA,NA,NA,NA,NA,NA,NA,NA,NA,NA,NA,NA,NA,NA,NA,NA,NA,NA,NA,NA,NA,NA,NA,NA,NA,NA,NA,NA,NA,NA,NA,NA,NA,NA,NA,NA,NA,NA,NA,NA,NA,NA,NA,NA,NA,NA,NA,NA,NA,NA,NA,NA,NA,NA,NA,NA,NA,NA,NA,NA,NA,NA,NA,NA,NA,NA,NA,NA,NA,NA,NA,NA,NA,NA,NA,NA,NA,NA,NA,NA,NA,NA,NA,NA,NA,NA,NA,NA,"Goldman Sachs Managed Futures Strategy Fund","Open-End Mutual Fund"
"21","3KMZTL8PZ5381E27RD29","3KMZTL8PZ5381E27RD29",200,"3KMZTL8PZ5381E27RD29","PIMCO Emerging Markets Local Currency and Bond Fund","en",NA,NA,"en","C/O C T CORPORATION SYSTEM",NA,NA,NA,"BOSTON","US-MA","US","02110","en","C/O PACIFIC INVESTMENT MANAGEMENT COMPANY LLC",NA,NA,NA,"NEWPORT BEACH","US-CA","US","92660","RA000665",NA,"S000014994","US","FUND","8888","SUB-FUND",NA,NA,"ACTIVE",NA,NA,NA,NA,NA,2012-10-18 00:00:00,NA,NA,NA,2012-10-19 08:02:00,2025-06-19 06:11:54,"ISSUED",2026-07-07 00:00:00,"5493001KJTIIGC8Y1R12","FULLY_CORROBORATED","RA000665",NA,"S000014994",NA,NA,NA,NA,NA,60046860,"CONFORMING","https://api.gleif.org/api/v1/lei-records/3KMZTL8PZ5381E27RD29/managing-lou","https://api.gleif.org/api/v1/lei-records/3KMZTL8PZ5381E27RD29/lei-issuer","https://api.gleif.org/api/v1/lei-records/3KMZTL8PZ5381E27RD29/field-modifications","https://api.gleif.org/api/v1/lei-records/3KMZTL8PZ5381E27RD29/direct-parent-reporting-exception","https://api.gleif.org/api/v1/lei-records/3KMZTL8PZ5381E27RD29/ultimate-parent-reporting-exception","https://api.gleif.org/api/v1/lei-records/3KMZTL8PZ5381E27RD29/fund-manager","https://api.gleif.org/api/v1/lei-records/3KMZTL8PZ5381E27RD29/fund-manager-relationship",TRUE,NA,"PIMCO Funds - PIMCO Emerging Local Bond Fund","en","PREVIOUS_LEGAL_NAME","155 FEDERAL ST.","650 NEWPORT CENTER DRIVE",NA,NA,NA,NA,NA,NA,"https://api.gleif.org/api/v1/lei-records/3KMZTL8PZ5381E27RD29/umbrella-fund","https://api.gleif.org/api/v1/lei-records/3KMZTL8PZ5381E27RD29/umbrella-fund-relationship",NA,NA,NA,NA,NA,NA,"SUITE 700",NA,NA,NA,NA,NA,NA,NA,NA,NA,NA,NA,NA,NA,NA,NA,NA,NA,NA,NA,NA,NA,NA,NA,NA,NA,NA,NA,NA,NA,NA,NA,NA,NA,NA,NA,NA,NA,NA,NA,NA,NA,NA,NA,NA,NA,NA,NA,NA,NA,NA,NA,NA,NA,NA,NA,NA,NA,NA,NA,NA,NA,NA,NA,NA,NA,NA,NA,NA,NA,NA,NA,NA,NA,NA,NA,NA,NA,NA,NA,NA,NA,NA,NA,NA,NA,NA,NA,NA,NA,NA,NA,NA,NA,NA,NA,NA,NA,NA,NA,NA,NA,NA,NA,NA,NA,NA,NA,NA,NA,NA,NA,NA,NA,NA,NA,NA,NA,NA,NA,NA,NA,NA,NA,NA,NA,NA,NA,NA,NA,NA,NA,NA,NA,NA,NA,NA,NA,NA,NA,NA,NA,NA,NA,NA,NA,NA,NA,NA,NA,NA,NA,NA,NA,NA,NA,NA,NA,NA,NA,NA,NA,NA,NA,NA,NA,NA,NA,NA,NA,NA,NA,NA,NA,NA,NA,NA,NA,NA,NA,NA,NA,NA,NA,NA,NA,NA,NA,NA,NA,NA,NA,NA,NA,NA,NA,NA,NA,NA,NA,NA,NA,NA,NA,NA,NA,NA,NA,NA,NA,NA,NA,NA,NA,NA,NA,NA,NA,NA,NA,NA,NA,NA,NA,NA,NA,NA,NA,NA,NA,NA,NA,NA,NA,"PIMCO Emerging Markets Local Currency and Bond Fund","Open-End Mutual Fund"
"22","4D0OP9VY0PK1J6L3W040","4D0OP9VY0PK1J6L3W040",200,"4D0OP9VY0PK1J6L3W040","High-Yield Bond Portfolio","en",NA,NA,"en","c/o CORPORATION SERVICE COMPANY, 251 LITTLE FALLS DRIVE",NA,NA,NA,"WILMINGTON","US-DE","US","19808","en","c/o THE VANGUARD GROUP, INC., 100 VANGUARD BLVD",NA,NA,"c/o THE VANGUARD GROUP, INC.","MALVERN","US-PA","US","19355","RA000665",NA,"S000004402","US-DE","FUND","4FSX",NA,NA,NA,"ACTIVE",NA,NA,NA,NA,NA,2006-02-22 23:00:00,NA,NA,NA,2012-10-05 20:29:00,2025-05-08 08:33:43,"ISSUED",2026-06-24 09:55:59,"5299000J2N45DDNE4Y28","FULLY_CORROBORATED","RA000665",NA,"S000004402",NA,NA,NA,NA,NA,102338227,"CONFORMING","https://api.gleif.org/api/v1/lei-records/4D0OP9VY0PK1J6L3W040/managing-lou","https://api.gleif.org/api/v1/lei-records/4D0OP9VY0PK1J6L3W040/lei-issuer","https://api.gleif.org/api/v1/lei-records/4D0OP9VY0PK1J6L3W040/field-modifications","https://api.gleif.org/api/v1/lei-records/4D0OP9VY0PK1J6L3W040/direct-parent-reporting-exception","https://api.gleif.org/api/v1/lei-records/4D0OP9VY0PK1J6L3W040/ultimate-parent-reporting-exception","https://api.gleif.org/api/v1/lei-records/4D0OP9VY0PK1J6L3W040/fund-manager","https://api.gleif.org/api/v1/lei-records/4D0OP9VY0PK1J6L3W040/fund-manager-relationship",TRUE,NA,NA,NA,NA,NA,NA,NA,NA,NA,NA,NA,NA,"https://api.gleif.org/api/v1/lei-records/4D0OP9VY0PK1J6L3W040/umbrella-fund","https://api.gleif.org/api/v1/lei-records/4D0OP9VY0PK1J6L3W040/umbrella-fund-relationship",NA,NA,NA,NA,NA,NA,NA,NA,NA,NA,NA,NA,NA,NA,NA,NA,NA,NA,NA,NA,NA,NA,NA,NA,NA,NA,NA,NA,NA,NA,NA,NA,NA,NA,NA,NA,NA,NA,NA,NA,NA,NA,NA,NA,NA,NA,NA,NA,NA,NA,NA,NA,NA,NA,NA,NA,NA,NA,NA,NA,NA,NA,NA,NA,NA,NA,NA,NA,NA,NA,NA,NA,NA,NA,NA,NA,NA,NA,NA,NA,NA,NA,NA,NA,NA,NA,NA,NA,NA,NA,NA,NA,NA,NA,NA,NA,NA,NA,NA,NA,NA,NA,NA,NA,NA,NA,NA,NA,NA,NA,NA,NA,NA,NA,NA,NA,NA,NA,NA,NA,NA,NA,NA,NA,NA,NA,NA,NA,NA,NA,NA,NA,NA,NA,NA,NA,NA,NA,NA,NA,NA,NA,NA,NA,NA,NA,NA,NA,NA,NA,NA,NA,NA,NA,NA,NA,NA,NA,NA,NA,NA,NA,NA,NA,NA,NA,NA,NA,NA,NA,NA,NA,NA,NA,NA,NA,NA,NA,NA,NA,NA,NA,NA,NA,NA,NA,NA,NA,NA,NA,NA,NA,NA,NA,NA,NA,NA,NA,NA,NA,NA,NA,NA,NA,NA,NA,NA,NA,NA,NA,NA,NA,NA,NA,NA,NA,NA,NA,NA,NA,NA,NA,NA,NA,NA,NA,NA,NA,NA,NA,NA,NA,NA,NA,NA,NA,NA,NA,NA,NA,"HIGH-YIELD BOND PORTFOLIO","Open-End Mutual Fund"
"23","4DW003P2NT3VNILVWA58","4DW003P2NT3VNILVWA58",200,"4DW003P2NT3VNILVWA58","International Income Portfolio","en",NA,NA,"en","One Post Office Square",NA,NA,NA,"Boston","US-MA","US","02109","en","C/O BOSTON MANAGEMENT AND RESEARCH",NA,NA,NA,"BOSTON","US-MA","US","02109","RA000665",NA,"0001394396","US","FUND","8888","FUND",NA,NA,"ACTIVE",NA,NA,NA,NA,NA,2009-12-14 00:00:00,NA,NA,NA,2012-11-28 14:52:00,2025-08-17 14:34:40,"ISSUED",2026-09-06 15:58:05,"5493001KJTIIGC8Y1R12","FULLY_CORROBORATED","RA000665",NA,"0001394396",NA,NA,NA,NA,NA,109021302,"CONFORMING","https://api.gleif.org/api/v1/lei-records/4DW003P2NT3VNILVWA58/managing-lou","https://api.gleif.org/api/v1/lei-records/4DW003P2NT3VNILVWA58/lei-issuer","https://api.gleif.org/api/v1/lei-records/4DW003P2NT3VNILVWA58/field-modifications","https://api.gleif.org/api/v1/lei-records/4DW003P2NT3VNILVWA58/direct-parent-reporting-exception","https://api.gleif.org/api/v1/lei-records/4DW003P2NT3VNILVWA58/ultimate-parent-reporting-exception","https://api.gleif.org/api/v1/lei-records/4DW003P2NT3VNILVWA58/fund-manager","https://api.gleif.org/api/v1/lei-records/4DW003P2NT3VNILVWA58/fund-manager-relationship",TRUE,NA,NA,NA,NA,NA,"ONE POST OFFICE SQUARE",NA,NA,NA,NA,NA,NA,NA,NA,NA,NA,NA,NA,NA,NA,NA,NA,NA,NA,NA,NA,NA,NA,NA,NA,NA,NA,NA,NA,NA,NA,NA,NA,NA,NA,NA,NA,NA,NA,NA,NA,NA,NA,NA,NA,NA,NA,NA,NA,NA,NA,NA,NA,NA,NA,NA,NA,NA,NA,NA,NA,NA,NA,NA,NA,NA,NA,NA,NA,NA,NA,NA,NA,NA,NA,NA,NA,NA,NA,NA,NA,NA,NA,NA,NA,NA,NA,NA,NA,NA,NA,NA,NA,NA,NA,NA,NA,NA,NA,NA,NA,NA,NA,NA,NA,NA,NA,NA,NA,NA,NA,NA,NA,NA,NA,NA,NA,NA,NA,NA,NA,NA,NA,NA,NA,NA,NA,NA,NA,NA,NA,NA,NA,NA,NA,NA,NA,NA,NA,NA,NA,NA,NA,NA,NA,NA,NA,NA,NA,NA,NA,NA,NA,NA,NA,NA,NA,NA,NA,NA,NA,NA,NA,NA,NA,NA,NA,NA,NA,NA,NA,NA,NA,NA,NA,NA,NA,NA,NA,NA,NA,NA,NA,NA,NA,NA,NA,NA,NA,NA,NA,NA,NA,NA,NA,NA,NA,NA,NA,NA,NA,NA,NA,NA,NA,NA,NA,NA,NA,NA,NA,NA,NA,NA,NA,NA,NA,NA,NA,NA,NA,NA,NA,NA,NA,NA,NA,NA,NA,NA,NA,NA,NA,NA,NA,NA,NA,NA,NA,NA,NA,NA,NA,NA,NA,NA,NA,NA,NA,"International Income Portfolio","Open-End Mutual Fund"
"24","4J0QTYYKWTDXQFW9VU43","4J0QTYYKWTDXQFW9VU43",200,"4J0QTYYKWTDXQFW9VU43","CTIVP - BlackRock Global Inflation-Protected Securities Fund","en",NA,NA,"en","c/o CSC CORPORATION SYSTEM, 84 STATE ST.",NA,NA,NA,"BOSTON","US-MA","US","02109","en","c/o Columbia Management Investment Advisers, LLC, c/o C T Corporation System Inc, 1010 Dale St N",NA,NA,"c/o Columbia Management Investment Advisers, LLC","St Paul","US-MN","US","55117-5603","RA000665",NA,"S000019839","US-MA","FUND","Z73Z",NA,NA,NA,"ACTIVE",NA,NA,NA,NA,NA,2007-09-27 22:00:00,NA,NA,NA,2012-11-02 18:17:00,2026-02-21 07:49:41,"ISSUED",2027-03-21 11:12:49,"5299000J2N45DDNE4Y28","FULLY_CORROBORATED","RA000665",NA,"S000019839",NA,NA,NA,NA,NA,107250126,"CONFORMING","https://api.gleif.org/api/v1/lei-records/4J0QTYYKWTDXQFW9VU43/managing-lou","https://api.gleif.org/api/v1/lei-records/4J0QTYYKWTDXQFW9VU43/lei-issuer","https://api.gleif.org/api/v1/lei-records/4J0QTYYKWTDXQFW9VU43/field-modifications","https://api.gleif.org/api/v1/lei-records/4J0QTYYKWTDXQFW9VU43/direct-parent-reporting-exception","https://api.gleif.org/api/v1/lei-records/4J0QTYYKWTDXQFW9VU43/ultimate-parent-reporting-exception","https://api.gleif.org/api/v1/lei-records/4J0QTYYKWTDXQFW9VU43/fund-manager","https://api.gleif.org/api/v1/lei-records/4J0QTYYKWTDXQFW9VU43/fund-manager-relationship",TRUE,NA,NA,NA,NA,NA,NA,NA,NA,NA,NA,NA,NA,"https://api.gleif.org/api/v1/lei-records/4J0QTYYKWTDXQFW9VU43/umbrella-fund","https://api.gleif.org/api/v1/lei-records/4J0QTYYKWTDXQFW9VU43/umbrella-fund-relationship",NA,NA,NA,NA,NA,NA,NA,NA,NA,NA,NA,NA,NA,NA,NA,NA,NA,NA,NA,NA,NA,NA,NA,NA,NA,NA,NA,NA,NA,NA,NA,NA,NA,NA,NA,NA,NA,NA,NA,NA,NA,NA,NA,NA,NA,NA,NA,NA,NA,NA,NA,NA,NA,NA,NA,NA,NA,NA,NA,NA,NA,NA,NA,NA,NA,NA,NA,NA,NA,NA,NA,NA,NA,NA,NA,NA,NA,NA,NA,NA,NA,NA,NA,NA,NA,NA,NA,NA,NA,NA,NA,NA,NA,NA,NA,NA,NA,NA,NA,NA,NA,NA,NA,NA,NA,NA,NA,NA,NA,NA,NA,NA,NA,NA,NA,NA,NA,NA,NA,NA,NA,NA,NA,NA,NA,NA,NA,NA,NA,NA,NA,NA,NA,NA,NA,NA,NA,NA,NA,NA,NA,NA,NA,NA,NA,NA,NA,NA,NA,NA,NA,NA,NA,NA,NA,NA,NA,NA,NA,NA,NA,NA,NA,NA,NA,NA,NA,NA,NA,NA,NA,NA,NA,NA,NA,NA,NA,NA,NA,NA,NA,NA,NA,NA,NA,NA,NA,NA,NA,NA,NA,NA,NA,NA,NA,NA,NA,NA,NA,NA,NA,NA,NA,NA,NA,NA,NA,NA,NA,NA,NA,NA,NA,NA,NA,NA,NA,NA,NA,NA,NA,NA,NA,NA,NA,NA,NA,NA,NA,NA,NA,NA,NA,NA,NA,NA,NA,NA,NA,NA,"CTIVP - BlackRock Global Inflation-Protected Securities Fund","Open-End Mutual Fund"
"25","5299001LKKSPPM1BLL20","5299001LKKSPPM1BLL20",200,"5299001LKKSPPM1BLL20","iShares Total Return Active ETF","en",NA,NA,"en","c/o THE CORPORATION TRUST COMPANY, CORPORATION TRUST CENTER 1209 ORANGE ST",NA,NA,NA,"Wilmington","US-DE","US","19801","en","c/o BlackRock Fund Advisors, c/o TERRI SLANE, 400 Howard Street",NA,NA,"c/o BlackRock Fund Advisors","San Francisco","US-CA","US","94105","RA000665",NA,"S000083073","US-DE","FUND","4FSX",NA,NA,NA,"ACTIVE",NA,NA,NA,NA,NA,2023-09-07 22:00:00,NA,NA,NA,2023-11-09 09:32:07,2025-09-27 07:51:51,"ISSUED",2026-11-09 09:32:07,"5299000J2N45DDNE4Y28","FULLY_CORROBORATED","RA000665",NA,"S000083073",NA,NA,NA,NA,NA,1858327481,"CONFORMING","https://api.gleif.org/api/v1/lei-records/5299001LKKSPPM1BLL20/managing-lou","https://api.gleif.org/api/v1/lei-records/5299001LKKSPPM1BLL20/lei-issuer","https://api.gleif.org/api/v1/lei-records/5299001LKKSPPM1BLL20/field-modifications","https://api.gleif.org/api/v1/lei-records/5299001LKKSPPM1BLL20/direct-parent-reporting-exception","https://api.gleif.org/api/v1/lei-records/5299001LKKSPPM1BLL20/ultimate-parent-reporting-exception","https://api.gleif.org/api/v1/lei-records/5299001LKKSPPM1BLL20/fund-manager","https://api.gleif.org/api/v1/lei-records/5299001LKKSPPM1BLL20/fund-manager-relationship",TRUE,NA,"BlackRock Total Return ETF","en","PREVIOUS_LEGAL_NAME",NA,NA,"STANDALONE","SUPPORTING_DOCUMENTS",2024-10-09 22:00:00,2024-10-10 13:38:53,"CHANGE_LEGAL_NAME","COMPLETED","https://api.gleif.org/api/v1/lei-records/5299001LKKSPPM1BLL20/umbrella-fund","https://api.gleif.org/api/v1/lei-records/5299001LKKSPPM1BLL20/umbrella-fund-relationship",NA,NA,NA,NA,NA,NA,NA,NA,NA,NA,NA,NA,NA,NA,NA,NA,NA,NA,NA,NA,NA,NA,NA,NA,NA,NA,NA,NA,NA,NA,NA,NA,NA,NA,NA,NA,NA,NA,NA,NA,NA,NA,NA,NA,NA,NA,NA,NA,NA,NA,NA,NA,NA,NA,NA,NA,NA,NA,NA,NA,NA,NA,NA,NA,NA,NA,NA,NA,NA,NA,NA,NA,NA,NA,NA,NA,NA,NA,NA,NA,NA,NA,NA,NA,NA,NA,NA,NA,NA,NA,NA,NA,NA,NA,NA,NA,NA,NA,NA,NA,NA,NA,NA,NA,NA,NA,NA,NA,NA,NA,NA,NA,NA,NA,NA,NA,NA,NA,NA,NA,NA,NA,NA,NA,NA,NA,NA,NA,NA,NA,NA,NA,NA,NA,NA,NA,NA,NA,NA,NA,NA,NA,NA,NA,NA,NA,NA,NA,NA,NA,NA,NA,NA,NA,NA,NA,NA,NA,NA,NA,NA,NA,NA,NA,NA,NA,NA,NA,NA,NA,NA,NA,NA,NA,NA,NA,NA,NA,NA,NA,NA,NA,NA,NA,NA,NA,NA,NA,NA,NA,NA,NA,NA,NA,NA,NA,NA,NA,NA,NA,NA,NA,NA,NA,NA,NA,NA,NA,NA,NA,NA,NA,NA,NA,NA,NA,NA,NA,NA,NA,NA,NA,NA,NA,NA,NA,NA,NA,NA,NA,NA,NA,NA,NA,NA,NA,NA,NA,NA,NA,"BlackRock Total Return ETF","ETF"
"26","5299008ELWKMLX9XJP73","5299008ELWKMLX9XJP73",200,"5299008ELWKMLX9XJP73","iShares Flexible Income Active ETF","en",NA,NA,"en","c/o THE CORPORATION TRUST COMPANY, CORPORATION TRUST CENTER 1209 ORANGE ST",NA,NA,NA,"WILMINGTON","US-DE","US","19801","en","c/o BLACKROCK FUND ADVISORS, c/o TERRI SLANE; 400 HOWARD STREET",NA,NA,"c/o BLACKROCK FUND ADVISORS","San Francisco","US-CA","US","94105","RA000665",NA,"S000080411","US-DE","FUND","4FSX",NA,NA,NA,"ACTIVE",NA,NA,NA,NA,NA,2023-02-28 23:00:00,NA,NA,NA,2023-04-06 10:58:21,2026-03-19 12:30:10,"ISSUED",2027-04-06 10:58:21,"5299000J2N45DDNE4Y28","FULLY_CORROBORATED","RA000665",NA,"S000080411",NA,NA,NA,NA,NA,1829362433,"CONFORMING","https://api.gleif.org/api/v1/lei-records/5299008ELWKMLX9XJP73/managing-lou","https://api.gleif.org/api/v1/lei-records/5299008ELWKMLX9XJP73/lei-issuer","https://api.gleif.org/api/v1/lei-records/5299008ELWKMLX9XJP73/field-modifications","https://api.gleif.org/api/v1/lei-records/5299008ELWKMLX9XJP73/direct-parent-reporting-exception","https://api.gleif.org/api/v1/lei-records/5299008ELWKMLX9XJP73/ultimate-parent-reporting-exception","https://api.gleif.org/api/v1/lei-records/5299008ELWKMLX9XJP73/fund-manager","https://api.gleif.org/api/v1/lei-records/5299008ELWKMLX9XJP73/fund-manager-relationship",TRUE,NA,"BlackRock Flexible Income ETF","en","PREVIOUS_LEGAL_NAME",NA,NA,"STANDALONE","SUPPORTING_DOCUMENTS",2025-02-17 23:00:00,2025-02-18 11:23:51,"CHANGE_LEGAL_FORM","COMPLETED","https://api.gleif.org/api/v1/lei-records/5299008ELWKMLX9XJP73/umbrella-fund","https://api.gleif.org/api/v1/lei-records/5299008ELWKMLX9XJP73/umbrella-fund-relationship",NA,NA,NA,NA,NA,NA,NA,"STANDALONE","SUPPORTING_DOCUMENTS",2025-02-17 23:00:00,2025-02-18 11:23:51,"CHANGE_HQ_ADDRESS","COMPLETED",NA,NA,NA,NA,NA,NA,NA,NA,NA,NA,NA,NA,NA,NA,NA,NA,NA,NA,NA,NA,"STANDALONE","SUPPORTING_DOCUMENTS",2024-10-13 22:00:00,2024-10-14 12:59:28,"CHANGE_LEGAL_NAME","COMPLETED","STANDALONE","SUPPORTING_DOCUMENTS",2024-02-08 23:00:00,2024-02-09 15:40:57,"CHANGE_LEGAL_ADDRESS","COMPLETED",NA,NA,NA,NA,NA,NA,NA,NA,NA,NA,NA,NA,NA,NA,NA,NA,NA,NA,NA,NA,NA,NA,NA,NA,NA,NA,NA,NA,NA,NA,NA,NA,NA,NA,NA,NA,NA,NA,NA,NA,NA,NA,NA,NA,NA,NA,NA,NA,NA,NA,NA,NA,NA,NA,NA,NA,NA,NA,NA,NA,NA,NA,NA,NA,NA,NA,NA,NA,NA,NA,NA,NA,NA,NA,NA,NA,NA,NA,NA,NA,NA,NA,NA,NA,NA,NA,NA,NA,NA,NA,NA,NA,NA,NA,NA,NA,NA,NA,NA,NA,NA,NA,NA,NA,NA,NA,NA,NA,NA,NA,NA,NA,NA,NA,NA,NA,NA,NA,NA,NA,NA,NA,NA,NA,NA,NA,NA,NA,NA,NA,NA,NA,NA,NA,NA,NA,NA,NA,NA,NA,NA,NA,NA,NA,NA,NA,NA,NA,NA,NA,NA,NA,NA,NA,NA,NA,NA,NA,NA,NA,NA,NA,NA,NA,NA,NA,NA,NA,NA,NA,NA,NA,NA,NA,NA,NA,NA,NA,NA,NA,NA,NA,NA,NA,NA,NA,NA,NA,NA,NA,NA,NA,NA,NA,NA,"BlackRock Flexible Income ETF","ETF"
"27","529900C7LH6OLSV03524","529900C7LH6OLSV03524",200,"529900C7LH6OLSV03524","iShares Managed Futures Active ETF","en",NA,NA,"en","c/o THE CORPORATION TRUST COMPANY, CORPORATION TRUST CENTER 1209 ORANGE ST",NA,NA,NA,"Wilmington","US-DE","US","19801","en","c/o BLACKROCK FUND ADVISORS, c/o TERRI SLANE, 400 Howard Street",NA,NA,"c/o BLACKROCK FUND ADVISORS","San Francisco","US-CA","US","94105","RA000665",NA,"S000090448","US-DE","FUND","4FSX",NA,NA,NA,"ACTIVE",NA,NA,NA,NA,NA,2024-12-03 23:00:00,NA,NA,NA,2025-02-07 09:11:13,2025-12-16 10:43:00,"ISSUED",2027-02-07 09:11:13,"5299000J2N45DDNE4Y28","FULLY_CORROBORATED","RA000665",NA,"S000090448",NA,NA,NA,NA,NA,1917288807,"CONFORMING","https://api.gleif.org/api/v1/lei-records/529900C7LH6OLSV03524/managing-lou","https://api.gleif.org/api/v1/lei-records/529900C7LH6OLSV03524/lei-issuer","https://api.gleif.org/api/v1/lei-records/529900C7LH6OLSV03524/field-modifications","https://api.gleif.org/api/v1/lei-records/529900C7LH6OLSV03524/direct-parent-reporting-exception","https://api.gleif.org/api/v1/lei-records/529900C7LH6OLSV03524/ultimate-parent-reporting-exception","https://api.gleif.org/api/v1/lei-records/529900C7LH6OLSV03524/fund-manager","https://api.gleif.org/api/v1/lei-records/529900C7LH6OLSV03524/fund-manager-relationship",TRUE,NA,NA,NA,NA,NA,NA,NA,NA,NA,NA,NA,NA,"https://api.gleif.org/api/v1/lei-records/529900C7LH6OLSV03524/umbrella-fund","https://api.gleif.org/api/v1/lei-records/529900C7LH6OLSV03524/umbrella-fund-relationship",NA,NA,NA,NA,NA,NA,NA,NA,NA,NA,NA,NA,NA,NA,NA,NA,NA,NA,NA,NA,NA,NA,NA,NA,NA,NA,NA,NA,NA,NA,NA,NA,NA,NA,NA,NA,NA,NA,NA,NA,NA,NA,NA,NA,NA,NA,NA,NA,NA,NA,NA,NA,NA,NA,NA,NA,NA,NA,NA,NA,NA,NA,NA,NA,NA,NA,NA,NA,NA,NA,NA,NA,NA,NA,NA,NA,NA,NA,NA,NA,NA,NA,NA,NA,NA,NA,NA,NA,NA,NA,NA,NA,NA,NA,NA,NA,NA,NA,NA,NA,NA,NA,NA,NA,NA,NA,NA,NA,NA,NA,NA,NA,NA,NA,NA,NA,NA,NA,NA,NA,NA,NA,NA,NA,NA,NA,NA,NA,NA,NA,NA,NA,NA,NA,NA,NA,NA,NA,NA,NA,NA,NA,NA,NA,NA,NA,NA,NA,NA,NA,NA,NA,NA,NA,NA,NA,NA,NA,NA,NA,NA,NA,NA,NA,NA,NA,NA,NA,NA,NA,NA,NA,NA,NA,NA,NA,NA,NA,NA,NA,NA,NA,NA,NA,NA,NA,NA,NA,NA,NA,NA,NA,NA,NA,NA,NA,NA,NA,NA,NA,NA,NA,NA,NA,NA,NA,NA,NA,NA,NA,NA,NA,NA,NA,NA,NA,NA,NA,NA,NA,NA,NA,NA,NA,NA,NA,NA,NA,NA,NA,NA,NA,NA,NA,NA,NA,NA,NA,NA,NA,"iShares Managed Futures Active ETF","ETF"
"28","529900DDJ5HBW49XWV44","529900DDJ5HBW49XWV44",200,"529900DDJ5HBW49XWV44","BATS: High Income Taxable Series","en",NA,NA,"en","c/o THE CORPORATION TRUST COMPANY, CORPORATION TRUST CENTER 1209 ORANGE ST",NA,NA,NA,"Wilmington","US-DE","US","19801","en","c/o BlackRock Advisors, LLC, c/o CORPORATION SERVICE COMPANY, 251 LITTLE FALLS DRIVE",NA,NA,"c/o BlackRock Advisors, LLC","Wilmington","US-DE","US","19808","RA000665",NA,"S000084041","US-DE","FUND","8888","Trust",NA,NA,"ACTIVE",NA,NA,NA,NA,NA,2023-11-28 23:00:00,NA,NA,NA,2024-01-03 14:01:07,2025-11-20 09:30:30,"ISSUED",2027-01-03 14:01:07,"5299000J2N45DDNE4Y28","FULLY_CORROBORATED","RA000665",NA,"S000084041",NA,NA,NA,NA,NA,1865630663,"CONFORMING","https://api.gleif.org/api/v1/lei-records/529900DDJ5HBW49XWV44/managing-lou","https://api.gleif.org/api/v1/lei-records/529900DDJ5HBW49XWV44/lei-issuer","https://api.gleif.org/api/v1/lei-records/529900DDJ5HBW49XWV44/field-modifications","https://api.gleif.org/api/v1/lei-records/529900DDJ5HBW49XWV44/direct-parent-reporting-exception","https://api.gleif.org/api/v1/lei-records/529900DDJ5HBW49XWV44/ultimate-parent-reporting-exception","https://api.gleif.org/api/v1/lei-records/529900DDJ5HBW49XWV44/fund-manager","https://api.gleif.org/api/v1/lei-records/529900DDJ5HBW49XWV44/fund-manager-relationship",TRUE,NA,"Series I Portfolio","en","PREVIOUS_LEGAL_NAME",NA,NA,"STANDALONE","SUPPORTING_DOCUMENTS",2025-09-30 22:00:00,2025-10-01 14:06:52,"CHANGE_LEGAL_NAME","COMPLETED","https://api.gleif.org/api/v1/lei-records/529900DDJ5HBW49XWV44/umbrella-fund","https://api.gleif.org/api/v1/lei-records/529900DDJ5HBW49XWV44/umbrella-fund-relationship",NA,NA,NA,NA,NA,NA,NA,"STANDALONE","SUPPORTING_DOCUMENTS",2024-11-17 23:00:00,2024-11-18 08:51:45,"CHANGE_LEGAL_ADDRESS","COMPLETED",NA,NA,NA,NA,NA,NA,NA,NA,NA,NA,NA,NA,NA,NA,NA,NA,NA,NA,NA,NA,NA,NA,NA,NA,NA,NA,NA,NA,NA,NA,NA,NA,NA,NA,NA,NA,NA,NA,NA,NA,NA,NA,NA,NA,NA,NA,NA,NA,NA,NA,NA,NA,NA,NA,NA,NA,NA,NA,NA,NA,NA,NA,NA,NA,NA,NA,NA,NA,NA,NA,NA,NA,NA,NA,NA,NA,NA,NA,NA,NA,NA,NA,NA,NA,NA,NA,NA,NA,NA,NA,NA,NA,NA,NA,NA,NA,NA,NA,NA,NA,NA,NA,NA,NA,NA,NA,NA,NA,NA,NA,NA,NA,NA,NA,NA,NA,NA,NA,NA,NA,NA,NA,NA,NA,NA,NA,NA,NA,NA,NA,NA,NA,NA,NA,NA,NA,NA,NA,NA,NA,NA,NA,NA,NA,NA,NA,NA,NA,NA,NA,NA,NA,NA,NA,NA,NA,NA,NA,NA,NA,NA,NA,NA,NA,NA,NA,NA,NA,NA,NA,NA,NA,NA,NA,NA,NA,NA,NA,NA,NA,NA,NA,NA,NA,NA,NA,NA,NA,NA,NA,NA,NA,NA,NA,NA,NA,NA,NA,NA,NA,NA,NA,NA,NA,NA,NA,NA,NA,NA,NA,NA,NA,NA,NA,NA,NA,NA,NA,NA,NA,NA,NA,NA,NA,NA,NA,NA,"BlackRock Allocation Target Shares: Series I Portfolio","Open-End Mutual Fund"
"29","529900L8PU1B65289D41","529900L8PU1B65289D41",200,"529900L8PU1B65289D41","iShares Global Government Bond USD Hedged Active ETF","en",NA,NA,"en","c/o THE CORPORATION TRUST COMPANY, CORPORATION TRUST CENTER 1209 ORANGE ST",NA,NA,NA,"WILMINGTON","US-DE","US","19801","en","c/o BLACKROCK FUND ADVISORS, c/o TERRI SLANE, 400 HOWARD STREET",NA,NA,"c/o BLACKROCK FUND ADVISORS","San Francisco","US-CA","US","94105","RA000665",NA,"S000092377","US-DE","FUND","4FSX",NA,NA,NA,"ACTIVE",NA,NA,NA,NA,NA,2025-02-26 23:00:00,NA,NA,NA,2025-04-25 07:02:58,2026-04-13 07:04:24,"ISSUED",2027-04-25 07:02:58,"5299000J2N45DDNE4Y28","FULLY_CORROBORATED","RA000665",NA,"S000092377",NA,NA,NA,NA,NA,1933877200,"CONFORMING","https://api.gleif.org/api/v1/lei-records/529900L8PU1B65289D41/managing-lou","https://api.gleif.org/api/v1/lei-records/529900L8PU1B65289D41/lei-issuer","https://api.gleif.org/api/v1/lei-records/529900L8PU1B65289D41/field-modifications","https://api.gleif.org/api/v1/lei-records/529900L8PU1B65289D41/direct-parent-reporting-exception","https://api.gleif.org/api/v1/lei-records/529900L8PU1B65289D41/ultimate-parent-reporting-exception","https://api.gleif.org/api/v1/lei-records/529900L8PU1B65289D41/fund-manager","https://api.gleif.org/api/v1/lei-records/529900L8PU1B65289D41/fund-manager-relationship",TRUE,NA,NA,NA,NA,NA,NA,NA,NA,NA,NA,NA,NA,"https://api.gleif.org/api/v1/lei-records/529900L8PU1B65289D41/umbrella-fund","https://api.gleif.org/api/v1/lei-records/529900L8PU1B65289D41/umbrella-fund-relationship",NA,NA,NA,NA,NA,NA,NA,NA,NA,NA,NA,NA,NA,NA,NA,NA,NA,NA,NA,NA,NA,NA,NA,NA,NA,NA,NA,NA,NA,NA,NA,NA,NA,NA,NA,NA,NA,NA,NA,NA,NA,NA,NA,NA,NA,NA,NA,NA,NA,NA,NA,NA,NA,NA,NA,NA,NA,NA,NA,NA,NA,NA,NA,NA,NA,NA,NA,NA,NA,NA,NA,NA,NA,NA,NA,NA,NA,NA,NA,NA,NA,NA,NA,NA,NA,NA,NA,NA,NA,NA,NA,NA,NA,NA,NA,NA,NA,NA,NA,NA,NA,NA,NA,NA,NA,NA,NA,NA,NA,NA,NA,NA,NA,NA,NA,NA,NA,NA,NA,NA,NA,NA,NA,NA,NA,NA,NA,NA,NA,NA,NA,NA,NA,NA,NA,NA,NA,NA,NA,NA,NA,NA,NA,NA,NA,NA,NA,NA,NA,NA,NA,NA,NA,NA,NA,NA,NA,NA,NA,NA,NA,NA,NA,NA,NA,NA,NA,NA,NA,NA,NA,NA,NA,NA,NA,NA,NA,NA,NA,NA,NA,NA,NA,NA,NA,NA,NA,NA,NA,NA,NA,NA,NA,NA,NA,NA,NA,NA,NA,NA,NA,NA,NA,NA,NA,NA,NA,NA,NA,NA,NA,NA,NA,NA,NA,NA,NA,NA,NA,NA,NA,NA,NA,NA,NA,NA,NA,NA,NA,NA,NA,NA,NA,NA,NA,NA,NA,NA,NA,NA,"iShares Global Government Bond USD Hedged Active ETF","ETF"
"30","529900M1OP8LB56TRC63","529900M1OP8LB56TRC63",200,"529900M1OP8LB56TRC63","iShares Paris-Aligned Climate Optimized MSCI World ex USA ETF","en",NA,NA,"en","c/o THE CORPORATION TRUST COMPANY, CORPORATION TRUST CENTER, 1209 ORANGE ST",NA,NA,NA,"WILMINGTON","US-DE","US","19801","en","c/o BlackRock Fund Advisors, 400 Howard Street",NA,NA,"c/o BlackRock Fund Advisors","San Francisco","US-CA","US","94105","RA000665",NA,"S000083456","US-DE","FUND","4FSX",NA,NA,NA,"ACTIVE",NA,NA,NA,NA,NA,2023-11-13 23:00:00,NA,NA,NA,2023-11-29 09:05:27,2025-10-24 14:01:59,"ISSUED",2026-11-29 09:05:27,"5299000J2N45DDNE4Y28","FULLY_CORROBORATED","RA000665",NA,"S000083456",NA,NA,NA,NA,NA,1861550453,"CONFORMING","https://api.gleif.org/api/v1/lei-records/529900M1OP8LB56TRC63/managing-lou","https://api.gleif.org/api/v1/lei-records/529900M1OP8LB56TRC63/lei-issuer","https://api.gleif.org/api/v1/lei-records/529900M1OP8LB56TRC63/field-modifications","https://api.gleif.org/api/v1/lei-records/529900M1OP8LB56TRC63/direct-parent-reporting-exception","https://api.gleif.org/api/v1/lei-records/529900M1OP8LB56TRC63/ultimate-parent-reporting-exception","https://api.gleif.org/api/v1/lei-records/529900M1OP8LB56TRC63/fund-manager","https://api.gleif.org/api/v1/lei-records/529900M1OP8LB56TRC63/fund-manager-relationship",TRUE,NA,"iShares Paris-Aligned Climate MSCI World ex USA ETF","en","PREVIOUS_LEGAL_NAME",NA,NA,"STANDALONE","SUPPORTING_DOCUMENTS",2025-06-01 22:00:00,2025-06-02 05:43:03,"CHANGE_LEGAL_NAME","COMPLETED","https://api.gleif.org/api/v1/lei-records/529900M1OP8LB56TRC63/umbrella-fund","https://api.gleif.org/api/v1/lei-records/529900M1OP8LB56TRC63/umbrella-fund-relationship",NA,NA,NA,NA,NA,NA,NA,NA,NA,NA,NA,NA,NA,NA,NA,NA,NA,NA,NA,NA,NA,NA,NA,NA,NA,NA,NA,NA,NA,NA,NA,NA,NA,NA,NA,NA,NA,NA,NA,NA,NA,NA,NA,NA,NA,NA,NA,NA,NA,NA,NA,NA,NA,NA,NA,NA,NA,NA,NA,NA,NA,NA,NA,NA,NA,NA,NA,NA,NA,NA,NA,NA,NA,NA,NA,NA,NA,NA,NA,NA,NA,NA,NA,NA,NA,NA,NA,NA,NA,NA,NA,NA,NA,NA,NA,NA,NA,NA,NA,NA,NA,NA,NA,NA,NA,NA,NA,NA,NA,NA,NA,NA,NA,NA,NA,NA,NA,NA,NA,NA,NA,NA,NA,NA,NA,NA,NA,NA,NA,NA,NA,NA,NA,NA,NA,NA,NA,NA,NA,NA,NA,NA,NA,NA,NA,NA,NA,NA,NA,NA,NA,NA,NA,NA,NA,NA,NA,NA,NA,NA,NA,NA,NA,NA,NA,NA,NA,NA,NA,NA,NA,NA,NA,NA,NA,NA,NA,NA,NA,NA,NA,NA,NA,NA,NA,NA,NA,NA,NA,NA,NA,NA,NA,NA,NA,NA,NA,NA,NA,NA,NA,NA,NA,NA,NA,NA,NA,NA,NA,NA,NA,NA,NA,NA,NA,NA,NA,NA,NA,NA,NA,NA,NA,NA,NA,NA,NA,NA,NA,NA,NA,NA,NA,NA,NA,NA,NA,NA,NA,NA,"iShares Paris-Aligned Climate MSCI World ex USA ETF","ETF"
"31","541YGIXZ6JJP4EZDJI96","541YGIXZ6JJP4EZDJI96",200,"541YGIXZ6JJP4EZDJI96","MORGAN STANLEY EMERGING MARKETS DOMESTIC DEBT FUND, INC.","en",NA,NA,"en","C/O THE CORPORATION TRUST, INCORPORATED",NA,NA,NA,"LUTHERVILLE TIMONIUM","US-MD","US","21093-2252","en","C/O Morgan Stanley Investment Management Inc.",NA,NA,NA,"New York","US-NY","US","10036","RA000665",NA,"0001388141","US","FUND","8888","FUND",NA,NA,"ACTIVE",NA,NA,NA,NA,NA,2007-01-24 00:00:00,NA,NA,NA,2012-06-06 15:52:00,2025-04-14 08:51:47,"ISSUED",2026-05-07 15:14:07,"5493001KJTIIGC8Y1R12","FULLY_CORROBORATED","RA000665",NA,"0001388141",NA,NA,NA,NA,NA,34049597,"CONFORMING","https://api.gleif.org/api/v1/lei-records/541YGIXZ6JJP4EZDJI96/managing-lou","https://api.gleif.org/api/v1/lei-records/541YGIXZ6JJP4EZDJI96/lei-issuer","https://api.gleif.org/api/v1/lei-records/541YGIXZ6JJP4EZDJI96/field-modifications","https://api.gleif.org/api/v1/lei-records/541YGIXZ6JJP4EZDJI96/direct-parent-reporting-exception","https://api.gleif.org/api/v1/lei-records/541YGIXZ6JJP4EZDJI96/ultimate-parent-reporting-exception","https://api.gleif.org/api/v1/lei-records/541YGIXZ6JJP4EZDJI96/fund-manager","https://api.gleif.org/api/v1/lei-records/541YGIXZ6JJP4EZDJI96/fund-manager-relationship",TRUE,NA,NA,NA,NA,"2405 YORK ROAD","522 Fifth Avenue",NA,NA,NA,NA,NA,NA,NA,NA,NA,NA,NA,NA,NA,NA,"SUITE 201",NA,NA,NA,NA,NA,NA,"https://api.gleif.org/api/v1/lei-records/541YGIXZ6JJP4EZDJI96/isins",NA,NA,NA,NA,NA,NA,NA,NA,NA,NA,NA,NA,NA,NA,NA,NA,NA,NA,NA,NA,NA,NA,NA,NA,NA,NA,NA,NA,NA,NA,NA,NA,NA,NA,NA,NA,NA,NA,NA,NA,NA,NA,NA,NA,NA,NA,NA,NA,NA,NA,NA,NA,NA,NA,NA,NA,NA,NA,NA,NA,NA,NA,NA,NA,NA,NA,NA,NA,NA,NA,NA,NA,NA,NA,NA,NA,NA,NA,NA,NA,NA,NA,NA,NA,NA,NA,NA,NA,NA,NA,NA,NA,NA,NA,NA,NA,NA,NA,NA,NA,NA,NA,NA,NA,NA,NA,NA,NA,NA,NA,NA,NA,NA,NA,NA,NA,NA,NA,NA,NA,NA,NA,NA,NA,NA,NA,NA,NA,NA,NA,NA,NA,NA,NA,NA,NA,NA,NA,NA,NA,NA,NA,NA,NA,NA,NA,NA,NA,NA,NA,NA,NA,NA,NA,NA,NA,NA,NA,NA,NA,NA,NA,NA,NA,NA,NA,NA,NA,NA,NA,NA,NA,NA,NA,NA,NA,NA,NA,NA,NA,NA,NA,NA,NA,NA,NA,NA,NA,NA,NA,NA,NA,NA,NA,NA,NA,NA,NA,NA,NA,NA,NA,NA,NA,NA,NA,NA,NA,NA,NA,NA,NA,NA,NA,NA,NA,NA,NA,NA,NA,NA,NA,NA,NA,NA,NA,"Morgan Stanley Emerging Markets Domestic Debt Fund, Inc.","Closed-End Fund"
"32","5493000GFQP1EZBJDY50","5493000GFQP1EZBJDY50",200,"5493000GFQP1EZBJDY50","PIMCO Multisector Bond Active Exchange-Traded Fund","en",NA,NA,"en","C/O THE CORPORATION TRUST COMPANY",NA,NA,NA,"WILMINGTON","US-DE","US","19801","en","C/O Pacific Investment Management Company LLC",NA,NA,NA,"Dover","US-DE","US","19904","RA000665",NA,"S000080425","US","FUND","8888","FUND",NA,NA,"ACTIVE",NA,NA,NA,NA,NA,2023-03-02 00:00:00,NA,NA,NA,2023-05-15 07:44:42,2026-01-22 18:51:40,"ISSUED",2027-02-15 07:44:42,"5493001KJTIIGC8Y1R12","FULLY_CORROBORATED","RA000665",NA,"S000080425",NA,NA,NA,NA,NA,1835233450,"CONFORMING","https://api.gleif.org/api/v1/lei-records/5493000GFQP1EZBJDY50/managing-lou","https://api.gleif.org/api/v1/lei-records/5493000GFQP1EZBJDY50/lei-issuer","https://api.gleif.org/api/v1/lei-records/5493000GFQP1EZBJDY50/field-modifications","https://api.gleif.org/api/v1/lei-records/5493000GFQP1EZBJDY50/direct-parent-reporting-exception","https://api.gleif.org/api/v1/lei-records/5493000GFQP1EZBJDY50/ultimate-parent-reporting-exception","https://api.gleif.org/api/v1/lei-records/5493000GFQP1EZBJDY50/fund-manager","https://api.gleif.org/api/v1/lei-records/5493000GFQP1EZBJDY50/fund-manager-relationship",TRUE,NA,NA,NA,NA,"CORPORATION TRUST CENTER","838 Walker Road",NA,NA,NA,NA,NA,NA,"https://api.gleif.org/api/v1/lei-records/5493000GFQP1EZBJDY50/umbrella-fund","https://api.gleif.org/api/v1/lei-records/5493000GFQP1EZBJDY50/umbrella-fund-relationship","Suite 21-2",NA,NA,NA,NA,NA,"1209 ORANGE ST",NA,NA,NA,NA,NA,NA,NA,NA,NA,NA,NA,NA,NA,NA,NA,NA,NA,NA,NA,NA,NA,NA,NA,NA,NA,NA,NA,NA,NA,NA,NA,NA,NA,NA,NA,NA,NA,NA,NA,NA,NA,NA,NA,NA,NA,NA,NA,NA,NA,NA,NA,NA,NA,NA,NA,NA,NA,NA,NA,NA,NA,NA,NA,NA,NA,NA,NA,NA,NA,NA,NA,NA,NA,NA,NA,NA,NA,NA,NA,NA,NA,NA,NA,NA,NA,NA,NA,NA,NA,NA,NA,NA,NA,NA,NA,NA,NA,NA,NA,NA,NA,NA,NA,NA,NA,NA,NA,NA,NA,NA,NA,NA,NA,NA,NA,NA,NA,NA,NA,NA,NA,NA,NA,NA,NA,NA,NA,NA,NA,NA,NA,NA,NA,NA,NA,NA,NA,NA,NA,NA,NA,NA,NA,NA,NA,NA,NA,NA,NA,NA,NA,NA,NA,NA,NA,NA,NA,NA,NA,NA,NA,NA,NA,NA,NA,NA,NA,NA,NA,NA,NA,NA,NA,NA,NA,NA,NA,NA,NA,NA,NA,NA,NA,NA,NA,NA,NA,NA,NA,NA,NA,NA,NA,NA,NA,NA,NA,NA,NA,NA,NA,NA,NA,NA,NA,NA,NA,NA,NA,NA,NA,NA,NA,NA,NA,NA,NA,NA,NA,NA,NA,NA,NA,NA,NA,NA,NA,NA,NA,NA,NA,NA,NA,"PIMCO Multisector Bond Active Exchange-Traded Fund","ETF"
"33","5493000IN0VJK5DV3698","5493000IN0VJK5DV3698",200,"5493000IN0VJK5DV3698","iShares MSCI ACWI ex U.S. ETF","en",NA,NA,"en","c/o THE CORPORATION TRUST COMPANY, CORPORATION TRUST CENTER 1209 ORANGE ST",NA,NA,NA,"WILMINGTON","US-DE","US","19801","en","c/o BLACKROCK FUND ADVISORS, c/o TERRI SLANE, 400 HOWARD ST",NA,NA,"c/o BLACKROCK FUND ADVISORS","SAN FRANCISCO","US-CA","US","94105","RA000665",NA,"S000021460","US-DE","FUND","8888","Trust",NA,NA,"ACTIVE",NA,NA,NA,NA,NA,2008-03-11 23:00:00,NA,NA,NA,2012-12-24 10:13:00,2025-11-07 13:52:36,"ISSUED",2026-12-15 10:28:56,"5299000J2N45DDNE4Y28","FULLY_CORROBORATED","RA000665",NA,"S000021460",NA,NA,NA,NA,NA,42958679,"CONFORMING","https://api.gleif.org/api/v1/lei-records/5493000IN0VJK5DV3698/managing-lou","https://api.gleif.org/api/v1/lei-records/5493000IN0VJK5DV3698/lei-issuer","https://api.gleif.org/api/v1/lei-records/5493000IN0VJK5DV3698/field-modifications","https://api.gleif.org/api/v1/lei-records/5493000IN0VJK5DV3698/direct-parent-reporting-exception","https://api.gleif.org/api/v1/lei-records/5493000IN0VJK5DV3698/ultimate-parent-reporting-exception","https://api.gleif.org/api/v1/lei-records/5493000IN0VJK5DV3698/fund-manager","https://api.gleif.org/api/v1/lei-records/5493000IN0VJK5DV3698/fund-manager-relationship",TRUE,NA,NA,NA,NA,NA,NA,"STANDALONE","SUPPORTING_DOCUMENTS",2025-11-06 23:00:00,2025-11-07 13:52:36,"CHANGE_HQ_ADDRESS","COMPLETED","https://api.gleif.org/api/v1/lei-records/5493000IN0VJK5DV3698/umbrella-fund","https://api.gleif.org/api/v1/lei-records/5493000IN0VJK5DV3698/umbrella-fund-relationship",NA,NA,NA,NA,NA,NA,NA,NA,NA,NA,NA,NA,NA,NA,NA,NA,NA,NA,NA,NA,NA,NA,NA,NA,NA,NA,NA,NA,NA,NA,NA,NA,NA,NA,NA,NA,NA,NA,NA,NA,NA,NA,NA,NA,NA,NA,NA,NA,NA,NA,NA,NA,NA,NA,NA,NA,NA,NA,NA,NA,NA,NA,NA,NA,NA,NA,NA,NA,NA,NA,NA,NA,NA,NA,NA,NA,NA,NA,NA,NA,NA,NA,NA,NA,NA,NA,NA,NA,NA,NA,NA,NA,NA,NA,NA,NA,NA,NA,NA,NA,NA,NA,NA,NA,NA,NA,NA,NA,NA,NA,NA,NA,NA,NA,NA,NA,NA,NA,NA,NA,NA,NA,NA,NA,NA,NA,NA,NA,NA,NA,NA,NA,NA,NA,NA,NA,NA,NA,NA,NA,NA,NA,NA,NA,NA,NA,NA,NA,NA,NA,NA,NA,NA,NA,NA,NA,NA,NA,NA,NA,NA,NA,NA,NA,NA,NA,NA,NA,NA,NA,NA,NA,NA,NA,NA,NA,NA,NA,NA,NA,NA,NA,NA,NA,NA,NA,NA,NA,NA,NA,NA,NA,NA,NA,NA,NA,NA,NA,NA,NA,NA,NA,NA,NA,NA,NA,NA,NA,NA,NA,NA,NA,NA,NA,NA,NA,NA,NA,NA,NA,NA,NA,NA,NA,NA,NA,NA,NA,NA,NA,NA,NA,NA,NA,NA,NA,NA,NA,NA,NA,"iShares MSCI ACWI ex U.S. ETF","ETF"
"34","5493000JF5O0V70QEH55","5493000JF5O0V70QEH55",200,"5493000JF5O0V70QEH55","SA Schroders VCP Global Allocation Portfolio","en",NA,NA,"en","C/O THE PRENTICE-HALL CORPORATION SYSTEM, INC.",NA,NA,NA,"BOSTON","US-MA","US","02109","en","C/O SunAmerica Asset Management, LLC",NA,NA,NA,"Jersey City","US-NJ","US","07302","RA000665",NA,"S000052511","US","FUND","8888","Fund",NA,NA,"ACTIVE",NA,NA,NA,NA,NA,2016-01-25 00:00:00,NA,NA,NA,2015-12-10 21:34:00,2025-10-24 11:53:18,"ISSUED",2026-11-03 00:00:00,"5493001KJTIIGC8Y1R12","FULLY_CORROBORATED","RA000665",NA,"S000052511",NA,NA,NA,NA,NA,316047909,"CONFORMING","https://api.gleif.org/api/v1/lei-records/5493000JF5O0V70QEH55/managing-lou","https://api.gleif.org/api/v1/lei-records/5493000JF5O0V70QEH55/lei-issuer","https://api.gleif.org/api/v1/lei-records/5493000JF5O0V70QEH55/field-modifications","https://api.gleif.org/api/v1/lei-records/5493000JF5O0V70QEH55/direct-parent-reporting-exception","https://api.gleif.org/api/v1/lei-records/5493000JF5O0V70QEH55/ultimate-parent-reporting-exception","https://api.gleif.org/api/v1/lei-records/5493000JF5O0V70QEH55/fund-manager","https://api.gleif.org/api/v1/lei-records/5493000JF5O0V70QEH55/fund-manager-relationship",TRUE,NA,NA,NA,NA,"84 STATE ST.","30 Hudson Street",NA,NA,NA,NA,NA,NA,"https://api.gleif.org/api/v1/lei-records/5493000JF5O0V70QEH55/umbrella-fund","https://api.gleif.org/api/v1/lei-records/5493000JF5O0V70QEH55/umbrella-fund-relationship","16th Floor",NA,NA,NA,NA,NA,NA,NA,NA,NA,NA,NA,NA,NA,NA,NA,NA,NA,NA,NA,NA,NA,NA,NA,NA,NA,NA,NA,NA,NA,NA,NA,NA,NA,NA,NA,NA,NA,NA,NA,NA,NA,NA,NA,NA,NA,NA,NA,NA,NA,NA,NA,NA,NA,NA,NA,NA,NA,NA,NA,NA,NA,NA,NA,NA,NA,NA,NA,NA,NA,NA,NA,NA,NA,NA,NA,NA,NA,NA,NA,NA,NA,NA,NA,NA,NA,NA,NA,NA,NA,NA,NA,NA,NA,NA,NA,NA,NA,NA,NA,NA,NA,NA,NA,NA,NA,NA,NA,NA,NA,NA,NA,NA,NA,NA,NA,NA,NA,NA,NA,NA,NA,NA,NA,NA,NA,NA,NA,NA,NA,NA,NA,NA,NA,NA,NA,NA,NA,NA,NA,NA,NA,NA,NA,NA,NA,NA,NA,NA,NA,NA,NA,NA,NA,NA,NA,NA,NA,NA,NA,NA,NA,NA,NA,NA,NA,NA,NA,NA,NA,NA,NA,NA,NA,NA,NA,NA,NA,NA,NA,NA,NA,NA,NA,NA,NA,NA,NA,NA,NA,NA,NA,NA,NA,NA,NA,NA,NA,NA,NA,NA,NA,NA,NA,NA,NA,NA,NA,NA,NA,NA,NA,NA,NA,NA,NA,NA,NA,NA,NA,NA,NA,NA,NA,NA,NA,NA,NA,NA,NA,NA,NA,NA,NA,NA,NA,NA,NA,NA,NA,"SA Schroders VCP Global Allocation Portfolio","Open-End Mutual Fund"
"35","5493000KJHTQW5I5L936","5493000KJHTQW5I5L936",200,"5493000KJHTQW5I5L936","iShares Core MSCI Total International Stock ETF","en",NA,NA,"en","c/o THE CORPORATION TRUST COMPANY, CORPORATION TRUST CENTER 1209 ORANGE ST",NA,NA,NA,"WILMINGTON","US-DE","US","19801","en","c/o BLACKROCK FUND ADVISORS, C/O TERRI SLANE, 400 HOWARD STREET",NA,NA,"c/o BLACKROCK FUND ADVISORS","San Francisco","US-CA","US","94105","RA000665",NA,"S000038931","US-DE","FUND","4FSX",NA,NA,NA,"ACTIVE",NA,NA,NA,NA,NA,2012-08-19 22:00:00,NA,NA,NA,2013-04-11 16:01:00,2025-11-12 05:44:24,"ISSUED",2026-12-27 10:12:00,"5299000J2N45DDNE4Y28","FULLY_CORROBORATED","RA000665",NA,"S000038931",NA,NA,NA,NA,NA,223235654,"CONFORMING","https://api.gleif.org/api/v1/lei-records/5493000KJHTQW5I5L936/managing-lou","https://api.gleif.org/api/v1/lei-records/5493000KJHTQW5I5L936/lei-issuer","https://api.gleif.org/api/v1/lei-records/5493000KJHTQW5I5L936/field-modifications","https://api.gleif.org/api/v1/lei-records/5493000KJHTQW5I5L936/direct-parent-reporting-exception","https://api.gleif.org/api/v1/lei-records/5493000KJHTQW5I5L936/ultimate-parent-reporting-exception","https://api.gleif.org/api/v1/lei-records/5493000KJHTQW5I5L936/fund-manager","https://api.gleif.org/api/v1/lei-records/5493000KJHTQW5I5L936/fund-manager-relationship",TRUE,NA,NA,NA,NA,NA,NA,"STANDALONE","SUPPORTING_DOCUMENTS",2024-11-18 23:00:00,2024-11-19 09:27:59,"CHANGE_LEGAL_FORM","COMPLETED","https://api.gleif.org/api/v1/lei-records/5493000KJHTQW5I5L936/umbrella-fund","https://api.gleif.org/api/v1/lei-records/5493000KJHTQW5I5L936/umbrella-fund-relationship",NA,NA,NA,NA,NA,NA,NA,"STANDALONE","SUPPORTING_DOCUMENTS",2024-11-18 23:00:00,2024-11-19 09:27:59,"CHANGE_HQ_ADDRESS","COMPLETED",NA,NA,NA,NA,NA,NA,NA,NA,NA,NA,NA,NA,NA,NA,NA,NA,NA,NA,NA,NA,NA,NA,NA,NA,NA,NA,NA,NA,NA,NA,NA,NA,NA,NA,NA,NA,NA,NA,NA,NA,NA,NA,NA,NA,NA,NA,NA,NA,NA,NA,NA,NA,NA,NA,NA,NA,NA,NA,NA,NA,NA,NA,NA,NA,NA,NA,NA,NA,NA,NA,NA,NA,NA,NA,NA,NA,NA,NA,NA,NA,NA,NA,NA,NA,NA,NA,NA,NA,NA,NA,NA,NA,NA,NA,NA,NA,NA,NA,NA,NA,NA,NA,NA,NA,NA,NA,NA,NA,NA,NA,NA,NA,NA,NA,NA,NA,NA,NA,NA,NA,NA,NA,NA,NA,NA,NA,NA,NA,NA,NA,NA,NA,NA,NA,NA,NA,NA,NA,NA,NA,NA,NA,NA,NA,NA,NA,NA,NA,NA,NA,NA,NA,NA,NA,NA,NA,NA,NA,NA,NA,NA,NA,NA,NA,NA,NA,NA,NA,NA,NA,NA,NA,NA,NA,NA,NA,NA,NA,NA,NA,NA,NA,NA,NA,NA,NA,NA,NA,NA,NA,NA,NA,NA,NA,NA,NA,NA,NA,NA,NA,NA,NA,NA,NA,NA,NA,NA,NA,NA,NA,NA,NA,NA,NA,NA,NA,NA,NA,NA,NA,NA,NA,NA,NA,NA,NA,NA,"iShares Core MSCI Total International Stock ETF","ETF"
"36","5493000MHFEBK9HFVF59","5493000MHFEBK9HFVF59",200,"5493000MHFEBK9HFVF59","PARTNERS GROUP NEXT GENERATION INFRASTRUCTURE, LLC","en",NA,NA,"en","C/O CORPORATION SERVICE COMPANY",NA,NA,NA,"WILMINGTON","US-DE","US","19808","en","251 LITTLE FALLS DRIVE",NA,NA,NA,"WILMINGTON","US-DE","US","19808","RA000602",NA,"7480491","US-DE","GENERAL","HZEH",NA,NA,NA,"ACTIVE",NA,NA,NA,NA,NA,2023-05-24 00:00:00,NA,NA,NA,2023-07-10 02:44:00,2025-07-14 08:53:29,"ISSUED",2026-07-14 08:53:29,"5493001KJTIIGC8Y1R12","FULLY_CORROBORATED","RA000602",NA,"7480491",NA,NA,NA,"us_de/7480491",NA,1847587943,"CONFORMING","https://api.gleif.org/api/v1/lei-records/5493000MHFEBK9HFVF59/managing-lou","https://api.gleif.org/api/v1/lei-records/5493000MHFEBK9HFVF59/lei-issuer","https://api.gleif.org/api/v1/lei-records/5493000MHFEBK9HFVF59/field-modifications","https://api.gleif.org/api/v1/lei-records/5493000MHFEBK9HFVF59/direct-parent-reporting-exception","https://api.gleif.org/api/v1/lei-records/5493000MHFEBK9HFVF59/ultimate-parent-reporting-exception",NA,NA,TRUE,NA,NA,NA,NA,"251 LITTLE FALLS DRIVE",NA,NA,NA,NA,NA,NA,NA,NA,NA,NA,NA,NA,NA,NA,NA,NA,NA,NA,NA,NA,NA,NA,NA,NA,NA,NA,NA,NA,NA,NA,NA,NA,NA,NA,NA,NA,NA,NA,NA,NA,NA,NA,NA,NA,NA,NA,NA,NA,NA,NA,NA,NA,NA,NA,NA,NA,NA,NA,NA,NA,NA,NA,NA,NA,NA,NA,NA,NA,NA,NA,NA,NA,NA,NA,NA,NA,NA,NA,NA,NA,NA,NA,NA,NA,NA,NA,NA,NA,NA,NA,NA,NA,NA,NA,NA,NA,NA,NA,NA,NA,NA,NA,NA,NA,NA,NA,NA,NA,NA,NA,NA,NA,NA,NA,NA,NA,NA,NA,NA,NA,NA,NA,NA,NA,NA,NA,NA,NA,NA,NA,NA,NA,NA,NA,NA,NA,NA,NA,NA,NA,NA,NA,NA,NA,NA,NA,NA,NA,NA,NA,NA,NA,NA,NA,NA,NA,NA,NA,NA,NA,NA,NA,NA,NA,NA,NA,NA,NA,NA,NA,NA,NA,NA,NA,NA,NA,NA,NA,NA,NA,NA,NA,NA,NA,NA,NA,NA,NA,NA,NA,NA,NA,NA,NA,NA,NA,NA,NA,NA,NA,NA,NA,NA,NA,NA,NA,NA,NA,NA,NA,NA,NA,NA,NA,NA,NA,NA,NA,NA,NA,NA,NA,NA,NA,NA,NA,NA,NA,NA,NA,NA,NA,NA,NA,NA,NA,NA,NA,NA,NA,NA,NA,NA,NA,NA,NA,NA,NA,NA,"Partners Group Next Generation Infrastructure LLC","Closed-End Fund"
"37","5493000QG7HX2Z070R94","5493000QG7HX2Z070R94",200,"5493000QG7HX2Z070R94","PIMCO Preferred and Capital Securities Fund","en",NA,NA,"en","C/O C T CORPORATION SYSTEM",NA,NA,NA,"BOSTON","US-MA","US","02110","en","C/O Pacific Investment Management Company LLC",NA,NA,NA,"Newport Beach","US-CA","US","92660","RA000665",NA,"S000048447","US","FUND","8888","FUND",NA,NA,"ACTIVE",NA,NA,NA,NA,NA,2015-04-13 00:00:00,NA,NA,NA,2015-01-29 15:29:00,2025-06-19 08:01:08,"ISSUED",2026-07-07 00:00:00,"5493001KJTIIGC8Y1R12","FULLY_CORROBORATED","RA000665",NA,"S000048447",NA,NA,NA,NA,NA,283470683,"CONFORMING","https://api.gleif.org/api/v1/lei-records/5493000QG7HX2Z070R94/managing-lou","https://api.gleif.org/api/v1/lei-records/5493000QG7HX2Z070R94/lei-issuer","https://api.gleif.org/api/v1/lei-records/5493000QG7HX2Z070R94/field-modifications","https://api.gleif.org/api/v1/lei-records/5493000QG7HX2Z070R94/direct-parent-reporting-exception","https://api.gleif.org/api/v1/lei-records/5493000QG7HX2Z070R94/ultimate-parent-reporting-exception","https://api.gleif.org/api/v1/lei-records/5493000QG7HX2Z070R94/fund-manager","https://api.gleif.org/api/v1/lei-records/5493000QG7HX2Z070R94/fund-manager-relationship",TRUE,NA,"PIMCO Funds - PIMCO Capital Securities and Financials Fund","en","PREVIOUS_LEGAL_NAME","155 FEDERAL ST.","650 Newport Center Drive",NA,NA,NA,NA,NA,NA,"https://api.gleif.org/api/v1/lei-records/5493000QG7HX2Z070R94/umbrella-fund","https://api.gleif.org/api/v1/lei-records/5493000QG7HX2Z070R94/umbrella-fund-relationship",NA,NA,NA,NA,NA,NA,"SUITE 700",NA,NA,NA,NA,NA,NA,NA,NA,NA,NA,NA,NA,NA,NA,NA,NA,NA,NA,NA,NA,NA,NA,NA,NA,NA,NA,NA,NA,NA,NA,NA,NA,NA,NA,NA,NA,NA,NA,NA,NA,NA,NA,NA,NA,NA,NA,NA,NA,NA,NA,NA,NA,NA,NA,NA,NA,NA,NA,NA,NA,NA,NA,NA,NA,NA,NA,NA,NA,NA,NA,NA,NA,NA,NA,NA,NA,NA,NA,NA,NA,NA,NA,NA,NA,NA,NA,NA,NA,NA,NA,NA,NA,NA,NA,NA,NA,NA,NA,NA,NA,NA,NA,NA,NA,NA,NA,NA,NA,NA,NA,NA,NA,NA,NA,NA,NA,NA,NA,NA,NA,NA,NA,NA,NA,NA,NA,NA,NA,NA,NA,NA,NA,NA,NA,NA,NA,NA,NA,NA,NA,NA,NA,NA,NA,NA,NA,NA,NA,NA,NA,NA,NA,NA,NA,NA,NA,NA,NA,NA,NA,NA,NA,NA,NA,NA,NA,NA,NA,NA,NA,NA,NA,NA,NA,NA,NA,NA,NA,NA,NA,NA,NA,NA,NA,NA,NA,NA,NA,NA,NA,NA,NA,NA,NA,NA,NA,NA,NA,NA,NA,NA,NA,NA,NA,NA,NA,NA,NA,NA,NA,NA,NA,NA,NA,NA,NA,NA,NA,NA,NA,NA,NA,NA,NA,NA,NA,NA,NA,NA,NA,NA,NA,NA,"PIMCO Preferred and Capital Securities Fund","Open-End Mutual Fund"
"38","5493000SBOTDGNVLKN72","5493000SBOTDGNVLKN72",200,"5493000SBOTDGNVLKN72","BlackRock Dynamic High Income Portfolio","en",NA,NA,"en","c/o THE CORPORATION TRUST COMPANY, CORPORATION TRUST CENTER 1209 ORANGE ST",NA,NA,NA,"WILMINGTON","US-DE","US","19801","en","c/o BLACKROCK ADVISORS, LLC, c/o CORPORATION SERVICE COMPANY, 251 LITTLE FALLS DRIVE",NA,NA,"c/o BLACKROCK ADVISORS, LLC","WILMINGTON","US-DE","US","19808","RA000665",NA,"S000047012","US-DE","FUND","4FSX",NA,NA,NA,"ACTIVE",NA,NA,NA,NA,NA,2014-11-02 23:00:00,NA,NA,NA,2014-10-01 01:40:00,2025-11-13 09:24:02,"ISSUED",2026-12-27 10:27:20,"5299000J2N45DDNE4Y28","FULLY_CORROBORATED","RA000665",NA,"S000047012",NA,NA,NA,NA,NA,273709141,"CONFORMING","https://api.gleif.org/api/v1/lei-records/5493000SBOTDGNVLKN72/managing-lou","https://api.gleif.org/api/v1/lei-records/5493000SBOTDGNVLKN72/lei-issuer","https://api.gleif.org/api/v1/lei-records/5493000SBOTDGNVLKN72/field-modifications","https://api.gleif.org/api/v1/lei-records/5493000SBOTDGNVLKN72/direct-parent-reporting-exception","https://api.gleif.org/api/v1/lei-records/5493000SBOTDGNVLKN72/ultimate-parent-reporting-exception","https://api.gleif.org/api/v1/lei-records/5493000SBOTDGNVLKN72/fund-manager","https://api.gleif.org/api/v1/lei-records/5493000SBOTDGNVLKN72/fund-manager-relationship",TRUE,NA,NA,NA,NA,NA,NA,"STANDALONE","SUPPORTING_DOCUMENTS",2024-11-17 23:00:00,2024-11-18 16:11:49,"CHANGE_LEGAL_FORM","COMPLETED","https://api.gleif.org/api/v1/lei-records/5493000SBOTDGNVLKN72/umbrella-fund","https://api.gleif.org/api/v1/lei-records/5493000SBOTDGNVLKN72/umbrella-fund-relationship",NA,NA,NA,NA,NA,NA,NA,"STANDALONE","SUPPORTING_DOCUMENTS",2024-11-17 23:00:00,2024-11-18 16:11:49,"CHANGE_LEGAL_ADDRESS","COMPLETED",NA,NA,NA,NA,NA,NA,NA,NA,NA,NA,NA,NA,NA,NA,NA,NA,NA,NA,NA,NA,NA,NA,NA,NA,NA,NA,NA,NA,NA,NA,NA,NA,NA,NA,NA,NA,NA,NA,NA,NA,NA,NA,NA,NA,NA,NA,NA,NA,NA,NA,NA,NA,NA,NA,NA,NA,NA,NA,NA,NA,NA,NA,NA,NA,NA,NA,NA,NA,NA,NA,NA,NA,NA,NA,NA,NA,NA,NA,NA,NA,NA,NA,NA,NA,NA,NA,NA,NA,NA,NA,NA,NA,NA,NA,NA,NA,NA,NA,NA,NA,NA,NA,NA,NA,NA,NA,NA,NA,NA,NA,NA,NA,NA,NA,NA,NA,NA,NA,NA,NA,NA,NA,NA,NA,NA,NA,NA,NA,NA,NA,NA,NA,NA,NA,NA,NA,NA,NA,NA,NA,NA,NA,NA,NA,NA,NA,NA,NA,NA,NA,NA,NA,NA,NA,NA,NA,NA,NA,NA,NA,NA,NA,NA,NA,NA,NA,NA,NA,NA,NA,NA,NA,NA,NA,NA,NA,NA,NA,NA,NA,NA,NA,NA,NA,NA,NA,NA,NA,NA,NA,NA,NA,NA,NA,NA,NA,NA,NA,NA,NA,NA,NA,NA,NA,NA,NA,NA,NA,NA,NA,NA,NA,NA,NA,NA,NA,NA,NA,NA,NA,NA,NA,NA,NA,NA,NA,NA,"BlackRock Dynamic High Income Portfolio","Open-End Mutual Fund"
"39","549300106MVSE68XN136","549300106MVSE68XN136",200,"549300106MVSE68XN136","PIMCO All Asset: Multi-RAE PLUS Fund","en",NA,NA,"en","C/O C T CORPORATION SYSTEM",NA,NA,NA,"BOSTON","US-MA","US","02110","en","C/O PACIFIC INVESTMENT MANAGEMENT COMPANY LLC",NA,NA,NA,"DOVER","US-DE","US","19904","RA000665",NA,"S000069547","US","FUND","8888","Sub-Fund",NA,NA,"ACTIVE",NA,NA,NA,NA,NA,2016-12-31 00:00:00,NA,NA,NA,2020-07-07 14:29:00,2026-01-22 18:47:08,"ISSUED",2027-02-02 14:04:15,"5493001KJTIIGC8Y1R12","FULLY_CORROBORATED","RA000665",NA,"S000069547",NA,NA,NA,NA,NA,675783247,"CONFORMING","https://api.gleif.org/api/v1/lei-records/549300106MVSE68XN136/managing-lou","https://api.gleif.org/api/v1/lei-records/549300106MVSE68XN136/lei-issuer","https://api.gleif.org/api/v1/lei-records/549300106MVSE68XN136/field-modifications","https://api.gleif.org/api/v1/lei-records/549300106MVSE68XN136/direct-parent-reporting-exception","https://api.gleif.org/api/v1/lei-records/549300106MVSE68XN136/ultimate-parent-reporting-exception","https://api.gleif.org/api/v1/lei-records/549300106MVSE68XN136/fund-manager","https://api.gleif.org/api/v1/lei-records/549300106MVSE68XN136/fund-manager-relationship",TRUE,NA,NA,NA,NA,"155 FEDERAL ST.","838 WALKER ROAD",NA,NA,NA,NA,NA,NA,"https://api.gleif.org/api/v1/lei-records/549300106MVSE68XN136/umbrella-fund","https://api.gleif.org/api/v1/lei-records/549300106MVSE68XN136/umbrella-fund-relationship","SUITE 21-2",NA,NA,NA,NA,NA,"SUITE 700",NA,NA,NA,NA,NA,NA,NA,NA,NA,NA,NA,NA,NA,NA,NA,NA,NA,NA,NA,NA,NA,NA,NA,NA,NA,NA,NA,NA,NA,NA,NA,NA,NA,NA,NA,NA,NA,NA,NA,NA,NA,NA,NA,NA,NA,NA,NA,NA,NA,NA,NA,NA,NA,NA,NA,NA,NA,NA,NA,NA,NA,NA,NA,NA,NA,NA,NA,NA,NA,NA,NA,NA,NA,NA,NA,NA,NA,NA,NA,NA,NA,NA,NA,NA,NA,NA,NA,NA,NA,NA,NA,NA,NA,NA,NA,NA,NA,NA,NA,NA,NA,NA,NA,NA,NA,NA,NA,NA,NA,NA,NA,NA,NA,NA,NA,NA,NA,NA,NA,NA,NA,NA,NA,NA,NA,NA,NA,NA,NA,NA,NA,NA,NA,NA,NA,NA,NA,NA,NA,NA,NA,NA,NA,NA,NA,NA,NA,NA,NA,NA,NA,NA,NA,NA,NA,NA,NA,NA,NA,NA,NA,NA,NA,NA,NA,NA,NA,NA,NA,NA,NA,NA,NA,NA,NA,NA,NA,NA,NA,NA,NA,NA,NA,NA,NA,NA,NA,NA,NA,NA,NA,NA,NA,NA,NA,NA,NA,NA,NA,NA,NA,NA,NA,NA,NA,NA,NA,NA,NA,NA,NA,NA,NA,NA,NA,NA,NA,NA,NA,NA,NA,NA,NA,NA,NA,NA,NA,NA,NA,NA,NA,NA,NA,"PIMCO All Asset: Multi-RAE PLUS Fund","Open-End Mutual Fund"
"40","5493001AWC45RK50G262","5493001AWC45RK50G262",200,"5493001AWC45RK50G262","LVIP BlackRock Global Allocation Fund","en",NA,NA,"en","C/O CORPORATION SERVICE COMPANY",NA,NA,NA,"WILMINGTON","US-DE","US","19808","en","C/O Lincoln Financial Investments Corporation",NA,NA,NA,"Philadelphia","US-PA","US","19087-5252","RA000665",NA,"S000065355","US","FUND","8888","FUND",NA,NA,"ACTIVE",NA,NA,NA,NA,NA,2016-12-31 00:00:00,NA,NA,NA,2019-02-11 15:33:00,2025-12-15 21:05:58,"ISSUED",2026-12-19 00:00:00,"5493001KJTIIGC8Y1R12","FULLY_CORROBORATED","RA000665",NA,"S000065355",NA,NA,NA,NA,NA,602174669,"CONFORMING","https://api.gleif.org/api/v1/lei-records/5493001AWC45RK50G262/managing-lou","https://api.gleif.org/api/v1/lei-records/5493001AWC45RK50G262/lei-issuer","https://api.gleif.org/api/v1/lei-records/5493001AWC45RK50G262/field-modifications","https://api.gleif.org/api/v1/lei-records/5493001AWC45RK50G262/direct-parent-reporting-exception","https://api.gleif.org/api/v1/lei-records/5493001AWC45RK50G262/ultimate-parent-reporting-exception","https://api.gleif.org/api/v1/lei-records/5493001AWC45RK50G262/fund-manager","https://api.gleif.org/api/v1/lei-records/5493001AWC45RK50G262/fund-manager-relationship",TRUE,NA,"LINCOLN VARIABLE INSURANCE PRODUCTS TRUST - LVIP BlackRock Global Allocation Fund","en","PREVIOUS_LEGAL_NAME","251 LITTLE FALLS DRIVE","150 North Radnor Chester Road",NA,NA,NA,NA,NA,NA,"https://api.gleif.org/api/v1/lei-records/5493001AWC45RK50G262/umbrella-fund","https://api.gleif.org/api/v1/lei-records/5493001AWC45RK50G262/umbrella-fund-relationship",NA,NA,NA,NA,NA,NA,NA,NA,NA,NA,NA,NA,NA,NA,NA,NA,NA,NA,NA,NA,NA,NA,NA,NA,NA,NA,NA,NA,NA,NA,NA,NA,NA,NA,NA,NA,NA,NA,NA,NA,NA,NA,NA,NA,NA,NA,NA,NA,NA,NA,NA,NA,NA,NA,NA,NA,NA,NA,NA,NA,NA,NA,NA,NA,NA,NA,NA,NA,NA,NA,NA,NA,NA,NA,NA,NA,NA,NA,NA,NA,NA,NA,NA,NA,NA,NA,NA,NA,NA,NA,NA,NA,NA,NA,NA,NA,NA,NA,NA,NA,NA,NA,NA,NA,NA,NA,NA,NA,NA,NA,NA,NA,NA,NA,NA,NA,NA,NA,NA,NA,NA,NA,NA,NA,NA,NA,NA,NA,NA,NA,NA,NA,NA,NA,NA,NA,NA,NA,NA,NA,NA,NA,NA,NA,NA,NA,NA,NA,NA,NA,NA,NA,NA,NA,NA,NA,NA,NA,NA,NA,NA,NA,NA,NA,NA,NA,NA,NA,NA,NA,NA,NA,NA,NA,NA,NA,NA,NA,NA,NA,NA,NA,NA,NA,NA,NA,NA,NA,NA,NA,NA,NA,NA,NA,NA,NA,NA,NA,NA,NA,NA,NA,NA,NA,NA,NA,NA,NA,NA,NA,NA,NA,NA,NA,NA,NA,NA,NA,NA,NA,NA,NA,NA,NA,NA,NA,NA,NA,NA,NA,NA,NA,NA,NA,NA,NA,NA,NA,NA,NA,"LVIP BlackRock Global Allocation Fund","Open-End Mutual Fund"
"41","5493001ZAM72PQFJBP54","5493001ZAM72PQFJBP54",200,"5493001ZAM72PQFJBP54","SA PIMCO VCP Tactical Balanced Portfolio","en",NA,NA,"en","C/O THE PRENTICE-HALL CORPORATION SYSTEM, INC.",NA,NA,NA,"BOSTON","US-MA","US","02109","en","C/O SunAmerica Asset Management, LLC",NA,NA,NA,"Jersey City","US-NJ","US","07302","RA000665",NA,"S000040593","US","FUND","8888","Fund",NA,NA,"ACTIVE",NA,NA,NA,NA,NA,2016-09-26 00:00:00,NA,NA,NA,2013-04-02 20:29:00,2025-10-24 11:53:19,"ISSUED",2026-11-03 00:00:00,"5493001KJTIIGC8Y1R12","FULLY_CORROBORATED","RA000665",NA,"S000040593",NA,NA,NA,NA,NA,233575864,"CONFORMING","https://api.gleif.org/api/v1/lei-records/5493001ZAM72PQFJBP54/managing-lou","https://api.gleif.org/api/v1/lei-records/5493001ZAM72PQFJBP54/lei-issuer","https://api.gleif.org/api/v1/lei-records/5493001ZAM72PQFJBP54/field-modifications","https://api.gleif.org/api/v1/lei-records/5493001ZAM72PQFJBP54/direct-parent-reporting-exception","https://api.gleif.org/api/v1/lei-records/5493001ZAM72PQFJBP54/ultimate-parent-reporting-exception","https://api.gleif.org/api/v1/lei-records/5493001ZAM72PQFJBP54/fund-manager","https://api.gleif.org/api/v1/lei-records/5493001ZAM72PQFJBP54/fund-manager-relationship",TRUE,NA,NA,NA,NA,"84 STATE ST.","30 Hudson Street",NA,NA,NA,NA,NA,NA,"https://api.gleif.org/api/v1/lei-records/5493001ZAM72PQFJBP54/umbrella-fund","https://api.gleif.org/api/v1/lei-records/5493001ZAM72PQFJBP54/umbrella-fund-relationship","16th Floor",NA,NA,NA,NA,NA,NA,NA,NA,NA,NA,NA,NA,NA,NA,NA,NA,NA,NA,NA,NA,NA,NA,NA,NA,NA,NA,NA,NA,NA,NA,NA,NA,NA,NA,NA,NA,NA,NA,NA,NA,NA,NA,NA,NA,NA,NA,NA,NA,NA,NA,NA,NA,NA,NA,NA,NA,NA,NA,NA,NA,NA,NA,NA,NA,NA,NA,NA,NA,NA,NA,NA,NA,NA,NA,NA,NA,NA,NA,NA,NA,NA,NA,NA,NA,NA,NA,NA,NA,NA,NA,NA,NA,NA,NA,NA,NA,NA,NA,NA,NA,NA,NA,NA,NA,NA,NA,NA,NA,NA,NA,NA,NA,NA,NA,NA,NA,NA,NA,NA,NA,NA,NA,NA,NA,NA,NA,NA,NA,NA,NA,NA,NA,NA,NA,NA,NA,NA,NA,NA,NA,NA,NA,NA,NA,NA,NA,NA,NA,NA,NA,NA,NA,NA,NA,NA,NA,NA,NA,NA,NA,NA,NA,NA,NA,NA,NA,NA,NA,NA,NA,NA,NA,NA,NA,NA,NA,NA,NA,NA,NA,NA,NA,NA,NA,NA,NA,NA,NA,NA,NA,NA,NA,NA,NA,NA,NA,NA,NA,NA,NA,NA,NA,NA,NA,NA,NA,NA,NA,NA,NA,NA,NA,NA,NA,NA,NA,NA,NA,NA,NA,NA,NA,NA,NA,NA,NA,NA,NA,NA,NA,NA,NA,NA,NA,NA,NA,NA,NA,NA,"SA PIMCO VCP Tactical Balanced Portfolio","Open-End Mutual Fund"
"42","549300254BKG04Y2B303","549300254BKG04Y2B303",200,"549300254BKG04Y2B303","iShares Global REIT ETF","en",NA,NA,"en","c/o THE CORPORATION TRUST COMPANY, CORPORATION TRUST CENTER 1209 ORANGE ST",NA,NA,NA,"WILMINGTON","US-DE","US","19801","en","c/o BLACKROCK FUND ADVISORS, c/o TERRI SLANE 400 HOWARD STREET",NA,NA,"c/o BLACKROCK FUND ADVISORS","San Francisco","US-CA","US","94105","RA000665",NA,"S000045649","US-DE","FUND","4FSX",NA,NA,NA,"ACTIVE",NA,NA,NA,NA,NA,2014-03-20 23:00:00,NA,NA,NA,2014-04-25 01:42:00,2025-11-11 11:42:02,"ISSUED",2026-12-27 10:01:27,"5299000J2N45DDNE4Y28","FULLY_CORROBORATED","RA000665",NA,"S000045649",NA,NA,NA,NA,NA,262340397,"CONFORMING","https://api.gleif.org/api/v1/lei-records/549300254BKG04Y2B303/managing-lou","https://api.gleif.org/api/v1/lei-records/549300254BKG04Y2B303/lei-issuer","https://api.gleif.org/api/v1/lei-records/549300254BKG04Y2B303/field-modifications","https://api.gleif.org/api/v1/lei-records/549300254BKG04Y2B303/direct-parent-reporting-exception","https://api.gleif.org/api/v1/lei-records/549300254BKG04Y2B303/ultimate-parent-reporting-exception","https://api.gleif.org/api/v1/lei-records/549300254BKG04Y2B303/fund-manager","https://api.gleif.org/api/v1/lei-records/549300254BKG04Y2B303/fund-manager-relationship",TRUE,NA,"Shares Global REIT ETF","en","PREVIOUS_LEGAL_NAME",NA,NA,"STANDALONE","SUPPORTING_DOCUMENTS",2024-11-20 23:00:00,2024-11-21 11:26:53,"CHANGE_LEGAL_FORM","COMPLETED","https://api.gleif.org/api/v1/lei-records/549300254BKG04Y2B303/umbrella-fund","https://api.gleif.org/api/v1/lei-records/549300254BKG04Y2B303/umbrella-fund-relationship",NA,NA,NA,NA,NA,NA,NA,"STANDALONE","SUPPORTING_DOCUMENTS",2024-11-20 23:00:00,2024-11-21 11:26:53,"CHANGE_LEGAL_ADDRESS","COMPLETED",NA,NA,NA,NA,NA,NA,NA,NA,NA,NA,NA,NA,NA,NA,NA,NA,NA,NA,NA,NA,"STANDALONE","SUPPORTING_DOCUMENTS",2024-05-01 22:00:00,2024-05-02 14:18:51,"CHANGE_LEGAL_NAME","COMPLETED",NA,NA,NA,NA,NA,NA,NA,NA,NA,NA,NA,NA,NA,NA,NA,NA,NA,NA,NA,NA,NA,NA,NA,NA,NA,NA,NA,NA,NA,NA,NA,NA,NA,NA,NA,NA,NA,NA,NA,NA,NA,NA,NA,NA,NA,NA,NA,NA,NA,NA,NA,NA,NA,NA,NA,NA,NA,NA,NA,NA,NA,NA,NA,NA,NA,NA,NA,NA,NA,NA,NA,NA,NA,NA,NA,NA,NA,NA,NA,NA,NA,NA,NA,NA,NA,NA,NA,NA,NA,NA,NA,NA,NA,NA,NA,NA,NA,NA,NA,NA,NA,NA,NA,NA,NA,NA,NA,NA,NA,NA,NA,NA,NA,NA,NA,NA,NA,NA,NA,NA,NA,NA,NA,NA,NA,NA,NA,NA,NA,NA,NA,NA,NA,NA,NA,NA,NA,NA,NA,NA,NA,NA,NA,NA,NA,NA,NA,NA,NA,NA,NA,NA,NA,NA,NA,NA,NA,NA,NA,NA,NA,NA,NA,NA,NA,NA,NA,NA,NA,NA,NA,NA,NA,NA,NA,NA,NA,NA,NA,NA,NA,NA,NA,NA,NA,NA,NA,NA,NA,NA,NA,NA,NA,NA,NA,NA,NA,NA,NA,NA,NA,"iShares Global REIT ETF","ETF"
"43","54930029MR4GLRAO7563","54930029MR4GLRAO7563",200,"54930029MR4GLRAO7563","iShares Low Carbon Optimized MSCI ACWI ETF","en",NA,NA,"en","c/o THE CORPORATION TRUST COMPANY, CORPORATION TRUST CENTER 1209 ORANGE ST",NA,NA,NA,"WILMINGTON","US-DE","US","19801","en","c/o BLACKROCK FUND ADVISORS, 400 HOWARD STREET",NA,NA,"c/o BLACKROCK FUND ADVISORS","SAN FRANSICO","US-CA","US","94105","RA000665",NA,"S000047644","US-DE","FUND","4FSX",NA,NA,NA,"ACTIVE",NA,NA,NA,NA,NA,2014-10-30 23:00:00,NA,NA,NA,2014-10-31 01:39:00,2025-11-25 11:47:49,"ISSUED",2026-12-01 13:39:10,"5299000J2N45DDNE4Y28","FULLY_CORROBORATED","RA000665",NA,"S000047644",NA,NA,NA,NA,NA,275429000,"CONFORMING","https://api.gleif.org/api/v1/lei-records/54930029MR4GLRAO7563/managing-lou","https://api.gleif.org/api/v1/lei-records/54930029MR4GLRAO7563/lei-issuer","https://api.gleif.org/api/v1/lei-records/54930029MR4GLRAO7563/field-modifications","https://api.gleif.org/api/v1/lei-records/54930029MR4GLRAO7563/direct-parent-reporting-exception","https://api.gleif.org/api/v1/lei-records/54930029MR4GLRAO7563/ultimate-parent-reporting-exception","https://api.gleif.org/api/v1/lei-records/54930029MR4GLRAO7563/fund-manager","https://api.gleif.org/api/v1/lei-records/54930029MR4GLRAO7563/fund-manager-relationship",TRUE,NA,"iShares MSCI ACWI Low Carbon Target ETF","en","PREVIOUS_LEGAL_NAME",NA,NA,"STANDALONE","SUPPORTING_DOCUMENTS",2025-11-24 23:00:00,2025-11-25 11:47:49,"CHANGE_LEGAL_NAME","COMPLETED","https://api.gleif.org/api/v1/lei-records/54930029MR4GLRAO7563/umbrella-fund","https://api.gleif.org/api/v1/lei-records/54930029MR4GLRAO7563/umbrella-fund-relationship",NA,NA,NA,NA,NA,NA,NA,"STANDALONE","SUPPORTING_DOCUMENTS",2025-10-31 23:00:00,2025-11-01 09:31:21,"CHANGE_HQ_ADDRESS","COMPLETED",NA,NA,NA,NA,NA,NA,NA,NA,NA,NA,NA,NA,NA,NA,NA,NA,NA,NA,NA,NA,"STANDALONE","SUPPORTING_DOCUMENTS",2025-10-31 23:00:00,2025-11-01 09:31:21,"CHANGE_LEGAL_ADDRESS","COMPLETED",NA,NA,NA,NA,NA,NA,NA,NA,NA,NA,NA,NA,NA,NA,NA,NA,NA,NA,NA,NA,NA,NA,NA,NA,NA,NA,NA,NA,NA,NA,NA,NA,NA,NA,NA,NA,NA,NA,NA,NA,NA,NA,NA,NA,NA,NA,NA,NA,NA,NA,NA,NA,NA,NA,NA,NA,NA,NA,NA,NA,NA,NA,NA,NA,NA,NA,NA,NA,NA,NA,NA,NA,NA,NA,NA,NA,NA,NA,NA,NA,NA,NA,NA,NA,NA,NA,NA,NA,NA,NA,NA,NA,NA,NA,NA,NA,NA,NA,NA,NA,NA,NA,NA,NA,NA,NA,NA,NA,NA,NA,NA,NA,NA,NA,NA,NA,NA,NA,NA,NA,NA,NA,NA,NA,NA,NA,NA,NA,NA,NA,NA,NA,NA,NA,NA,NA,NA,NA,NA,NA,NA,NA,NA,NA,NA,NA,NA,NA,NA,NA,NA,NA,NA,NA,NA,NA,NA,NA,NA,NA,NA,NA,NA,NA,NA,NA,NA,NA,NA,NA,NA,NA,NA,NA,NA,NA,NA,NA,NA,NA,NA,NA,NA,NA,NA,NA,NA,NA,NA,NA,NA,NA,NA,NA,NA,NA,NA,NA,NA,NA,NA,"iShares MSCI ACWI Low Carbon Target ETF","ETF"
"44","5493002KBLGLSL52T116","5493002KBLGLSL52T116",200,"5493002KBLGLSL52T116","iShares Global Materials ETF","en",NA,NA,"en","c/o THE CORPORATION TRUST COMPANY, CORPORATION TRUST CENTER, 1209 ORANGE ST",NA,NA,NA,"WILMINGTON","US-DE","US","19801","en","c/o BLACKROCK FUND ADVISORS, c/o TERRI SLANE, 400 HOWARD STREET",NA,NA,"c/o BLACKROCK FUND ADVISORS","SAN FRANCISCO","US-CA","US","94105","RA000665",NA,"S000008884","US-DE","FUND","4FSX",NA,NA,NA,"ACTIVE",NA,NA,NA,NA,NA,2006-09-07 22:00:00,NA,NA,NA,2012-12-24 10:17:00,2025-11-24 09:28:42,"ISSUED",2027-01-12 10:17:12,"5299000J2N45DDNE4Y28","FULLY_CORROBORATED","RA000665",NA,"S000008884",NA,NA,NA,NA,NA,29247279,"CONFORMING","https://api.gleif.org/api/v1/lei-records/5493002KBLGLSL52T116/managing-lou","https://api.gleif.org/api/v1/lei-records/5493002KBLGLSL52T116/lei-issuer","https://api.gleif.org/api/v1/lei-records/5493002KBLGLSL52T116/field-modifications","https://api.gleif.org/api/v1/lei-records/5493002KBLGLSL52T116/direct-parent-reporting-exception","https://api.gleif.org/api/v1/lei-records/5493002KBLGLSL52T116/ultimate-parent-reporting-exception","https://api.gleif.org/api/v1/lei-records/5493002KBLGLSL52T116/fund-manager","https://api.gleif.org/api/v1/lei-records/5493002KBLGLSL52T116/fund-manager-relationship",TRUE,NA,NA,NA,NA,NA,NA,"STANDALONE","SUPPORTING_DOCUMENTS",2023-12-08 23:00:00,2023-12-09 09:25:29,"CHANGE_HQ_ADDRESS","COMPLETED","https://api.gleif.org/api/v1/lei-records/5493002KBLGLSL52T116/umbrella-fund","https://api.gleif.org/api/v1/lei-records/5493002KBLGLSL52T116/umbrella-fund-relationship",NA,NA,NA,NA,NA,NA,NA,NA,NA,NA,NA,NA,NA,NA,NA,NA,NA,NA,NA,NA,NA,NA,NA,NA,NA,NA,NA,NA,NA,NA,NA,NA,NA,NA,NA,NA,NA,NA,NA,NA,NA,NA,NA,NA,NA,NA,NA,NA,NA,NA,NA,NA,NA,NA,NA,NA,NA,NA,NA,NA,NA,NA,NA,NA,NA,NA,NA,NA,NA,NA,NA,NA,NA,NA,NA,NA,NA,NA,NA,NA,NA,NA,NA,NA,NA,NA,NA,NA,NA,NA,NA,NA,NA,NA,NA,NA,NA,NA,NA,NA,NA,NA,NA,NA,NA,NA,NA,NA,NA,NA,NA,NA,NA,NA,NA,NA,NA,NA,NA,NA,NA,NA,NA,NA,NA,NA,NA,NA,NA,NA,NA,NA,NA,NA,NA,NA,NA,NA,NA,NA,NA,NA,NA,NA,NA,NA,NA,NA,NA,NA,NA,NA,NA,NA,NA,NA,NA,NA,NA,NA,NA,NA,NA,NA,NA,NA,NA,NA,NA,NA,NA,NA,NA,NA,NA,NA,NA,NA,NA,NA,NA,NA,NA,NA,NA,NA,NA,NA,NA,NA,NA,NA,NA,NA,NA,NA,NA,NA,NA,NA,NA,NA,NA,NA,NA,NA,NA,NA,NA,NA,NA,NA,NA,NA,NA,NA,NA,NA,NA,NA,NA,NA,NA,NA,NA,NA,NA,NA,NA,NA,NA,NA,NA,NA,NA,NA,NA,NA,NA,NA,"iShares Global Materials ETF","ETF"
"45","549300303QV2ZI4ZA416","549300303QV2ZI4ZA416",200,"549300303QV2ZI4ZA416","PACE Alternative Strategies Investments","en",NA,NA,"en","C/O Corporation Service Company",NA,NA,NA,"Wilmington","US-DE","US","19808","en","C/O UBS Asset Management (Americas) LLC",NA,NA,NA,"New York","US-NY","US","10019","RA000665",NA,"S000006035","US","FUND","8888","SUB-FUND",NA,NA,"ACTIVE",NA,NA,NA,NA,NA,2012-12-02 00:00:00,NA,NA,NA,2012-12-04 16:01:00,2026-01-28 12:49:17,"ISSUED",2027-02-10 00:59:12,"5493001KJTIIGC8Y1R12","FULLY_CORROBORATED","RA000665",NA,"S000006035",NA,NA,NA,NA,NA,54108445,"CONFORMING","https://api.gleif.org/api/v1/lei-records/549300303QV2ZI4ZA416/managing-lou","https://api.gleif.org/api/v1/lei-records/549300303QV2ZI4ZA416/lei-issuer","https://api.gleif.org/api/v1/lei-records/549300303QV2ZI4ZA416/field-modifications","https://api.gleif.org/api/v1/lei-records/549300303QV2ZI4ZA416/direct-parent-reporting-exception","https://api.gleif.org/api/v1/lei-records/549300303QV2ZI4ZA416/ultimate-parent-reporting-exception","https://api.gleif.org/api/v1/lei-records/549300303QV2ZI4ZA416/fund-manager","https://api.gleif.org/api/v1/lei-records/549300303QV2ZI4ZA416/fund-manager-relationship",TRUE,NA,"UBS Pace Select Advisors Trust - UBS PACE Alternative Strategies Investments","en","PREVIOUS_LEGAL_NAME","251 Little Falls Drive","787 Seventh Avenue",NA,NA,NA,NA,NA,NA,"https://api.gleif.org/api/v1/lei-records/549300303QV2ZI4ZA416/umbrella-fund","https://api.gleif.org/api/v1/lei-records/549300303QV2ZI4ZA416/umbrella-fund-relationship",NA,NA,NA,NA,NA,NA,NA,NA,NA,NA,NA,NA,NA,NA,NA,NA,NA,NA,NA,NA,NA,NA,NA,NA,NA,NA,NA,NA,NA,NA,NA,NA,NA,NA,NA,NA,NA,NA,NA,NA,NA,NA,NA,NA,NA,NA,NA,NA,NA,NA,NA,NA,NA,NA,NA,NA,NA,NA,NA,NA,NA,NA,NA,NA,NA,NA,NA,NA,NA,NA,NA,NA,NA,NA,NA,NA,NA,NA,NA,NA,NA,NA,NA,NA,NA,NA,NA,NA,NA,NA,NA,NA,NA,NA,NA,NA,NA,NA,NA,NA,NA,NA,NA,NA,NA,NA,NA,NA,NA,NA,NA,NA,NA,NA,NA,NA,NA,NA,NA,NA,NA,NA,NA,NA,NA,NA,NA,NA,NA,NA,NA,NA,NA,NA,NA,NA,NA,NA,NA,NA,NA,NA,NA,NA,NA,NA,NA,NA,NA,NA,NA,NA,NA,NA,NA,NA,NA,NA,NA,NA,NA,NA,NA,NA,NA,NA,NA,NA,NA,NA,NA,NA,NA,NA,NA,NA,NA,NA,NA,NA,NA,NA,NA,NA,NA,NA,NA,NA,NA,NA,NA,NA,NA,NA,NA,NA,NA,NA,NA,NA,NA,NA,NA,NA,NA,NA,NA,NA,NA,NA,NA,NA,NA,NA,NA,NA,NA,NA,NA,NA,NA,NA,NA,NA,NA,NA,NA,NA,NA,NA,NA,NA,NA,NA,NA,NA,NA,NA,NA,NA,"PACE Alternative Strategies Investments","Open-End Mutual Fund"
"46","54930038NLVSSPM85C92","54930038NLVSSPM85C92",200,"54930038NLVSSPM85C92","BLACKROCK MULTI-SECTOR OPPORTUNITIES TRUST II","en",NA,NA,"en","c/o THE CORPORATION TRUST COMPANY; CORPORATION TRUST CENTER 1209 ORANGE ST",NA,NA,NA,"WILMINGTON","US-DE","US","19801","en","c/o BLACKROCK ADVISORS, LLC, c/o CORPORATION SERVICE COMPANY, 251 LITTLE FALLS DRIVE",NA,NA,"c/o BLACKROCK ADVISORS, LLC","Wilmington","US-DE","US","19808","RA000602",NA,"6882545","US-DE","FUND","4FSX",NA,NA,NA,"ACTIVE",NA,NA,NA,NA,NA,2018-05-10 22:00:00,NA,NA,NA,2018-08-09 14:31:00,2025-11-20 15:34:46,"ISSUED",2027-01-06 09:03:54,"5299000J2N45DDNE4Y28","FULLY_CORROBORATED","RA000665",NA,"0001741600",NA,NA,NA,NA,NA,571539011,"CONFORMING","https://api.gleif.org/api/v1/lei-records/54930038NLVSSPM85C92/managing-lou","https://api.gleif.org/api/v1/lei-records/54930038NLVSSPM85C92/lei-issuer","https://api.gleif.org/api/v1/lei-records/54930038NLVSSPM85C92/field-modifications","https://api.gleif.org/api/v1/lei-records/54930038NLVSSPM85C92/direct-parent-reporting-exception","https://api.gleif.org/api/v1/lei-records/54930038NLVSSPM85C92/ultimate-parent-reporting-exception","https://api.gleif.org/api/v1/lei-records/54930038NLVSSPM85C92/fund-manager","https://api.gleif.org/api/v1/lei-records/54930038NLVSSPM85C92/fund-manager-relationship",TRUE,NA,NA,NA,NA,NA,NA,"STANDALONE","SUPPORTING_DOCUMENTS",2023-12-03 23:00:00,2023-12-04 11:28:07,"CHANGE_LEGAL_ADDRESS","COMPLETED",NA,NA,NA,NA,NA,NA,NA,NA,NA,NA,NA,NA,NA,NA,NA,NA,NA,NA,NA,NA,NA,NA,NA,NA,NA,NA,NA,NA,NA,NA,NA,NA,NA,NA,NA,NA,NA,NA,NA,NA,NA,NA,NA,NA,NA,NA,NA,NA,NA,NA,NA,NA,NA,NA,NA,NA,NA,NA,NA,NA,NA,NA,NA,NA,NA,NA,NA,NA,NA,NA,NA,NA,NA,NA,NA,NA,NA,NA,NA,NA,NA,NA,NA,NA,NA,NA,NA,NA,NA,NA,NA,NA,NA,NA,NA,NA,NA,NA,NA,NA,NA,NA,NA,NA,NA,NA,NA,NA,NA,NA,NA,NA,NA,NA,NA,NA,NA,NA,NA,NA,NA,NA,NA,NA,NA,NA,NA,NA,NA,NA,NA,NA,NA,NA,NA,NA,NA,NA,NA,NA,NA,NA,NA,NA,NA,NA,NA,NA,NA,NA,NA,NA,NA,NA,NA,NA,NA,NA,NA,NA,NA,NA,NA,NA,NA,NA,NA,NA,NA,NA,NA,NA,NA,NA,NA,NA,NA,NA,NA,NA,NA,NA,NA,NA,NA,NA,NA,NA,NA,NA,NA,NA,NA,NA,NA,NA,NA,NA,NA,NA,NA,NA,NA,NA,NA,NA,NA,NA,NA,NA,NA,NA,NA,NA,NA,NA,NA,NA,NA,NA,NA,NA,NA,NA,NA,NA,NA,NA,NA,NA,NA,NA,NA,NA,NA,NA,NA,NA,NA,NA,NA,NA,"BlackRock Multi-Sector Opportunities Trust II","Closed-End Fund"
"47","5493003K81ALN4FVQI79","5493003K81ALN4FVQI79",200,"5493003K81ALN4FVQI79","Global Focus Real Estate Portfolio","en",NA,NA,"en","C/O THE CORPORATION TRUST INCORPORATED",NA,NA,NA,"LUTHERVILLE TIMONIUM","US-MD","US","21093-2252","en","C/O MORGAN STANLEY INVESTMENT MANAGEMENT INC.",NA,NA,NA,"WILMINGTON","US-DE","US","19801","RA000665",NA,"S000072500","US","FUND","8888","FUND",NA,NA,"INACTIVE",NA,NA,NA,NA,NA,1988-06-15 00:00:00,NA,NA,NA,2021-05-28 21:30:00,2025-12-26 19:20:29,"RETIRED",2025-05-07 15:14:07,"5493001KJTIIGC8Y1R12","FULLY_CORROBORATED","RA000665",NA,"S000072500",NA,NA,NA,NA,NA,715297928,"NOT_APPLICABLE","https://api.gleif.org/api/v1/lei-records/5493003K81ALN4FVQI79/managing-lou","https://api.gleif.org/api/v1/lei-records/5493003K81ALN4FVQI79/lei-issuer","https://api.gleif.org/api/v1/lei-records/5493003K81ALN4FVQI79/field-modifications","https://api.gleif.org/api/v1/lei-records/5493003K81ALN4FVQI79/direct-parent-reporting-exception","https://api.gleif.org/api/v1/lei-records/5493003K81ALN4FVQI79/ultimate-parent-reporting-exception",NA,NA,TRUE,NA,"Morgan Stanley Institutional Fund, Inc. - Global Focus Real Estate Portfolio","en","PREVIOUS_LEGAL_NAME","2405 YORK ROAD","CORPORATION TRUST CENTER","STANDALONE","SUPPORTING_DOCUMENTS",2024-12-30 00:00:00,2025-12-26 00:00:00,"DISSOLUTION","COMPLETED",NA,NA,"1209 ORANGE ST",NA,NA,NA,NA,NA,"SUITE 201",NA,NA,NA,NA,NA,NA,NA,NA,NA,NA,NA,NA,NA,NA,NA,NA,NA,NA,NA,NA,NA,NA,NA,NA,NA,NA,NA,NA,NA,NA,NA,NA,NA,NA,NA,NA,NA,NA,NA,NA,NA,NA,NA,NA,NA,NA,NA,NA,NA,NA,NA,NA,NA,NA,NA,NA,NA,NA,NA,NA,NA,NA,NA,NA,NA,NA,NA,NA,NA,NA,NA,NA,NA,NA,NA,NA,NA,NA,NA,NA,NA,NA,NA,NA,NA,NA,NA,NA,NA,NA,NA,NA,NA,NA,NA,NA,NA,NA,NA,NA,NA,NA,NA,NA,NA,NA,NA,NA,NA,NA,NA,NA,NA,NA,NA,NA,NA,NA,NA,NA,NA,NA,NA,NA,NA,NA,NA,NA,NA,NA,NA,NA,NA,NA,NA,NA,NA,NA,NA,NA,NA,NA,NA,NA,NA,NA,NA,NA,NA,NA,NA,NA,NA,NA,NA,NA,NA,NA,NA,NA,NA,NA,NA,NA,NA,NA,NA,NA,NA,NA,NA,NA,NA,NA,NA,NA,NA,NA,NA,NA,NA,NA,NA,NA,NA,NA,NA,NA,NA,NA,NA,NA,NA,NA,NA,NA,NA,NA,NA,NA,NA,NA,NA,NA,NA,NA,NA,NA,NA,NA,NA,NA,NA,NA,NA,NA,NA,NA,NA,NA,NA,NA,NA,NA,NA,NA,NA,NA,NA,NA,NA,NA,NA,"Global Focus Real Estate Portfolio","Open-End Mutual Fund"
"48","5493003R6Z966WCNR691","5493003R6Z966WCNR691",200,"5493003R6Z966WCNR691","Ashmore Emerging Markets Total Return Fund","en",NA,NA,"en","C/O CORPORATION SERVICE COMPANY",NA,NA,NA,"BOSTON","US-MA","US","02109","en","C/O ASHMORE INVESTMENT ADVISORS LIMITED",NA,NA,NA,"London",NA,"GB","SW1E 5JD","RA000665",NA,"S000030390","US","FUND","8888","FUND",NA,NA,"ACTIVE",NA,NA,NA,NA,NA,2012-12-17 00:00:00,NA,NA,NA,2012-12-18 12:55:00,2026-04-01 05:18:09,"ISSUED",2026-12-18 18:00:00,"5493001KJTIIGC8Y1R12","FULLY_CORROBORATED","RA000665",NA,"S000030390",NA,NA,NA,NA,NA,139603366,"CONFORMING","https://api.gleif.org/api/v1/lei-records/5493003R6Z966WCNR691/managing-lou","https://api.gleif.org/api/v1/lei-records/5493003R6Z966WCNR691/lei-issuer","https://api.gleif.org/api/v1/lei-records/5493003R6Z966WCNR691/field-modifications","https://api.gleif.org/api/v1/lei-records/5493003R6Z966WCNR691/direct-parent-reporting-exception","https://api.gleif.org/api/v1/lei-records/5493003R6Z966WCNR691/ultimate-parent-reporting-exception","https://api.gleif.org/api/v1/lei-records/5493003R6Z966WCNR691/fund-manager","https://api.gleif.org/api/v1/lei-records/5493003R6Z966WCNR691/fund-manager-relationship",TRUE,NA,"Ashmore Funds - Ashmore Emerging Markets Total Return Fund","en","PREVIOUS_LEGAL_NAME","84 STATE STREET","16, Palace Street","STANDALONE","REGULATORY_FILING",2026-03-19 00:00:00,2026-03-31 16:12:26,"CHANGE_HQ_ADDRESS","COMPLETED","https://api.gleif.org/api/v1/lei-records/5493003R6Z966WCNR691/umbrella-fund","https://api.gleif.org/api/v1/lei-records/5493003R6Z966WCNR691/umbrella-fund-relationship",NA,NA,"2026.03.19 - Companies House - Change of Registered Address - AshmorePLC.pdf",NA,NA,NA,NA,NA,NA,NA,NA,NA,NA,NA,NA,NA,NA,NA,NA,NA,NA,NA,NA,NA,NA,NA,NA,NA,NA,NA,NA,NA,NA,NA,NA,NA,NA,NA,NA,NA,NA,NA,NA,NA,NA,NA,NA,NA,NA,NA,NA,NA,NA,NA,NA,NA,NA,NA,NA,NA,NA,NA,NA,NA,NA,NA,NA,NA,NA,NA,NA,NA,NA,NA,NA,NA,NA,NA,NA,NA,NA,NA,NA,NA,NA,NA,NA,NA,NA,NA,NA,NA,NA,NA,NA,NA,NA,NA,NA,NA,NA,NA,NA,NA,NA,NA,NA,NA,NA,NA,NA,NA,NA,NA,NA,NA,NA,NA,NA,NA,NA,NA,NA,NA,NA,NA,NA,NA,NA,NA,NA,NA,NA,NA,NA,NA,NA,NA,NA,NA,NA,NA,NA,NA,NA,NA,NA,NA,NA,NA,NA,NA,NA,NA,NA,NA,NA,NA,NA,NA,NA,NA,NA,NA,NA,NA,NA,NA,NA,NA,NA,NA,NA,NA,NA,NA,NA,NA,NA,NA,NA,NA,NA,NA,NA,NA,NA,NA,NA,NA,NA,NA,NA,NA,NA,NA,NA,NA,NA,NA,NA,NA,NA,NA,NA,NA,NA,NA,NA,NA,NA,NA,NA,NA,NA,NA,NA,NA,NA,NA,NA,NA,NA,NA,NA,NA,NA,NA,NA,NA,NA,NA,NA,NA,NA,NA,NA,NA,NA,NA,"Ashmore Emerging Markets Total Return Fund","Open-End Mutual Fund"
"49","5493003VA7OYSN4UJ156","5493003VA7OYSN4UJ156",200,"5493003VA7OYSN4UJ156","High Yield Bond Fund","en",NA,NA,"en","C/O THE CORPORATION TRUST INCORPORATED",NA,NA,NA,"LUTHERVILLE-TIMONIUM","US-MD","US","21093-2264","en","C/O Variable Annuity Life Insurance Company",NA,NA,NA,"HOUSTON","US-TX","US","77019","RA000665",NA,"S000069819","US","FUND","8888","FUND",NA,NA,"ACTIVE",NA,NA,NA,NA,NA,2016-12-31 00:00:00,NA,NA,NA,2021-05-13 21:31:00,2026-03-18 11:47:45,"ISSUED",2027-04-17 23:52:41,"5493001KJTIIGC8Y1R12","FULLY_CORROBORATED","RA000665",NA,"S000069819",NA,NA,NA,NA,NA,693346081,"CONFORMING","https://api.gleif.org/api/v1/lei-records/5493003VA7OYSN4UJ156/managing-lou","https://api.gleif.org/api/v1/lei-records/5493003VA7OYSN4UJ156/lei-issuer","https://api.gleif.org/api/v1/lei-records/5493003VA7OYSN4UJ156/field-modifications","https://api.gleif.org/api/v1/lei-records/5493003VA7OYSN4UJ156/direct-parent-reporting-exception","https://api.gleif.org/api/v1/lei-records/5493003VA7OYSN4UJ156/ultimate-parent-reporting-exception","https://api.gleif.org/api/v1/lei-records/5493003VA7OYSN4UJ156/fund-manager","https://api.gleif.org/api/v1/lei-records/5493003VA7OYSN4UJ156/fund-manager-relationship",TRUE,NA,"VALIC Co I - High Yield Bond Fund","en","PREVIOUS_LEGAL_NAME","2405 YORK ROAD","2727-A Allen Parkway",NA,NA,NA,NA,NA,NA,"https://api.gleif.org/api/v1/lei-records/5493003VA7OYSN4UJ156/umbrella-fund","https://api.gleif.org/api/v1/lei-records/5493003VA7OYSN4UJ156/umbrella-fund-relationship","3-D1",NA,NA,NA,NA,NA,NA,NA,NA,NA,NA,NA,NA,NA,NA,NA,NA,NA,NA,NA,NA,NA,NA,NA,NA,NA,NA,NA,NA,NA,NA,NA,NA,NA,NA,NA,NA,NA,NA,NA,NA,NA,NA,NA,NA,NA,NA,NA,NA,NA,NA,NA,NA,NA,NA,NA,NA,NA,NA,NA,NA,NA,NA,NA,NA,NA,NA,NA,NA,NA,NA,NA,NA,NA,NA,NA,NA,NA,NA,NA,NA,NA,NA,NA,NA,NA,NA,NA,NA,NA,NA,NA,NA,NA,NA,NA,NA,NA,NA,NA,NA,NA,NA,NA,NA,NA,NA,NA,NA,NA,NA,NA,NA,NA,NA,NA,NA,NA,NA,NA,NA,NA,NA,NA,NA,NA,NA,NA,NA,NA,NA,NA,NA,NA,NA,NA,NA,NA,NA,NA,NA,NA,NA,NA,NA,NA,NA,NA,NA,NA,NA,NA,NA,NA,NA,NA,NA,NA,NA,NA,NA,NA,NA,NA,NA,NA,NA,NA,NA,NA,NA,NA,NA,NA,NA,NA,NA,NA,NA,NA,NA,NA,NA,NA,NA,NA,NA,NA,NA,NA,NA,NA,NA,NA,NA,NA,NA,NA,NA,NA,NA,NA,NA,NA,NA,NA,NA,NA,NA,NA,NA,NA,NA,NA,NA,NA,NA,NA,NA,NA,NA,NA,NA,NA,NA,NA,NA,NA,NA,NA,NA,NA,NA,NA,NA,NA,NA,NA,NA,NA,"High Yield Bond Fund","Open-End Mutual Fund"
"50","54930043SLQ30SHQRM91","54930043SLQ30SHQRM91",200,"54930043SLQ30SHQRM91","iShares MSCI Philippines ETF","en",NA,NA,"en","c/o THE CORPORATION TRUST COMPANY; CORPORATION TRUST CENTER 1209 ORANGE ST",NA,NA,NA,"WILMINGTON","US-DE","US","19801","en","c/o BLACKROCK FUND ADVISORS, c/o TERRI SLANE; 400 HOWARD STREET",NA,NA,"c/o BLACKROCK FUND ADVISORS","San Francisco","US-CA","US","94105","RA000665",NA,"S000028735","US-DE","FUND","4FSX",NA,NA,NA,"ACTIVE",NA,NA,NA,NA,NA,2010-01-31 23:00:00,NA,NA,NA,2012-12-24 10:16:00,2025-11-21 08:40:34,"ISSUED",2027-01-06 09:06:51,"5299000J2N45DDNE4Y28","FULLY_CORROBORATED","RA000665",NA,"S000028735",NA,NA,NA,NA,NA,113928974,"CONFORMING","https://api.gleif.org/api/v1/lei-records/54930043SLQ30SHQRM91/managing-lou","https://api.gleif.org/api/v1/lei-records/54930043SLQ30SHQRM91/lei-issuer","https://api.gleif.org/api/v1/lei-records/54930043SLQ30SHQRM91/field-modifications","https://api.gleif.org/api/v1/lei-records/54930043SLQ30SHQRM91/direct-parent-reporting-exception","https://api.gleif.org/api/v1/lei-records/54930043SLQ30SHQRM91/ultimate-parent-reporting-exception","https://api.gleif.org/api/v1/lei-records/54930043SLQ30SHQRM91/fund-manager","https://api.gleif.org/api/v1/lei-records/54930043SLQ30SHQRM91/fund-manager-relationship",TRUE,NA,NA,NA,NA,NA,NA,"STANDALONE","SUPPORTING_DOCUMENTS",2024-11-25 23:00:00,2024-11-26 12:48:18,"CHANGE_LEGAL_FORM","COMPLETED","https://api.gleif.org/api/v1/lei-records/54930043SLQ30SHQRM91/umbrella-fund","https://api.gleif.org/api/v1/lei-records/54930043SLQ30SHQRM91/umbrella-fund-relationship",NA,NA,NA,NA,NA,NA,NA,"STANDALONE","SUPPORTING_DOCUMENTS",2023-12-01 23:00:00,2023-12-02 14:06:09,"CHANGE_HQ_ADDRESS","COMPLETED",NA,NA,NA,NA,NA,NA,NA,NA,NA,NA,NA,NA,NA,NA,NA,NA,NA,NA,NA,NA,NA,NA,NA,NA,NA,NA,NA,NA,NA,NA,NA,NA,NA,NA,NA,NA,NA,NA,NA,NA,NA,NA,NA,NA,NA,NA,NA,NA,NA,NA,NA,NA,NA,NA,NA,NA,NA,NA,NA,NA,NA,NA,NA,NA,NA,NA,NA,NA,NA,NA,NA,NA,NA,NA,NA,NA,NA,NA,NA,NA,NA,NA,NA,NA,NA,NA,NA,NA,NA,NA,NA,NA,NA,NA,NA,NA,NA,NA,NA,NA,NA,NA,NA,NA,NA,NA,NA,NA,NA,NA,NA,NA,NA,NA,NA,NA,NA,NA,NA,NA,NA,NA,NA,NA,NA,NA,NA,NA,NA,NA,NA,NA,NA,NA,NA,NA,NA,NA,NA,NA,NA,NA,NA,NA,NA,NA,NA,NA,NA,NA,NA,NA,NA,NA,NA,NA,NA,NA,NA,NA,NA,NA,NA,NA,NA,NA,NA,NA,NA,NA,NA,NA,NA,NA,NA,NA,NA,NA,NA,NA,NA,NA,NA,NA,NA,NA,NA,NA,NA,NA,NA,NA,NA,NA,NA,NA,NA,NA,NA,NA,NA,NA,NA,NA,NA,NA,NA,NA,NA,NA,NA,NA,NA,NA,NA,NA,NA,NA,NA,NA,NA,NA,NA,NA,NA,NA,NA,"iShares MSCI Philippines ETF","ETF"
"51","5493004C42CHKMCN1N68","5493004C42CHKMCN1N68",200,"5493004C42CHKMCN1N68","Emerging Markets Debt Portfolio","en",NA,NA,"en","C/O CORPORATION SERVICE COMPANY",NA,NA,NA,"WILMINGTON","US-DE","US","19808","en","C/O PACIFIC LIFE FUND ADVISORS LLC",NA,NA,NA,"NEWPORT BEACH","US-CA","US","92660","RA000665",NA,"S000036460","US","FUND","8888","FUND",NA,NA,"ACTIVE",NA,NA,NA,NA,NA,2012-12-16 00:00:00,NA,NA,NA,2012-12-18 12:56:00,2025-07-01 16:43:38,"ISSUED",2026-07-07 18:31:44,"5493001KJTIIGC8Y1R12","FULLY_CORROBORATED","RA000665",NA,"S000036460",NA,NA,NA,NA,NA,205082753,"CONFORMING","https://api.gleif.org/api/v1/lei-records/5493004C42CHKMCN1N68/managing-lou","https://api.gleif.org/api/v1/lei-records/5493004C42CHKMCN1N68/lei-issuer","https://api.gleif.org/api/v1/lei-records/5493004C42CHKMCN1N68/field-modifications","https://api.gleif.org/api/v1/lei-records/5493004C42CHKMCN1N68/direct-parent-reporting-exception","https://api.gleif.org/api/v1/lei-records/5493004C42CHKMCN1N68/ultimate-parent-reporting-exception","https://api.gleif.org/api/v1/lei-records/5493004C42CHKMCN1N68/fund-manager","https://api.gleif.org/api/v1/lei-records/5493004C42CHKMCN1N68/fund-manager-relationship",TRUE,NA,NA,NA,NA,"251 LITTLE FALLS DRIVE","700 NEWPORT CENTER DRIVE",NA,NA,NA,NA,NA,NA,"https://api.gleif.org/api/v1/lei-records/5493004C42CHKMCN1N68/umbrella-fund","https://api.gleif.org/api/v1/lei-records/5493004C42CHKMCN1N68/umbrella-fund-relationship",NA,NA,NA,NA,NA,NA,NA,NA,NA,NA,NA,NA,NA,NA,NA,NA,NA,NA,NA,NA,NA,NA,NA,NA,NA,NA,NA,NA,NA,NA,NA,NA,NA,NA,NA,NA,NA,NA,NA,NA,NA,NA,NA,NA,NA,NA,NA,NA,NA,NA,NA,NA,NA,NA,NA,NA,NA,NA,NA,NA,NA,NA,NA,NA,NA,NA,NA,NA,NA,NA,NA,NA,NA,NA,NA,NA,NA,NA,NA,NA,NA,NA,NA,NA,NA,NA,NA,NA,NA,NA,NA,NA,NA,NA,NA,NA,NA,NA,NA,NA,NA,NA,NA,NA,NA,NA,NA,NA,NA,NA,NA,NA,NA,NA,NA,NA,NA,NA,NA,NA,NA,NA,NA,NA,NA,NA,NA,NA,NA,NA,NA,NA,NA,NA,NA,NA,NA,NA,NA,NA,NA,NA,NA,NA,NA,NA,NA,NA,NA,NA,NA,NA,NA,NA,NA,NA,NA,NA,NA,NA,NA,NA,NA,NA,NA,NA,NA,NA,NA,NA,NA,NA,NA,NA,NA,NA,NA,NA,NA,NA,NA,NA,NA,NA,NA,NA,NA,NA,NA,NA,NA,NA,NA,NA,NA,NA,NA,NA,NA,NA,NA,NA,NA,NA,NA,NA,NA,NA,NA,NA,NA,NA,NA,NA,NA,NA,NA,NA,NA,NA,NA,NA,NA,NA,NA,NA,NA,NA,NA,NA,NA,NA,NA,NA,NA,NA,NA,NA,NA,NA,"Emerging Markets Debt Portfolio","Open-End Mutual Fund"
"52","5493004IJ7V6ULMP5F52","5493004IJ7V6ULMP5F52",200,"5493004IJ7V6ULMP5F52","iShares MSCI Emerging Markets Min Vol Factor ETF","en",NA,NA,"en","c/o THE CORPORATION TRUST INCORPORATED, 2405 YORK ROAD, SUITE 201",NA,NA,NA,"LUTHERVILLE TIMONIUM","US-MD","US","21093-2264","en","c/o BLACKROCK FUND ADVISORS, c/o Terri Slane, 400 Howard Street",NA,NA,"c/o BLACKROCK FUND ADVISORS","SAN FRANCISCO","US-CA","US","94105","RA000665",NA,"S000032497","US-MD","FUND","HLR4",NA,NA,NA,"ACTIVE",NA,NA,NA,NA,NA,2011-02-16 23:00:00,NA,NA,NA,2019-12-27 21:30:00,2025-11-14 15:15:13,"ISSUED",2027-01-06 10:17:01,"5299000J2N45DDNE4Y28","FULLY_CORROBORATED","RA000665",NA,"S000032497",NA,NA,NA,NA,NA,141889129,"CONFORMING","https://api.gleif.org/api/v1/lei-records/5493004IJ7V6ULMP5F52/managing-lou","https://api.gleif.org/api/v1/lei-records/5493004IJ7V6ULMP5F52/lei-issuer","https://api.gleif.org/api/v1/lei-records/5493004IJ7V6ULMP5F52/field-modifications","https://api.gleif.org/api/v1/lei-records/5493004IJ7V6ULMP5F52/direct-parent-reporting-exception","https://api.gleif.org/api/v1/lei-records/5493004IJ7V6ULMP5F52/ultimate-parent-reporting-exception","https://api.gleif.org/api/v1/lei-records/5493004IJ7V6ULMP5F52/fund-manager","https://api.gleif.org/api/v1/lei-records/5493004IJ7V6ULMP5F52/fund-manager-relationship",TRUE,NA,NA,NA,NA,NA,NA,"STANDALONE","SUPPORTING_DOCUMENTS",2024-11-21 23:00:00,2024-11-22 09:59:20,"CHANGE_LEGAL_FORM","COMPLETED","https://api.gleif.org/api/v1/lei-records/5493004IJ7V6ULMP5F52/umbrella-fund","https://api.gleif.org/api/v1/lei-records/5493004IJ7V6ULMP5F52/umbrella-fund-relationship",NA,NA,NA,NA,NA,NA,NA,"STANDALONE","SUPPORTING_DOCUMENTS",2024-11-21 23:00:00,2024-11-22 09:59:20,"CHANGE_HQ_ADDRESS","COMPLETED",NA,NA,NA,NA,NA,NA,NA,NA,NA,NA,NA,NA,NA,NA,NA,NA,NA,NA,NA,NA,NA,NA,NA,NA,NA,NA,NA,NA,NA,NA,NA,NA,NA,NA,NA,NA,NA,NA,NA,NA,NA,NA,NA,NA,NA,NA,NA,NA,NA,NA,NA,NA,NA,NA,NA,NA,NA,NA,NA,NA,NA,NA,NA,NA,NA,NA,NA,NA,NA,NA,NA,NA,NA,NA,NA,NA,NA,NA,NA,NA,NA,NA,NA,NA,NA,NA,NA,NA,NA,NA,NA,NA,NA,NA,NA,NA,NA,NA,NA,NA,NA,NA,NA,NA,NA,NA,NA,NA,NA,NA,NA,NA,NA,NA,NA,NA,NA,NA,NA,NA,NA,NA,NA,NA,NA,NA,NA,NA,NA,NA,NA,NA,NA,NA,NA,NA,NA,NA,NA,NA,NA,NA,NA,NA,NA,NA,NA,NA,NA,NA,NA,NA,NA,NA,NA,NA,NA,NA,NA,NA,NA,NA,NA,NA,NA,NA,NA,NA,NA,NA,NA,NA,NA,NA,NA,NA,NA,NA,NA,NA,NA,NA,NA,NA,NA,NA,NA,NA,NA,NA,NA,NA,NA,NA,NA,NA,NA,NA,NA,NA,NA,NA,NA,NA,NA,NA,NA,NA,NA,NA,NA,NA,NA,NA,NA,NA,NA,NA,NA,NA,NA,NA,NA,NA,NA,NA,NA,"iShares MSCI Emerging Markets Min Vol Factor ETF","ETF"
"53","5493004NJD3E28ZMJL46","5493004NJD3E28ZMJL46",200,"5493004NJD3E28ZMJL46","Goldman Sachs Dynamic Global Equity Fund","en",NA,NA,"en","1201 NORTH MARKET ST FL 18",NA,NA,"c/o DELAWARE CORPORATION ORGANIZERS, INC.","WILMINGTON","US-DE","US","19801","en","200 West Street",NA,NA,"c/o GOLDMAN SACHS ASSET MANAGEMENT, L.P.","New York","US-NY","US","10282","RA000665",NA,"S000009338","US-DE","FUND","8888","Fund",NA,NA,"ACTIVE",NA,NA,NA,NA,NA,1997-01-28 00:00:00,NA,NA,NA,2014-01-09 03:09:00,2026-02-20 22:35:45,"ISSUED",2027-03-01 21:27:30,"529900T8BM49AURSDO55","PARTIALLY_CORROBORATED","RA000665",NA,"S000009338",NA,NA,NA,NA,NA,30911244,"CONFORMING","https://api.gleif.org/api/v1/lei-records/5493004NJD3E28ZMJL46/managing-lou","https://api.gleif.org/api/v1/lei-records/5493004NJD3E28ZMJL46/lei-issuer","https://api.gleif.org/api/v1/lei-records/5493004NJD3E28ZMJL46/field-modifications","https://api.gleif.org/api/v1/lei-records/5493004NJD3E28ZMJL46/direct-parent-reporting-exception","https://api.gleif.org/api/v1/lei-records/5493004NJD3E28ZMJL46/ultimate-parent-reporting-exception","https://api.gleif.org/api/v1/lei-records/5493004NJD3E28ZMJL46/fund-manager","https://api.gleif.org/api/v1/lei-records/5493004NJD3E28ZMJL46/fund-manager-relationship",TRUE,NA,NA,NA,NA,"P.O. BOX 1347",NA,NA,NA,NA,NA,NA,NA,"https://api.gleif.org/api/v1/lei-records/5493004NJD3E28ZMJL46/umbrella-fund","https://api.gleif.org/api/v1/lei-records/5493004NJD3E28ZMJL46/umbrella-fund-relationship",NA,NA,NA,NA,NA,NA,NA,NA,NA,NA,NA,NA,NA,NA,NA,NA,NA,NA,NA,NA,NA,NA,NA,NA,NA,NA,NA,NA,NA,NA,NA,NA,NA,NA,NA,NA,NA,NA,NA,NA,NA,NA,NA,NA,NA,NA,NA,NA,NA,NA,NA,NA,NA,NA,NA,NA,NA,NA,NA,NA,NA,NA,NA,NA,NA,NA,NA,NA,NA,NA,NA,NA,NA,NA,NA,NA,NA,NA,NA,NA,NA,NA,NA,NA,NA,NA,NA,NA,NA,NA,NA,NA,NA,NA,NA,NA,NA,NA,NA,NA,NA,NA,NA,NA,NA,NA,NA,NA,NA,NA,NA,NA,NA,NA,NA,NA,NA,NA,NA,NA,NA,NA,NA,NA,NA,NA,NA,NA,NA,NA,NA,NA,NA,NA,NA,NA,NA,NA,NA,NA,NA,NA,NA,NA,NA,NA,NA,NA,NA,NA,NA,NA,NA,NA,NA,NA,NA,NA,NA,NA,NA,NA,NA,NA,NA,NA,NA,NA,NA,NA,NA,NA,NA,NA,NA,NA,NA,NA,NA,NA,NA,NA,NA,NA,NA,NA,NA,NA,NA,NA,NA,NA,NA,NA,NA,NA,NA,NA,NA,NA,NA,NA,NA,NA,NA,NA,NA,NA,NA,NA,NA,NA,NA,NA,NA,NA,NA,NA,NA,NA,NA,NA,NA,NA,NA,NA,NA,NA,NA,NA,NA,NA,NA,NA,NA,NA,NA,NA,NA,NA,"Goldman Sachs Equity Growth Strategy Portfolio","Open-End Mutual Fund"
"54","5493004OBMCV3UPCSG65","5493004OBMCV3UPCSG65",200,"5493004OBMCV3UPCSG65","Franklin Alternative Strategies Fund","en",NA,NA,"en","C/O Corporation Service Company",NA,NA,NA,"Wilmington","US-DE","US","19808","en","C/O K2/D&S Management Co., L.L.C.",NA,NA,NA,"San Mateo","US-CA","US","94403","RA000665",NA,"S000042023","US","FUND","8888","FUND",NA,NA,"ACTIVE",NA,NA,NA,NA,NA,1997-05-22 00:00:00,NA,NA,NA,2013-08-22 13:12:00,2026-02-10 10:34:49,"ISSUED",2027-03-03 14:41:00,"5493001KJTIIGC8Y1R12","FULLY_CORROBORATED","RA000665",NA,"S000042023",NA,NA,NA,NA,NA,243134316,"CONFORMING","https://api.gleif.org/api/v1/lei-records/5493004OBMCV3UPCSG65/managing-lou","https://api.gleif.org/api/v1/lei-records/5493004OBMCV3UPCSG65/lei-issuer","https://api.gleif.org/api/v1/lei-records/5493004OBMCV3UPCSG65/field-modifications","https://api.gleif.org/api/v1/lei-records/5493004OBMCV3UPCSG65/direct-parent-reporting-exception","https://api.gleif.org/api/v1/lei-records/5493004OBMCV3UPCSG65/ultimate-parent-reporting-exception","https://api.gleif.org/api/v1/lei-records/5493004OBMCV3UPCSG65/fund-manager","https://api.gleif.org/api/v1/lei-records/5493004OBMCV3UPCSG65/fund-manager-relationship",TRUE,NA,"Franklin K2 Alternative Strategies Fund","en","PREVIOUS_LEGAL_NAME","251 Little Falls Drive","1st Floor","STANDALONE","SUPPORTING_DOCUMENTS",2026-01-25 00:00:00,2026-02-02 14:44:00,"CHANGE_LEGAL_NAME","COMPLETED","https://api.gleif.org/api/v1/lei-records/5493004OBMCV3UPCSG65/umbrella-fund","https://api.gleif.org/api/v1/lei-records/5493004OBMCV3UPCSG65/umbrella-fund-relationship","Building 970","1 Franklin Parkway",NA,NA,NA,NA,NA,"STANDALONE","OTHER_OFFICIAL_DOCUMENTS",2023-01-16 00:00:00,2023-01-18 13:36:10,"CHANGE_LEGAL_NAME","COMPLETED","https://api.gleif.org/api/v1/lei-records/5493004OBMCV3UPCSG65/isins",NA,NA,NA,NA,NA,NA,NA,NA,NA,NA,NA,NA,NA,NA,NA,NA,NA,NA,NA,NA,NA,NA,NA,NA,NA,NA,NA,NA,NA,NA,NA,NA,NA,NA,NA,NA,NA,NA,NA,NA,NA,NA,NA,NA,NA,NA,NA,NA,NA,NA,NA,NA,NA,NA,NA,NA,NA,NA,NA,NA,NA,NA,NA,NA,NA,NA,NA,NA,NA,NA,NA,NA,NA,NA,NA,NA,NA,NA,NA,NA,NA,NA,NA,NA,NA,NA,NA,NA,NA,NA,NA,NA,NA,NA,NA,NA,NA,NA,NA,NA,NA,NA,NA,NA,NA,NA,NA,NA,NA,NA,NA,NA,NA,NA,NA,NA,NA,NA,NA,NA,NA,NA,NA,NA,NA,NA,NA,NA,NA,NA,NA,NA,NA,NA,NA,NA,NA,NA,NA,NA,NA,NA,NA,NA,NA,NA,NA,NA,NA,NA,NA,NA,NA,NA,NA,NA,NA,NA,NA,NA,NA,NA,NA,NA,NA,NA,NA,NA,NA,NA,NA,NA,NA,NA,NA,NA,NA,NA,NA,NA,NA,NA,NA,NA,NA,NA,NA,NA,NA,NA,NA,NA,NA,NA,NA,NA,NA,NA,NA,NA,NA,NA,NA,NA,NA,NA,NA,NA,NA,NA,NA,NA,NA,NA,NA,NA,NA,NA,NA,NA,NA,NA,NA,NA,NA,NA,"Franklin K2 Alternative Strategies Fund","Open-End Mutual Fund"
"55","5493004WT2PUPHDKF193","5493004WT2PUPHDKF193",200,"5493004WT2PUPHDKF193","PACE Intermediate Fixed Income Investments","en",NA,NA,"en","C/O Corporation Service Company",NA,NA,NA,"Wilmington","US-DE","US","19808","en","C/O UBS Asset Management (Americas) LLC",NA,NA,NA,"New York","US-NY","US","10019","RA000665",NA,"S000002697","US","FUND","8888","SUB-FUND",NA,NA,"ACTIVE",NA,NA,NA,NA,NA,2012-12-02 00:00:00,NA,NA,NA,2012-12-04 16:01:00,2026-01-28 12:49:17,"ISSUED",2027-02-10 00:59:12,"5493001KJTIIGC8Y1R12","FULLY_CORROBORATED","RA000665",NA,"S000002697",NA,NA,NA,NA,NA,39797593,"CONFORMING","https://api.gleif.org/api/v1/lei-records/5493004WT2PUPHDKF193/managing-lou","https://api.gleif.org/api/v1/lei-records/5493004WT2PUPHDKF193/lei-issuer","https://api.gleif.org/api/v1/lei-records/5493004WT2PUPHDKF193/field-modifications","https://api.gleif.org/api/v1/lei-records/5493004WT2PUPHDKF193/direct-parent-reporting-exception","https://api.gleif.org/api/v1/lei-records/5493004WT2PUPHDKF193/ultimate-parent-reporting-exception","https://api.gleif.org/api/v1/lei-records/5493004WT2PUPHDKF193/fund-manager","https://api.gleif.org/api/v1/lei-records/5493004WT2PUPHDKF193/fund-manager-relationship",TRUE,NA,"UBS PACE Select Advisors Trust - UBS PACE Intermediate Fixed Income Investments","en","PREVIOUS_LEGAL_NAME","251 Little Falls Drive","787 Seventh Avenue",NA,NA,NA,NA,NA,NA,"https://api.gleif.org/api/v1/lei-records/5493004WT2PUPHDKF193/umbrella-fund","https://api.gleif.org/api/v1/lei-records/5493004WT2PUPHDKF193/umbrella-fund-relationship",NA,NA,NA,NA,NA,NA,NA,NA,NA,NA,NA,NA,NA,NA,NA,NA,NA,NA,NA,NA,NA,NA,NA,NA,NA,NA,NA,NA,NA,NA,NA,NA,NA,NA,NA,NA,NA,NA,NA,NA,NA,NA,NA,NA,NA,NA,NA,NA,NA,NA,NA,NA,NA,NA,NA,NA,NA,NA,NA,NA,NA,NA,NA,NA,NA,NA,NA,NA,NA,NA,NA,NA,NA,NA,NA,NA,NA,NA,NA,NA,NA,NA,NA,NA,NA,NA,NA,NA,NA,NA,NA,NA,NA,NA,NA,NA,NA,NA,NA,NA,NA,NA,NA,NA,NA,NA,NA,NA,NA,NA,NA,NA,NA,NA,NA,NA,NA,NA,NA,NA,NA,NA,NA,NA,NA,NA,NA,NA,NA,NA,NA,NA,NA,NA,NA,NA,NA,NA,NA,NA,NA,NA,NA,NA,NA,NA,NA,NA,NA,NA,NA,NA,NA,NA,NA,NA,NA,NA,NA,NA,NA,NA,NA,NA,NA,NA,NA,NA,NA,NA,NA,NA,NA,NA,NA,NA,NA,NA,NA,NA,NA,NA,NA,NA,NA,NA,NA,NA,NA,NA,NA,NA,NA,NA,NA,NA,NA,NA,NA,NA,NA,NA,NA,NA,NA,NA,NA,NA,NA,NA,NA,NA,NA,NA,NA,NA,NA,NA,NA,NA,NA,NA,NA,NA,NA,NA,NA,NA,NA,NA,NA,NA,NA,NA,NA,NA,NA,NA,NA,NA,"PACE Intermediate Fixed Income Investments","Open-End Mutual Fund"
"56","5493004YGQCWJELE9114","5493004YGQCWJELE9114",200,"5493004YGQCWJELE9114","Ashmore Emerging Markets Corporate Income Fund","en",NA,NA,"en","C/O Corporation Service Company",NA,NA,NA,"Boston","US-MA","US","02109","en","C/O Ashmore Investment Advisors Limited",NA,NA,NA,"London",NA,"GB","SW1E 5JD","RA000665",NA,"S000030386","US","FUND","8888","FUND",NA,NA,"ACTIVE",NA,NA,NA,NA,NA,2010-12-08 00:00:00,NA,NA,NA,2012-12-18 12:55:00,2026-04-01 04:55:46,"ISSUED",2026-12-13 18:00:00,"5493001KJTIIGC8Y1R12","FULLY_CORROBORATED","RA000665",NA,"S000030386",NA,NA,NA,NA,NA,146275756,"CONFORMING","https://api.gleif.org/api/v1/lei-records/5493004YGQCWJELE9114/managing-lou","https://api.gleif.org/api/v1/lei-records/5493004YGQCWJELE9114/lei-issuer","https://api.gleif.org/api/v1/lei-records/5493004YGQCWJELE9114/field-modifications","https://api.gleif.org/api/v1/lei-records/5493004YGQCWJELE9114/direct-parent-reporting-exception","https://api.gleif.org/api/v1/lei-records/5493004YGQCWJELE9114/ultimate-parent-reporting-exception","https://api.gleif.org/api/v1/lei-records/5493004YGQCWJELE9114/fund-manager","https://api.gleif.org/api/v1/lei-records/5493004YGQCWJELE9114/fund-manager-relationship",TRUE,NA,"Ashmore Funds - Ashmore Emerging Markets Corporate Income Fund","en","PREVIOUS_LEGAL_NAME","84 State Street","16 Palace Street","STANDALONE","REGULATORY_FILING",2026-04-01 00:00:00,2026-04-01 00:00:00,"CHANGE_HQ_ADDRESS","COMPLETED","https://api.gleif.org/api/v1/lei-records/5493004YGQCWJELE9114/umbrella-fund","https://api.gleif.org/api/v1/lei-records/5493004YGQCWJELE9114/umbrella-fund-relationship",NA,NA,"2026.03.19 - Companies House - Change of Registered Address - AshmorePLC.pdf",NA,NA,NA,NA,NA,NA,NA,NA,NA,NA,NA,NA,NA,NA,NA,NA,NA,NA,NA,NA,NA,NA,NA,NA,NA,NA,NA,NA,NA,NA,NA,NA,NA,NA,NA,NA,NA,NA,NA,NA,NA,NA,NA,NA,NA,NA,NA,NA,NA,NA,NA,NA,NA,NA,NA,NA,NA,NA,NA,NA,NA,NA,NA,NA,NA,NA,NA,NA,NA,NA,NA,NA,NA,NA,NA,NA,NA,NA,NA,NA,NA,NA,NA,NA,NA,NA,NA,NA,NA,NA,NA,NA,NA,NA,NA,NA,NA,NA,NA,NA,NA,NA,NA,NA,NA,NA,NA,NA,NA,NA,NA,NA,NA,NA,NA,NA,NA,NA,NA,NA,NA,NA,NA,NA,NA,NA,NA,NA,NA,NA,NA,NA,NA,NA,NA,NA,NA,NA,NA,NA,NA,NA,NA,NA,NA,NA,NA,NA,NA,NA,NA,NA,NA,NA,NA,NA,NA,NA,NA,NA,NA,NA,NA,NA,NA,NA,NA,NA,NA,NA,NA,NA,NA,NA,NA,NA,NA,NA,NA,NA,NA,NA,NA,NA,NA,NA,NA,NA,NA,NA,NA,NA,NA,NA,NA,NA,NA,NA,NA,NA,NA,NA,NA,NA,NA,NA,NA,NA,NA,NA,NA,NA,NA,NA,NA,NA,NA,NA,NA,NA,NA,NA,NA,NA,NA,NA,NA,NA,NA,NA,NA,NA,NA,NA,NA,NA,NA,"Ashmore Emerging Markets Corporate Debt Fund","Open-End Mutual Fund"
"57","54930050U0OPYGNOU074","54930050U0OPYGNOU074",200,"54930050U0OPYGNOU074","iShares Currency Hedged MSCI Eurozone ETF","en",NA,NA,"en","c/o THE CORPORATION TRUST COMPANY, CORPORATION TRUST CENTER 1209 ORANGE ST",NA,NA,NA,"WILMINGTON","US-DE","US","19801","en","c/o BLACKROCK FUND ADVISORS, c/o TERRI SLANE, 400 HOWARD STREET",NA,NA,"c/o BLACKROCK FUND ADVISORS","SAN FRANCISCO","US-CA","US","94105","RA000665",NA,"S000045646","US-DE","FUND","8888","Trust",NA,NA,"ACTIVE",NA,NA,NA,NA,NA,2014-03-20 23:00:00,NA,NA,NA,2014-07-10 02:03:00,2025-11-22 11:13:37,"ISSUED",2027-01-12 09:58:58,"5299000J2N45DDNE4Y28","FULLY_CORROBORATED","RA000665",NA,"S000045646",NA,NA,NA,NA,NA,262942410,"CONFORMING","https://api.gleif.org/api/v1/lei-records/54930050U0OPYGNOU074/managing-lou","https://api.gleif.org/api/v1/lei-records/54930050U0OPYGNOU074/lei-issuer","https://api.gleif.org/api/v1/lei-records/54930050U0OPYGNOU074/field-modifications","https://api.gleif.org/api/v1/lei-records/54930050U0OPYGNOU074/direct-parent-reporting-exception","https://api.gleif.org/api/v1/lei-records/54930050U0OPYGNOU074/ultimate-parent-reporting-exception","https://api.gleif.org/api/v1/lei-records/54930050U0OPYGNOU074/fund-manager","https://api.gleif.org/api/v1/lei-records/54930050U0OPYGNOU074/fund-manager-relationship",TRUE,NA,"iSHARES TRUST - iShares Currency Hedged MSCI Eurozone ETF","en","PREVIOUS_LEGAL_NAME",NA,NA,"STANDALONE","SUPPORTING_DOCUMENTS",2023-02-05 23:00:00,2023-02-06 16:21:50,"CHANGE_HQ_ADDRESS","COMPLETED","https://api.gleif.org/api/v1/lei-records/54930050U0OPYGNOU074/umbrella-fund","https://api.gleif.org/api/v1/lei-records/54930050U0OPYGNOU074/umbrella-fund-relationship",NA,NA,NA,NA,NA,NA,NA,"STANDALONE","SUPPORTING_DOCUMENTS",2023-02-05 23:00:00,2023-02-06 16:21:50,"CHANGE_LEGAL_ADDRESS","COMPLETED",NA,NA,NA,NA,NA,NA,NA,NA,NA,NA,NA,NA,NA,NA,NA,NA,NA,NA,NA,NA,"STANDALONE","SUPPORTING_DOCUMENTS",2023-02-05 23:00:00,2023-02-06 16:21:50,"CHANGE_LEGAL_NAME","COMPLETED",NA,NA,NA,NA,NA,NA,NA,NA,NA,NA,NA,NA,NA,NA,NA,NA,NA,NA,NA,NA,NA,NA,NA,NA,NA,NA,NA,NA,NA,NA,NA,NA,NA,NA,NA,NA,NA,NA,NA,NA,NA,NA,NA,NA,NA,NA,NA,NA,NA,NA,NA,NA,NA,NA,NA,NA,NA,NA,NA,NA,NA,NA,NA,NA,NA,NA,NA,NA,NA,NA,NA,NA,NA,NA,NA,NA,NA,NA,NA,NA,NA,NA,NA,NA,NA,NA,NA,NA,NA,NA,NA,NA,NA,NA,NA,NA,NA,NA,NA,NA,NA,NA,NA,NA,NA,NA,NA,NA,NA,NA,NA,NA,NA,NA,NA,NA,NA,NA,NA,NA,NA,NA,NA,NA,NA,NA,NA,NA,NA,NA,NA,NA,NA,NA,NA,NA,NA,NA,NA,NA,NA,NA,NA,NA,NA,NA,NA,NA,NA,NA,NA,NA,NA,NA,NA,NA,NA,NA,NA,NA,NA,NA,NA,NA,NA,NA,NA,NA,NA,NA,NA,NA,NA,NA,NA,NA,NA,NA,NA,NA,NA,NA,NA,NA,NA,NA,NA,NA,NA,NA,NA,NA,NA,NA,NA,NA,NA,NA,NA,NA,NA,"iShares Currency Hedged MSCI Eurozone ETF","ETF"
"58","5493005D3C0USHNYVL44","5493005D3C0USHNYVL44",200,"5493005D3C0USHNYVL44","Fixed Income SHares: Series C","en",NA,NA,"en","C/O CORPORATION SERVICE COMPANY",NA,NA,NA,"BOSTON","US-MA","US","02109","en","C/O PACIFIC INVESTMENT MANAGEMENT COMPANY LLC",NA,NA,NA,"NEWPORT BEACH","US-CA","US","92660","RA000665",NA,"S000004804","US","FUND","8888","Sub-Fund",NA,NA,"ACTIVE",NA,NA,NA,NA,NA,2012-12-26 00:00:00,NA,NA,NA,2012-12-27 16:00:00,2025-06-19 05:28:31,"ISSUED",2026-07-07 00:00:00,"5493001KJTIIGC8Y1R12","FULLY_CORROBORATED","RA000665",NA,"S000004804",NA,NA,NA,NA,NA,33772860,"CONFORMING","https://api.gleif.org/api/v1/lei-records/5493005D3C0USHNYVL44/managing-lou","https://api.gleif.org/api/v1/lei-records/5493005D3C0USHNYVL44/lei-issuer","https://api.gleif.org/api/v1/lei-records/5493005D3C0USHNYVL44/field-modifications","https://api.gleif.org/api/v1/lei-records/5493005D3C0USHNYVL44/direct-parent-reporting-exception","https://api.gleif.org/api/v1/lei-records/5493005D3C0USHNYVL44/ultimate-parent-reporting-exception","https://api.gleif.org/api/v1/lei-records/5493005D3C0USHNYVL44/fund-manager","https://api.gleif.org/api/v1/lei-records/5493005D3C0USHNYVL44/fund-manager-relationship",TRUE,NA,"AllianzGI Managed Accounts Trust - Fixed Income SHares: Series C","en","PREVIOUS_LEGAL_NAME","84 STATE STREET","650 NEWPORT CENTER DRIVE",NA,NA,NA,NA,NA,NA,"https://api.gleif.org/api/v1/lei-records/5493005D3C0USHNYVL44/umbrella-fund","https://api.gleif.org/api/v1/lei-records/5493005D3C0USHNYVL44/umbrella-fund-relationship",NA,NA,NA,"Allianz Global Investors Managed Accounts Trust - Fixed Income SHares: Series C","en","PREVIOUS_LEGAL_NAME",NA,NA,NA,NA,NA,NA,NA,NA,NA,NA,NA,NA,NA,NA,NA,NA,NA,NA,NA,NA,NA,NA,NA,NA,NA,NA,NA,NA,NA,NA,NA,NA,NA,NA,NA,NA,NA,NA,NA,NA,NA,NA,NA,NA,NA,NA,NA,NA,NA,NA,NA,NA,NA,"Fixed Income Shares - Fixed Income SHares: Series C","en","PREVIOUS_LEGAL_NAME","PIMCO Managed Accounts Trust - Fixed Income SHares: Series C","en","TRADING_OR_OPERATING_NAME",NA,NA,NA,NA,NA,NA,NA,NA,NA,NA,NA,NA,NA,NA,NA,NA,NA,NA,NA,NA,NA,NA,NA,NA,NA,NA,NA,NA,NA,NA,NA,NA,NA,NA,NA,NA,NA,NA,NA,NA,NA,NA,NA,NA,NA,NA,NA,NA,NA,NA,NA,NA,NA,NA,NA,NA,NA,NA,NA,NA,NA,NA,NA,NA,NA,NA,NA,NA,NA,NA,NA,NA,NA,NA,NA,NA,NA,NA,NA,NA,NA,NA,NA,NA,NA,NA,NA,NA,NA,NA,NA,NA,NA,NA,NA,NA,NA,NA,NA,NA,NA,NA,NA,NA,NA,NA,NA,NA,NA,NA,NA,NA,NA,NA,NA,NA,NA,NA,NA,NA,NA,NA,NA,NA,NA,NA,NA,NA,NA,NA,NA,NA,NA,NA,NA,NA,NA,NA,NA,NA,NA,NA,NA,NA,NA,NA,NA,NA,NA,NA,NA,NA,NA,NA,NA,NA,NA,NA,NA,NA,NA,NA,NA,NA,NA,NA,NA,NA,NA,NA,NA,NA,NA,NA,NA,"PIMCO Fixed Income SHares: Series C","Open-End Mutual Fund"
"59","5493005E2UTORKLVJJ05","5493005E2UTORKLVJJ05",200,"5493005E2UTORKLVJJ05","JNL/PIMCO INCOME FUND","en",NA,NA,"en","C/O PRENTICE-HALL CORPORATION SYSTEM, INC.",NA,NA,NA,"BOSTON","US-MA","US","02109","en","C/O JACKSON NATIONAL ASSET MANAGEMENT LLC",NA,NA,NA,"LANSING","US-MI","US","48951","RA000665",NA,"S000058490","US","FUND","8888","SUB FUND",NA,NA,"ACTIVE",NA,NA,NA,NA,NA,1994-06-01 00:00:00,NA,NA,NA,2017-08-30 01:43:00,2025-09-09 15:51:19,"ISSUED",2026-09-30 00:00:00,"5493001KJTIIGC8Y1R12","FULLY_CORROBORATED","RA000665",NA,"S000058490",NA,NA,NA,NA,NA,536059524,"CONFORMING","https://api.gleif.org/api/v1/lei-records/5493005E2UTORKLVJJ05/managing-lou","https://api.gleif.org/api/v1/lei-records/5493005E2UTORKLVJJ05/lei-issuer","https://api.gleif.org/api/v1/lei-records/5493005E2UTORKLVJJ05/field-modifications","https://api.gleif.org/api/v1/lei-records/5493005E2UTORKLVJJ05/direct-parent-reporting-exception","https://api.gleif.org/api/v1/lei-records/5493005E2UTORKLVJJ05/ultimate-parent-reporting-exception","https://api.gleif.org/api/v1/lei-records/5493005E2UTORKLVJJ05/fund-manager","https://api.gleif.org/api/v1/lei-records/5493005E2UTORKLVJJ05/fund-manager-relationship",TRUE,NA,NA,NA,NA,"84 STATE ST","ONE CORPORATE WAY",NA,NA,NA,NA,NA,NA,"https://api.gleif.org/api/v1/lei-records/5493005E2UTORKLVJJ05/umbrella-fund","https://api.gleif.org/api/v1/lei-records/5493005E2UTORKLVJJ05/umbrella-fund-relationship",NA,NA,NA,NA,NA,NA,NA,NA,NA,NA,NA,NA,NA,"https://api.gleif.org/api/v1/lei-records/5493005E2UTORKLVJJ05/isins",NA,NA,NA,NA,NA,NA,NA,NA,NA,NA,NA,NA,NA,NA,NA,NA,NA,NA,NA,NA,NA,NA,NA,NA,NA,NA,NA,NA,NA,NA,NA,NA,NA,NA,NA,NA,NA,NA,NA,NA,NA,NA,NA,NA,NA,NA,NA,NA,NA,NA,NA,NA,NA,NA,NA,NA,NA,NA,NA,NA,NA,NA,NA,NA,NA,NA,NA,NA,NA,NA,NA,NA,NA,NA,NA,NA,NA,NA,NA,NA,NA,NA,NA,NA,NA,NA,NA,NA,NA,NA,NA,NA,NA,NA,NA,NA,NA,NA,NA,NA,NA,NA,NA,NA,NA,NA,NA,NA,NA,NA,NA,NA,NA,NA,NA,NA,NA,NA,NA,NA,NA,NA,NA,NA,NA,NA,NA,NA,NA,NA,NA,NA,NA,NA,NA,NA,NA,NA,NA,NA,NA,NA,NA,NA,NA,NA,NA,NA,NA,NA,NA,NA,NA,NA,NA,NA,NA,NA,NA,NA,NA,NA,NA,NA,NA,NA,NA,NA,NA,NA,NA,NA,NA,NA,NA,NA,NA,NA,NA,NA,NA,NA,NA,NA,NA,NA,NA,NA,NA,NA,NA,NA,NA,NA,NA,NA,NA,NA,NA,NA,NA,NA,NA,NA,NA,NA,NA,NA,NA,NA,NA,NA,NA,NA,NA,NA,NA,NA,NA,NA,NA,NA,NA,NA,NA,NA,"JNL/PIMCO Income Fund","Open-End Mutual Fund"
"60","5493005RXITDUV4BHM06","5493005RXITDUV4BHM06",200,"5493005RXITDUV4BHM06","PIMCO Climate Bond Fund","en",NA,NA,"en","C/O C T CORPORATION SYSTEM",NA,NA,NA,"BOSTON","US-MA","US","02110","en","C/O PACIFIC INVESTMENT MANAGEMENT COMPANY LLC",NA,NA,NA,"NEWPORT BEACH","US-CA","US","92660","RA000665",NA,"S000066984","US","FUND","8888","FUND",NA,NA,"ACTIVE",NA,NA,NA,NA,NA,2016-12-31 00:00:00,NA,NA,NA,2019-10-28 18:33:00,2025-06-19 18:06:49,"ISSUED",2026-07-07 00:00:00,"5493001KJTIIGC8Y1R12","FULLY_CORROBORATED","RA000665",NA,"S000066984",NA,NA,NA,NA,NA,636811785,"CONFORMING","https://api.gleif.org/api/v1/lei-records/5493005RXITDUV4BHM06/managing-lou","https://api.gleif.org/api/v1/lei-records/5493005RXITDUV4BHM06/lei-issuer","https://api.gleif.org/api/v1/lei-records/5493005RXITDUV4BHM06/field-modifications","https://api.gleif.org/api/v1/lei-records/5493005RXITDUV4BHM06/direct-parent-reporting-exception","https://api.gleif.org/api/v1/lei-records/5493005RXITDUV4BHM06/ultimate-parent-reporting-exception","https://api.gleif.org/api/v1/lei-records/5493005RXITDUV4BHM06/fund-manager","https://api.gleif.org/api/v1/lei-records/5493005RXITDUV4BHM06/fund-manager-relationship",TRUE,NA,NA,NA,NA,"155 FEDERAL ST.","650 NEWPORT CENTER DRIVE",NA,NA,NA,NA,NA,NA,"https://api.gleif.org/api/v1/lei-records/5493005RXITDUV4BHM06/umbrella-fund","https://api.gleif.org/api/v1/lei-records/5493005RXITDUV4BHM06/umbrella-fund-relationship",NA,NA,NA,NA,NA,NA,"SUITE 700",NA,NA,NA,NA,NA,NA,NA,NA,NA,NA,NA,NA,NA,NA,NA,NA,NA,NA,NA,NA,NA,NA,NA,NA,NA,NA,NA,NA,NA,NA,NA,NA,NA,NA,NA,NA,NA,NA,NA,NA,NA,NA,NA,NA,NA,NA,NA,NA,NA,NA,NA,NA,NA,NA,NA,NA,NA,NA,NA,NA,NA,NA,NA,NA,NA,NA,NA,NA,NA,NA,NA,NA,NA,NA,NA,NA,NA,NA,NA,NA,NA,NA,NA,NA,NA,NA,NA,NA,NA,NA,NA,NA,NA,NA,NA,NA,NA,NA,NA,NA,NA,NA,NA,NA,NA,NA,NA,NA,NA,NA,NA,NA,NA,NA,NA,NA,NA,NA,NA,NA,NA,NA,NA,NA,NA,NA,NA,NA,NA,NA,NA,NA,NA,NA,NA,NA,NA,NA,NA,NA,NA,NA,NA,NA,NA,NA,NA,NA,NA,NA,NA,NA,NA,NA,NA,NA,NA,NA,NA,NA,NA,NA,NA,NA,NA,NA,NA,NA,NA,NA,NA,NA,NA,NA,NA,NA,NA,NA,NA,NA,NA,NA,NA,NA,NA,NA,NA,NA,NA,NA,NA,NA,NA,NA,NA,NA,NA,NA,NA,NA,NA,NA,NA,NA,NA,NA,NA,NA,NA,NA,NA,NA,NA,NA,NA,NA,NA,NA,NA,NA,NA,NA,NA,NA,NA,NA,NA,NA,NA,NA,NA,NA,NA,"PIMCO Climate Bond Fund","Open-End Mutual Fund"
"61","5493005UQ8IUU08LTI42","5493005UQ8IUU08LTI42",200,"5493005UQ8IUU08LTI42","Eaton Vance Emerging Markets Debt Fund","en",NA,NA,"en","TWO INTERNATIONAL PLACE",NA,NA,NA,"BOSTON","US-MA","US","02110","en","C/O EATON VANCE MANAGEMENT",NA,NA,NA,"Boston","US-MA","US","02110","RA000665",NA,"S000061852","US","FUND","8888","FUND",NA,NA,"INACTIVE",NA,NA,NA,NA,NA,2018-04-12 00:00:00,NA,NA,NA,2018-04-12 15:32:00,2023-11-14 19:24:59,"RETIRED",2023-12-15 08:05:00,"5493001KJTIIGC8Y1R12","FULLY_CORROBORATED","RA000665",NA,"S000061852",NA,NA,NA,NA,NA,559403518,"NOT_APPLICABLE","https://api.gleif.org/api/v1/lei-records/5493005UQ8IUU08LTI42/managing-lou","https://api.gleif.org/api/v1/lei-records/5493005UQ8IUU08LTI42/lei-issuer","https://api.gleif.org/api/v1/lei-records/5493005UQ8IUU08LTI42/field-modifications","https://api.gleif.org/api/v1/lei-records/5493005UQ8IUU08LTI42/direct-parent-reporting-exception","https://api.gleif.org/api/v1/lei-records/5493005UQ8IUU08LTI42/ultimate-parent-reporting-exception",NA,NA,TRUE,NA,NA,NA,NA,NA,"TWO INTERNATIONAL PLACE","STANDALONE","REGULATORY_FILING",2023-01-13 00:00:00,2023-11-10 20:09:37,"LIQUIDATION","COMPLETED",NA,NA,NA,NA,NA,NA,NA,NA,NA,NA,NA,NA,NA,NA,NA,NA,NA,NA,NA,NA,NA,NA,NA,NA,NA,NA,NA,NA,NA,NA,NA,NA,NA,NA,NA,NA,NA,NA,NA,NA,NA,NA,NA,NA,NA,NA,NA,NA,NA,NA,NA,NA,NA,NA,NA,NA,NA,NA,NA,NA,NA,NA,NA,NA,NA,NA,NA,NA,NA,NA,NA,NA,NA,NA,NA,NA,NA,NA,NA,NA,NA,NA,NA,NA,NA,NA,NA,NA,NA,NA,NA,NA,NA,NA,NA,NA,NA,NA,NA,NA,NA,NA,NA,NA,NA,NA,NA,NA,NA,NA,NA,NA,NA,NA,NA,NA,NA,NA,NA,NA,NA,NA,NA,NA,NA,NA,NA,NA,NA,NA,NA,NA,NA,NA,NA,NA,NA,NA,NA,NA,NA,NA,NA,NA,NA,NA,NA,NA,NA,NA,NA,NA,NA,NA,NA,NA,NA,NA,NA,NA,NA,NA,NA,NA,NA,NA,NA,NA,NA,NA,NA,NA,NA,NA,NA,NA,NA,NA,NA,NA,NA,NA,NA,NA,NA,NA,NA,NA,NA,NA,NA,NA,NA,NA,NA,NA,NA,NA,NA,NA,NA,NA,NA,NA,NA,NA,NA,NA,NA,NA,NA,NA,NA,NA,NA,NA,NA,NA,NA,NA,NA,NA,NA,NA,NA,NA,NA,NA,NA,NA,NA,NA,NA,NA,NA,NA,NA,NA,NA,NA,NA,NA,"Eaton Vance Emerging Markets Debt Fund","Open-End Mutual Fund"
"62","5493005XIUS3K210TZ03","5493005XIUS3K210TZ03",200,"5493005XIUS3K210TZ03","Eaton Vance Short Duration High Income Fund","en",NA,NA,"en","C/O C T CORPORATION SYSTEM",NA,NA,NA,"BOSTON","US-MA","US","02110","en","C/O EATON VANCE MANAGEMENT",NA,NA,NA,"BOSTON","US-MA","US","02110","RA000665",NA,"S000042789","US","FUND","8888","FUND",NA,NA,"ACTIVE",NA,NA,NA,NA,NA,2016-12-31 00:00:00,NA,NA,NA,2018-04-17 15:31:00,2026-02-13 19:34:42,"ISSUED",2027-02-28 16:37:48,"5493001KJTIIGC8Y1R12","FULLY_CORROBORATED","RA000665",NA,"S000042789",NA,NA,NA,NA,NA,249960195,"CONFORMING","https://api.gleif.org/api/v1/lei-records/5493005XIUS3K210TZ03/managing-lou","https://api.gleif.org/api/v1/lei-records/5493005XIUS3K210TZ03/lei-issuer","https://api.gleif.org/api/v1/lei-records/5493005XIUS3K210TZ03/field-modifications","https://api.gleif.org/api/v1/lei-records/5493005XIUS3K210TZ03/direct-parent-reporting-exception","https://api.gleif.org/api/v1/lei-records/5493005XIUS3K210TZ03/ultimate-parent-reporting-exception","https://api.gleif.org/api/v1/lei-records/5493005XIUS3K210TZ03/fund-manager","https://api.gleif.org/api/v1/lei-records/5493005XIUS3K210TZ03/fund-manager-relationship",TRUE,NA,NA,NA,NA,"155 FEDERAL STREET, SUITE 700","ONE POST OFFICE SQUARE",NA,NA,NA,NA,NA,NA,"https://api.gleif.org/api/v1/lei-records/5493005XIUS3K210TZ03/umbrella-fund","https://api.gleif.org/api/v1/lei-records/5493005XIUS3K210TZ03/umbrella-fund-relationship",NA,NA,NA,NA,NA,NA,NA,NA,NA,NA,NA,NA,NA,NA,NA,NA,NA,NA,NA,NA,NA,NA,NA,NA,NA,NA,NA,NA,NA,NA,NA,NA,NA,NA,NA,NA,NA,NA,NA,NA,NA,NA,NA,NA,NA,NA,NA,NA,NA,NA,NA,NA,NA,NA,NA,NA,NA,NA,NA,NA,NA,NA,NA,NA,NA,NA,NA,NA,NA,NA,NA,NA,NA,NA,NA,NA,NA,NA,NA,NA,NA,NA,NA,NA,NA,NA,NA,NA,NA,NA,NA,NA,NA,NA,NA,NA,NA,NA,NA,NA,NA,NA,NA,NA,NA,NA,NA,NA,NA,NA,NA,NA,NA,NA,NA,NA,NA,NA,NA,NA,NA,NA,NA,NA,NA,NA,NA,NA,NA,NA,NA,NA,NA,NA,NA,NA,NA,NA,NA,NA,NA,NA,NA,NA,NA,NA,NA,NA,NA,NA,NA,NA,NA,NA,NA,NA,NA,NA,NA,NA,NA,NA,NA,NA,NA,NA,NA,NA,NA,NA,NA,NA,NA,NA,NA,NA,NA,NA,NA,NA,NA,NA,NA,NA,NA,NA,NA,NA,NA,NA,NA,NA,NA,NA,NA,NA,NA,NA,NA,NA,NA,NA,NA,NA,NA,NA,NA,NA,NA,NA,NA,NA,NA,NA,NA,NA,NA,NA,NA,NA,NA,NA,NA,NA,NA,NA,NA,NA,NA,NA,NA,NA,NA,NA,NA,NA,NA,NA,NA,NA,"Eaton Vance Short Duration High Income Fund","Open-End Mutual Fund"
"63","5493005YV1ZAFT4HDQ82","5493005YV1ZAFT4HDQ82",200,"5493005YV1ZAFT4HDQ82","Goldman Sachs Global Managed Beta Fund","en",NA,NA,"en","Corporation Trust Center",NA,NA,NA,"Wilmington","US-DE","US","19801","en","200 West Street",NA,NA,"c/o GOLDMAN SACHS ASSET MANAGEMENT, L.P.","New York","US-NY","US","10282","RA000665",NA,"S000048066","US-DE","FUND","8888","Fund",NA,NA,"ACTIVE",NA,NA,NA,NA,NA,2015-04-30 00:00:00,NA,NA,NA,2014-12-11 01:51:00,2026-02-20 20:20:39,"ISSUED",2027-03-01 17:45:00,"529900T8BM49AURSDO55","PARTIALLY_CORROBORATED","RA000665",NA,"S000048066",NA,NA,NA,NA,NA,278635032,"CONFORMING","https://api.gleif.org/api/v1/lei-records/5493005YV1ZAFT4HDQ82/managing-lou","https://api.gleif.org/api/v1/lei-records/5493005YV1ZAFT4HDQ82/lei-issuer","https://api.gleif.org/api/v1/lei-records/5493005YV1ZAFT4HDQ82/field-modifications","https://api.gleif.org/api/v1/lei-records/5493005YV1ZAFT4HDQ82/direct-parent-reporting-exception","https://api.gleif.org/api/v1/lei-records/5493005YV1ZAFT4HDQ82/ultimate-parent-reporting-exception","https://api.gleif.org/api/v1/lei-records/5493005YV1ZAFT4HDQ82/fund-manager","https://api.gleif.org/api/v1/lei-records/5493005YV1ZAFT4HDQ82/fund-manager-relationship",TRUE,NA,NA,NA,NA,"1209 Orange Street",NA,NA,NA,NA,NA,NA,NA,"https://api.gleif.org/api/v1/lei-records/5493005YV1ZAFT4HDQ82/umbrella-fund","https://api.gleif.org/api/v1/lei-records/5493005YV1ZAFT4HDQ82/umbrella-fund-relationship",NA,NA,NA,NA,NA,NA,NA,NA,NA,NA,NA,NA,NA,NA,NA,NA,NA,NA,NA,NA,NA,NA,NA,NA,NA,NA,NA,NA,NA,NA,NA,NA,NA,NA,NA,NA,NA,NA,NA,NA,NA,NA,NA,NA,NA,NA,NA,NA,NA,NA,NA,NA,NA,NA,NA,NA,NA,NA,NA,NA,NA,NA,NA,NA,NA,NA,NA,NA,NA,NA,NA,NA,NA,NA,NA,NA,NA,NA,NA,NA,NA,NA,NA,NA,NA,NA,NA,NA,NA,NA,NA,NA,NA,NA,NA,NA,NA,NA,NA,NA,NA,NA,NA,NA,NA,NA,NA,NA,NA,NA,NA,NA,NA,NA,NA,NA,NA,NA,NA,NA,NA,NA,NA,NA,NA,NA,NA,NA,NA,NA,NA,NA,NA,NA,NA,NA,NA,NA,NA,NA,NA,NA,NA,NA,NA,NA,NA,NA,NA,NA,NA,NA,NA,NA,NA,NA,NA,NA,NA,NA,NA,NA,NA,NA,NA,NA,NA,NA,NA,NA,NA,NA,NA,NA,NA,NA,NA,NA,NA,NA,NA,NA,NA,NA,NA,NA,NA,NA,NA,NA,NA,NA,NA,NA,NA,NA,NA,NA,NA,NA,NA,NA,NA,NA,NA,NA,NA,NA,NA,NA,NA,NA,NA,NA,NA,NA,NA,NA,NA,NA,NA,NA,NA,NA,NA,NA,NA,NA,NA,NA,NA,NA,NA,NA,NA,NA,NA,NA,NA,NA,"Goldman Sachs Global Managed Beta Fund","Open-End Mutual Fund"
"64","54930065W0W48GS6Q788","54930065W0W48GS6Q788",200,"54930065W0W48GS6Q788","Goldman Sachs Moderate Allocation Fund","en",NA,NA,"en","71 SOUTH WACKER DRIVE",NA,NA,NA,"CHICAGO","US-IL","US","60606","en","200 West Street",NA,NA,"c/o GOLDMAN SACHS ASSET MANAGEMENT, L.P.","New York","US-NY","US","10282","RA000665",NA,"S000009325","US-DE","FUND","8888","Fund",NA,NA,"ACTIVE",NA,NA,NA,NA,NA,1998-01-02 00:00:00,NA,NA,NA,2014-01-09 03:18:00,2026-03-17 17:25:30,"ISSUED",2027-03-01 19:06:48,"529900T8BM49AURSDO55","FULLY_CORROBORATED","RA000665",NA,"S000009325",NA,NA,NA,NA,NA,54214268,"CONFORMING","https://api.gleif.org/api/v1/lei-records/54930065W0W48GS6Q788/managing-lou","https://api.gleif.org/api/v1/lei-records/54930065W0W48GS6Q788/lei-issuer","https://api.gleif.org/api/v1/lei-records/54930065W0W48GS6Q788/field-modifications","https://api.gleif.org/api/v1/lei-records/54930065W0W48GS6Q788/direct-parent-reporting-exception","https://api.gleif.org/api/v1/lei-records/54930065W0W48GS6Q788/ultimate-parent-reporting-exception","https://api.gleif.org/api/v1/lei-records/54930065W0W48GS6Q788/fund-manager","https://api.gleif.org/api/v1/lei-records/54930065W0W48GS6Q788/fund-manager-relationship",TRUE,NA,"Goldman Sachs Growth And Income Strategy Portfolio","en","PREVIOUS_LEGAL_NAME",NA,NA,"STANDALONE","SUPPORTING_DOCUMENTS",2026-02-13 00:00:00,2026-03-11 15:07:10,"CHANGE_LEGAL_NAME","COMPLETED","https://api.gleif.org/api/v1/lei-records/54930065W0W48GS6Q788/umbrella-fund","https://api.gleif.org/api/v1/lei-records/54930065W0W48GS6Q788/umbrella-fund-relationship",NA,NA,NA,NA,NA,NA,NA,"STANDALONE","SUPPORTING_DOCUMENTS",2023-12-21 00:00:00,2024-01-02 15:50:10,"CHANGE_LEGAL_ADDRESS","COMPLETED",NA,NA,NA,NA,NA,NA,NA,NA,NA,NA,NA,NA,NA,NA,NA,NA,NA,NA,NA,NA,NA,NA,NA,NA,NA,NA,NA,NA,NA,NA,NA,NA,NA,NA,NA,NA,NA,NA,NA,NA,NA,NA,NA,NA,NA,NA,NA,NA,NA,NA,NA,NA,NA,NA,NA,NA,NA,NA,NA,NA,NA,NA,NA,NA,NA,NA,NA,NA,NA,NA,NA,NA,NA,NA,NA,NA,NA,NA,NA,NA,NA,NA,NA,NA,NA,NA,NA,NA,NA,NA,NA,NA,NA,NA,NA,NA,NA,NA,NA,NA,NA,NA,NA,NA,NA,NA,NA,NA,NA,NA,NA,NA,NA,NA,NA,NA,NA,NA,NA,NA,NA,NA,NA,NA,NA,NA,NA,NA,NA,NA,NA,NA,NA,NA,NA,NA,NA,NA,NA,NA,NA,NA,NA,NA,NA,NA,NA,NA,NA,NA,NA,NA,NA,NA,NA,NA,NA,NA,NA,NA,NA,NA,NA,NA,NA,NA,NA,NA,NA,NA,NA,NA,NA,NA,NA,NA,NA,NA,NA,NA,NA,NA,NA,NA,NA,NA,NA,NA,NA,NA,NA,NA,NA,NA,NA,NA,NA,NA,NA,NA,NA,NA,NA,NA,NA,NA,NA,NA,NA,NA,NA,NA,NA,NA,NA,NA,NA,NA,NA,NA,NA,NA,NA,NA,NA,NA,NA,"Goldman Sachs Growth and Income Strategy Portfolio","Open-End Mutual Fund"
"65","5493006ECFME6VCZ0U45","5493006ECFME6VCZ0U45",200,"5493006ECFME6VCZ0U45","Inflation Protection Fund","en",NA,NA,"en","C/O CSC-LAWYERS INCORPORATING SERVICE COMPANY",NA,NA,NA,"BALTIMORE","US-MD","US","21202","en","C/O Principal Global Investors, LLC",NA,NA,NA,"Des Moines","US-IA","US","50392","RA000665",NA,"S000006997","US","FUND","8888","Sub-Fund",NA,NA,"ACTIVE",NA,NA,NA,NA,NA,2004-12-29 00:00:00,NA,NA,NA,2013-02-04 13:30:00,2025-10-22 21:08:16,"ISSUED",2026-11-14 19:34:00,"5493001KJTIIGC8Y1R12","FULLY_CORROBORATED","RA000665",NA,"S000006997",NA,NA,NA,NA,NA,58057144,"CONFORMING","https://api.gleif.org/api/v1/lei-records/5493006ECFME6VCZ0U45/managing-lou","https://api.gleif.org/api/v1/lei-records/5493006ECFME6VCZ0U45/lei-issuer","https://api.gleif.org/api/v1/lei-records/5493006ECFME6VCZ0U45/field-modifications","https://api.gleif.org/api/v1/lei-records/5493006ECFME6VCZ0U45/direct-parent-reporting-exception","https://api.gleif.org/api/v1/lei-records/5493006ECFME6VCZ0U45/ultimate-parent-reporting-exception","https://api.gleif.org/api/v1/lei-records/5493006ECFME6VCZ0U45/fund-manager","https://api.gleif.org/api/v1/lei-records/5493006ECFME6VCZ0U45/fund-manager-relationship",TRUE,NA,"PRINCIPAL INVESTORS FUND INC - Inflation Protection Fund","en","PREVIOUS_LEGAL_NAME","7 ST. PAUL STREET","711 High Street",NA,NA,NA,NA,NA,NA,"https://api.gleif.org/api/v1/lei-records/5493006ECFME6VCZ0U45/umbrella-fund","https://api.gleif.org/api/v1/lei-records/5493006ECFME6VCZ0U45/umbrella-fund-relationship",NA,NA,NA,"PRINCIPAL FUNDS, INC. - Inflation Protection Fund","en","PREVIOUS_LEGAL_NAME","SUITE 820",NA,NA,NA,NA,NA,NA,NA,NA,NA,NA,NA,NA,NA,NA,NA,NA,NA,NA,NA,NA,NA,NA,NA,NA,NA,NA,NA,NA,NA,NA,NA,NA,NA,NA,NA,NA,NA,NA,NA,NA,NA,NA,NA,NA,NA,NA,NA,NA,NA,NA,NA,NA,"PRINCIPAL FUNDS INC - Inflation Protection Fund","en","PREVIOUS_LEGAL_NAME",NA,NA,NA,NA,NA,NA,NA,NA,NA,NA,NA,NA,NA,NA,NA,NA,NA,NA,NA,NA,NA,NA,NA,NA,NA,NA,NA,NA,NA,NA,NA,NA,NA,NA,NA,NA,NA,NA,NA,NA,NA,NA,NA,NA,NA,NA,NA,NA,NA,NA,NA,NA,NA,NA,NA,NA,NA,NA,NA,NA,NA,NA,NA,NA,NA,NA,NA,NA,NA,NA,NA,NA,NA,NA,NA,NA,NA,NA,NA,NA,NA,NA,NA,NA,NA,NA,NA,NA,NA,NA,NA,NA,NA,NA,NA,NA,NA,NA,NA,NA,NA,NA,NA,NA,NA,NA,NA,NA,NA,NA,NA,NA,NA,NA,NA,NA,NA,NA,NA,NA,NA,NA,NA,NA,NA,NA,NA,NA,NA,NA,NA,NA,NA,NA,NA,NA,NA,NA,NA,NA,NA,NA,NA,NA,NA,NA,NA,NA,NA,NA,NA,NA,NA,NA,NA,NA,NA,NA,NA,NA,NA,NA,NA,NA,NA,NA,NA,NA,NA,NA,NA,NA,NA,NA,NA,NA,NA,NA,"Inflation Protection Fund","Open-End Mutual Fund"
"66","5493006EIK6TMNDMB826","5493006EIK6TMNDMB826",200,"5493006EIK6TMNDMB826","Goldman Sachs Conservative Allocation Fund","en",NA,NA,"en","71 SOUTH WACKER DRIVE",NA,NA,"c/o GOLDMAN SACHS & CO","CHICAGO","US-IL","US","60606","en","200 West Street",NA,NA,"c/o GOLDMAN SACHS ASSET MANAGEMENT, L.P.","New York","US-NY","US","10282","RA000665",NA,"S000009314","US-DE","FUND","8888","Fund",NA,NA,"ACTIVE",NA,NA,NA,NA,NA,2007-11-30 00:00:00,NA,NA,NA,2014-01-09 03:21:00,2026-03-17 17:25:30,"ISSUED",2027-02-25 20:58:34,"529900T8BM49AURSDO55","PARTIALLY_CORROBORATED","RA000665",NA,"S000009314",NA,NA,NA,NA,NA,30911723,"CONFORMING","https://api.gleif.org/api/v1/lei-records/5493006EIK6TMNDMB826/managing-lou","https://api.gleif.org/api/v1/lei-records/5493006EIK6TMNDMB826/lei-issuer","https://api.gleif.org/api/v1/lei-records/5493006EIK6TMNDMB826/field-modifications","https://api.gleif.org/api/v1/lei-records/5493006EIK6TMNDMB826/direct-parent-reporting-exception","https://api.gleif.org/api/v1/lei-records/5493006EIK6TMNDMB826/ultimate-parent-reporting-exception","https://api.gleif.org/api/v1/lei-records/5493006EIK6TMNDMB826/fund-manager","https://api.gleif.org/api/v1/lei-records/5493006EIK6TMNDMB826/fund-manager-relationship",TRUE,NA,"Goldman Sachs Balanced Strategy Portfolio","en","PREVIOUS_LEGAL_NAME",NA,NA,"STANDALONE","SUPPORTING_DOCUMENTS",2026-02-13 00:00:00,2026-03-11 15:07:10,"CHANGE_LEGAL_NAME","COMPLETED","https://api.gleif.org/api/v1/lei-records/5493006EIK6TMNDMB826/umbrella-fund","https://api.gleif.org/api/v1/lei-records/5493006EIK6TMNDMB826/umbrella-fund-relationship",NA,NA,NA,NA,NA,NA,NA,NA,NA,NA,NA,NA,NA,NA,NA,NA,NA,NA,NA,NA,NA,NA,NA,NA,NA,NA,NA,NA,NA,NA,NA,NA,NA,NA,NA,NA,NA,NA,NA,NA,NA,NA,NA,NA,NA,NA,NA,NA,NA,NA,NA,NA,NA,NA,NA,NA,NA,NA,NA,NA,NA,NA,NA,NA,NA,NA,NA,NA,NA,NA,NA,NA,NA,NA,NA,NA,NA,NA,NA,NA,NA,NA,NA,NA,NA,NA,NA,NA,NA,NA,NA,NA,NA,NA,NA,NA,NA,NA,NA,NA,NA,NA,NA,NA,NA,NA,NA,NA,NA,NA,NA,NA,NA,NA,NA,NA,NA,NA,NA,NA,NA,NA,NA,NA,NA,NA,NA,NA,NA,NA,NA,NA,NA,NA,NA,NA,NA,NA,NA,NA,NA,NA,NA,NA,NA,NA,NA,NA,NA,NA,NA,NA,NA,NA,NA,NA,NA,NA,NA,NA,NA,NA,NA,NA,NA,NA,NA,NA,NA,NA,NA,NA,NA,NA,NA,NA,NA,NA,NA,NA,NA,NA,NA,NA,NA,NA,NA,NA,NA,NA,NA,NA,NA,NA,NA,NA,NA,NA,NA,NA,NA,NA,NA,NA,NA,NA,NA,NA,NA,NA,NA,NA,NA,NA,NA,NA,NA,NA,NA,NA,NA,NA,NA,NA,NA,NA,NA,NA,NA,NA,NA,NA,NA,NA,NA,NA,NA,NA,NA,NA,"Goldman Sachs Balanced Strategy Portfolio","Open-End Mutual Fund"
"67","5493006QGDOVMY5SAY54","5493006QGDOVMY5SAY54",200,"5493006QGDOVMY5SAY54","iShares MSCI Hong Kong ETF","en",NA,NA,"en","c/o THE CORPORATION TRUST INCORPORATED, 2405 YORK ROAD, SUITE 201",NA,NA,NA,"LUTHERVILLE TIMONIUM","US-MD","US","21093-2264","en","c/o BLACKROCK FUND ADVISORS, c/o Terri Slane, 400 Howard Street",NA,NA,"c/o BLACKROCK FUND ADVISORS","SAN FRANCISCO","US-CA","US","94105","RA000665",NA,"S000004247","US-MD","FUND","HLR4",NA,NA,NA,"ACTIVE",NA,NA,NA,NA,NA,2006-12-25 23:00:00,NA,NA,NA,2012-12-24 10:15:00,2025-11-21 14:47:51,"ISSUED",2027-01-06 10:14:09,"5299000J2N45DDNE4Y28","FULLY_CORROBORATED","RA000665",NA,"S000004247",NA,NA,NA,NA,NA,6457216,"CONFORMING","https://api.gleif.org/api/v1/lei-records/5493006QGDOVMY5SAY54/managing-lou","https://api.gleif.org/api/v1/lei-records/5493006QGDOVMY5SAY54/lei-issuer","https://api.gleif.org/api/v1/lei-records/5493006QGDOVMY5SAY54/field-modifications","https://api.gleif.org/api/v1/lei-records/5493006QGDOVMY5SAY54/direct-parent-reporting-exception","https://api.gleif.org/api/v1/lei-records/5493006QGDOVMY5SAY54/ultimate-parent-reporting-exception","https://api.gleif.org/api/v1/lei-records/5493006QGDOVMY5SAY54/fund-manager","https://api.gleif.org/api/v1/lei-records/5493006QGDOVMY5SAY54/fund-manager-relationship",TRUE,NA,NA,NA,NA,NA,NA,"STANDALONE","SUPPORTING_DOCUMENTS",2024-11-21 23:00:00,2024-11-22 10:18:27,"CHANGE_LEGAL_FORM","COMPLETED","https://api.gleif.org/api/v1/lei-records/5493006QGDOVMY5SAY54/umbrella-fund","https://api.gleif.org/api/v1/lei-records/5493006QGDOVMY5SAY54/umbrella-fund-relationship",NA,NA,NA,NA,NA,NA,NA,"STANDALONE","SUPPORTING_DOCUMENTS",2024-11-21 23:00:00,2024-11-22 10:18:27,"CHANGE_HQ_ADDRESS","COMPLETED",NA,NA,NA,NA,NA,NA,NA,NA,NA,NA,NA,NA,NA,NA,NA,NA,NA,NA,NA,NA,NA,NA,NA,NA,NA,NA,NA,NA,NA,NA,NA,NA,NA,NA,NA,NA,NA,NA,NA,NA,NA,NA,NA,NA,NA,NA,NA,NA,NA,NA,NA,NA,NA,NA,NA,NA,NA,NA,NA,NA,NA,NA,NA,NA,NA,NA,NA,NA,NA,NA,NA,NA,NA,NA,NA,NA,NA,NA,NA,NA,NA,NA,NA,NA,NA,NA,NA,NA,NA,NA,NA,NA,NA,NA,NA,NA,NA,NA,NA,NA,NA,NA,NA,NA,NA,NA,NA,NA,NA,NA,NA,NA,NA,NA,NA,NA,NA,NA,NA,NA,NA,NA,NA,NA,NA,NA,NA,NA,NA,NA,NA,NA,NA,NA,NA,NA,NA,NA,NA,NA,NA,NA,NA,NA,NA,NA,NA,NA,NA,NA,NA,NA,NA,NA,NA,NA,NA,NA,NA,NA,NA,NA,NA,NA,NA,NA,NA,NA,NA,NA,NA,NA,NA,NA,NA,NA,NA,NA,NA,NA,NA,NA,NA,NA,NA,NA,NA,NA,NA,NA,NA,NA,NA,NA,NA,NA,NA,NA,NA,NA,NA,NA,NA,NA,NA,NA,NA,NA,NA,NA,NA,NA,NA,NA,NA,NA,NA,NA,NA,NA,NA,NA,NA,NA,NA,NA,NA,"iShares MSCI Hong Kong ETF","ETF"
"68","5493006T2FYVRDJMYZ15","5493006T2FYVRDJMYZ15",200,"5493006T2FYVRDJMYZ15","Eaton Vance Total Return Bond Fund","en",NA,NA,"en","C/O C T CORPORATION SYSTEM",NA,NA,NA,"BOSTON","US-MA","US","02110","en","C/O EATON VANCE MANAGEMENT",NA,NA,NA,"BOSTON","US-MA","US","02109","RA000665",NA,"S000026932","US","FUND","8888","FUND",NA,NA,"ACTIVE",NA,NA,NA,NA,NA,2016-12-31 00:00:00,NA,NA,NA,2018-04-17 15:31:00,2026-02-13 19:34:49,"ISSUED",2027-02-28 16:37:49,"5493001KJTIIGC8Y1R12","FULLY_CORROBORATED","RA000665",NA,"S000026932",NA,NA,NA,NA,NA,79688350,"CONFORMING","https://api.gleif.org/api/v1/lei-records/5493006T2FYVRDJMYZ15/managing-lou","https://api.gleif.org/api/v1/lei-records/5493006T2FYVRDJMYZ15/lei-issuer","https://api.gleif.org/api/v1/lei-records/5493006T2FYVRDJMYZ15/field-modifications","https://api.gleif.org/api/v1/lei-records/5493006T2FYVRDJMYZ15/direct-parent-reporting-exception","https://api.gleif.org/api/v1/lei-records/5493006T2FYVRDJMYZ15/ultimate-parent-reporting-exception","https://api.gleif.org/api/v1/lei-records/5493006T2FYVRDJMYZ15/fund-manager","https://api.gleif.org/api/v1/lei-records/5493006T2FYVRDJMYZ15/fund-manager-relationship",TRUE,NA,"EATON VANCE MUTUAL FUNDS TRUST - Eaton Vance Core Plus Bond Fund","en","PREVIOUS_LEGAL_NAME","155 FEDERAL STREET, SUITE 700","ONE POST OFFICE SQUARE",NA,NA,NA,NA,NA,NA,"https://api.gleif.org/api/v1/lei-records/5493006T2FYVRDJMYZ15/umbrella-fund","https://api.gleif.org/api/v1/lei-records/5493006T2FYVRDJMYZ15/umbrella-fund-relationship",NA,NA,NA,NA,NA,NA,NA,NA,NA,NA,NA,NA,NA,NA,NA,NA,NA,NA,NA,NA,NA,NA,NA,NA,NA,NA,NA,NA,NA,NA,NA,NA,NA,NA,NA,NA,NA,NA,NA,NA,NA,NA,NA,NA,NA,NA,NA,NA,NA,NA,NA,NA,NA,NA,NA,NA,NA,NA,NA,NA,NA,NA,NA,NA,NA,NA,NA,NA,NA,NA,NA,NA,NA,NA,NA,NA,NA,NA,NA,NA,NA,NA,NA,NA,NA,NA,NA,NA,NA,NA,NA,NA,NA,NA,NA,NA,NA,NA,NA,NA,NA,NA,NA,NA,NA,NA,NA,NA,NA,NA,NA,NA,NA,NA,NA,NA,NA,NA,NA,NA,NA,NA,NA,NA,NA,NA,NA,NA,NA,NA,NA,NA,NA,NA,NA,NA,NA,NA,NA,NA,NA,NA,NA,NA,NA,NA,NA,NA,NA,NA,NA,NA,NA,NA,NA,NA,NA,NA,NA,NA,NA,NA,NA,NA,NA,NA,NA,NA,NA,NA,NA,NA,NA,NA,NA,NA,NA,NA,NA,NA,NA,NA,NA,NA,NA,NA,NA,NA,NA,NA,NA,NA,NA,NA,NA,NA,NA,NA,NA,NA,NA,NA,NA,NA,NA,NA,NA,NA,NA,NA,NA,NA,NA,NA,NA,NA,NA,NA,NA,NA,NA,NA,NA,NA,NA,NA,NA,NA,NA,NA,NA,NA,NA,NA,NA,NA,NA,NA,NA,NA,"Eaton Vance Core Plus Bond Fund","Open-End Mutual Fund"
"69","549300788EIV7LQVH379","549300788EIV7LQVH379",200,"549300788EIV7LQVH379","PIMCO StocksPLUS International Fund (Unhedged)","en",NA,NA,"en","C/O C T CORPORATION SYSTEM",NA,NA,NA,"BOSTON","US-MA","US","02110","en","C/O PACIFIC INVESTMENT MANAGEMENT COMPANY LLC",NA,NA,NA,"NEWPORT BEACH","US-CA","US","92660","RA000665",NA,"S000014410","US","FUND","8888","SUB-FUND",NA,NA,"ACTIVE",NA,NA,NA,NA,NA,1987-02-19 12:00:00,NA,NA,NA,2012-12-28 12:00:00,2025-06-19 05:19:25,"ISSUED",2026-07-07 00:00:00,"5493001KJTIIGC8Y1R12","FULLY_CORROBORATED","RA000665",NA,"S000014410",NA,NA,NA,NA,NA,59314531,"CONFORMING","https://api.gleif.org/api/v1/lei-records/549300788EIV7LQVH379/managing-lou","https://api.gleif.org/api/v1/lei-records/549300788EIV7LQVH379/lei-issuer","https://api.gleif.org/api/v1/lei-records/549300788EIV7LQVH379/field-modifications","https://api.gleif.org/api/v1/lei-records/549300788EIV7LQVH379/direct-parent-reporting-exception","https://api.gleif.org/api/v1/lei-records/549300788EIV7LQVH379/ultimate-parent-reporting-exception","https://api.gleif.org/api/v1/lei-records/549300788EIV7LQVH379/fund-manager","https://api.gleif.org/api/v1/lei-records/549300788EIV7LQVH379/fund-manager-relationship",TRUE,NA,"PIMCO Funds - PIMCO International StocksPLUS® AR Strategy Fund (Unhedged)","en","PREVIOUS_LEGAL_NAME","155 FEDERAL ST.","650 NEWPORT CENTER DRIVE",NA,NA,NA,NA,NA,NA,"https://api.gleif.org/api/v1/lei-records/549300788EIV7LQVH379/umbrella-fund","https://api.gleif.org/api/v1/lei-records/549300788EIV7LQVH379/umbrella-fund-relationship",NA,NA,NA,"PIMCO Funds - PIMCO International StocksPLUS® TR Strategy Fund (Unhedged)","en","PREVIOUS_LEGAL_NAME","SUITE 700",NA,NA,NA,NA,NA,NA,NA,NA,NA,NA,NA,NA,NA,NA,NA,NA,NA,NA,NA,NA,NA,NA,NA,NA,NA,NA,NA,NA,NA,NA,NA,NA,NA,NA,NA,NA,NA,NA,NA,NA,NA,NA,NA,NA,NA,NA,NA,NA,NA,NA,NA,NA,"PIMCO Funds - PIMCO StocksPLUS® International Fund (Unhedged)","en","PREVIOUS_LEGAL_NAME",NA,NA,NA,NA,NA,NA,NA,NA,NA,NA,NA,NA,NA,NA,NA,NA,NA,NA,NA,NA,NA,NA,NA,NA,NA,NA,NA,NA,NA,NA,NA,NA,NA,NA,NA,NA,NA,NA,NA,NA,NA,NA,NA,NA,NA,NA,NA,NA,NA,NA,NA,NA,NA,NA,NA,NA,NA,NA,NA,NA,NA,NA,NA,NA,NA,NA,NA,NA,NA,NA,NA,NA,NA,NA,NA,NA,NA,NA,NA,NA,NA,NA,NA,NA,NA,NA,NA,NA,NA,NA,NA,NA,NA,NA,NA,NA,NA,NA,NA,NA,NA,NA,NA,NA,NA,NA,NA,NA,NA,NA,NA,NA,NA,NA,NA,NA,NA,NA,NA,NA,NA,NA,NA,NA,NA,NA,NA,NA,NA,NA,NA,NA,NA,NA,NA,NA,NA,NA,NA,NA,NA,NA,NA,NA,NA,NA,NA,NA,NA,NA,NA,NA,NA,NA,NA,NA,NA,NA,NA,NA,NA,NA,NA,NA,NA,NA,NA,NA,NA,NA,NA,NA,NA,NA,NA,NA,NA,NA,"PIMCO StocksPLUS  International Fund (Unhedged)","Open-End Mutual Fund"
"70","54930078IOQHPZTTT771","54930078IOQHPZTTT771",200,"54930078IOQHPZTTT771","Blackrock Sustainable Advantage CoreAlpha Bond Fund","en",NA,NA,"en","c/o C T CORPORATION SYSTEM, 155 FEDERAL ST., SUITE 700",NA,NA,NA,"BOSTON","US-MA","US","02110","en","c/o BLACKROCK ADVISORS, LLC, c/o CORPORATION SERVICE COMPANY, 251 LITTLE FALLS DRIVE",NA,NA,"c/o BLACKROCK ADVISORS, LLC","WILMINGTON","US-DE","US","19808","RA000665",NA,"S000062371","US-MA","FUND","8888","Trust",NA,NA,"ACTIVE",NA,NA,NA,NA,NA,2018-08-30 22:00:00,NA,NA,NA,2016-07-08 01:59:00,2025-12-27 00:30:04,"LAPSED",2025-12-27 10:24:28,"5299000J2N45DDNE4Y28","FULLY_CORROBORATED","RA000665",NA,"S000062371",NA,NA,NA,NA,NA,583546063,"NON_CONFORMING","https://api.gleif.org/api/v1/lei-records/54930078IOQHPZTTT771/managing-lou","https://api.gleif.org/api/v1/lei-records/54930078IOQHPZTTT771/lei-issuer","https://api.gleif.org/api/v1/lei-records/54930078IOQHPZTTT771/field-modifications","https://api.gleif.org/api/v1/lei-records/54930078IOQHPZTTT771/direct-parent-reporting-exception","https://api.gleif.org/api/v1/lei-records/54930078IOQHPZTTT771/ultimate-parent-reporting-exception","https://api.gleif.org/api/v1/lei-records/54930078IOQHPZTTT771/fund-manager","https://api.gleif.org/api/v1/lei-records/54930078IOQHPZTTT771/fund-manager-relationship",TRUE,NA,NA,NA,NA,NA,NA,NA,NA,NA,NA,NA,NA,"https://api.gleif.org/api/v1/lei-records/54930078IOQHPZTTT771/umbrella-fund","https://api.gleif.org/api/v1/lei-records/54930078IOQHPZTTT771/umbrella-fund-relationship",NA,NA,NA,NA,NA,NA,NA,NA,NA,NA,NA,NA,NA,NA,NA,NA,NA,NA,NA,NA,NA,NA,NA,NA,NA,NA,NA,NA,NA,NA,NA,NA,NA,NA,NA,NA,NA,NA,NA,NA,NA,NA,NA,NA,NA,NA,NA,NA,NA,NA,NA,NA,NA,NA,NA,NA,NA,NA,NA,NA,NA,NA,NA,NA,NA,NA,NA,NA,NA,NA,NA,NA,NA,NA,NA,NA,NA,NA,NA,NA,NA,NA,NA,NA,NA,NA,NA,NA,NA,NA,NA,NA,NA,NA,NA,NA,NA,NA,NA,NA,NA,NA,NA,NA,NA,NA,NA,NA,NA,NA,NA,NA,NA,NA,NA,NA,NA,NA,NA,NA,NA,NA,NA,NA,NA,NA,NA,NA,NA,NA,NA,NA,NA,NA,NA,NA,NA,NA,NA,NA,NA,NA,NA,NA,NA,NA,NA,NA,NA,NA,NA,NA,NA,NA,NA,NA,NA,NA,NA,NA,NA,NA,NA,NA,NA,NA,NA,NA,NA,NA,NA,NA,NA,NA,NA,NA,NA,NA,NA,NA,NA,NA,NA,NA,NA,NA,NA,NA,NA,NA,NA,NA,NA,NA,NA,NA,NA,NA,NA,NA,NA,NA,NA,NA,NA,NA,NA,NA,NA,NA,NA,NA,NA,NA,NA,NA,NA,NA,NA,NA,NA,NA,NA,NA,NA,NA,NA,NA,NA,NA,NA,NA,NA,NA,NA,NA,NA,NA,NA,NA,"BlackRock Impact Bond Fund","Open-End Mutual Fund"
"71","5493007C24Z3ZDJ0VD06","5493007C24Z3ZDJ0VD06",200,"5493007C24Z3ZDJ0VD06","iShares Core MSCI Emerging Markets ETF","en",NA,NA,"en","THE CORPORATION TRUST INCORPORATED; 2405 YORK ROAD; SUITE 201",NA,NA,NA,"LUTHERVILLE TIMONIUM","US-MD","US","21093-2264","en","c/o BLACKROCK FUND ADVISORS, c/o Terri Slane, 400 Howard Street",NA,NA,"c/o BLACKROCK FUND ADVISORS","SAN FRANCISCO","US-CA","US","94105","RA000665",NA,"S000038923","US-MD","FUND","HLR4",NA,NA,NA,"ACTIVE",NA,NA,NA,NA,NA,2012-08-19 22:00:00,NA,NA,NA,2013-04-11 16:01:00,2025-11-22 11:58:47,"ISSUED",2027-01-12 10:00:30,"5299000J2N45DDNE4Y28","FULLY_CORROBORATED","RA000665",NA,"S000038923",NA,NA,NA,NA,NA,223308554,"CONFORMING","https://api.gleif.org/api/v1/lei-records/5493007C24Z3ZDJ0VD06/managing-lou","https://api.gleif.org/api/v1/lei-records/5493007C24Z3ZDJ0VD06/lei-issuer","https://api.gleif.org/api/v1/lei-records/5493007C24Z3ZDJ0VD06/field-modifications","https://api.gleif.org/api/v1/lei-records/5493007C24Z3ZDJ0VD06/direct-parent-reporting-exception","https://api.gleif.org/api/v1/lei-records/5493007C24Z3ZDJ0VD06/ultimate-parent-reporting-exception","https://api.gleif.org/api/v1/lei-records/5493007C24Z3ZDJ0VD06/fund-manager","https://api.gleif.org/api/v1/lei-records/5493007C24Z3ZDJ0VD06/fund-manager-relationship",TRUE,NA,NA,NA,NA,NA,NA,"STANDALONE","SUPPORTING_DOCUMENTS",2024-11-25 23:00:00,2024-11-26 13:05:21,"CHANGE_LEGAL_FORM","COMPLETED","https://api.gleif.org/api/v1/lei-records/5493007C24Z3ZDJ0VD06/umbrella-fund","https://api.gleif.org/api/v1/lei-records/5493007C24Z3ZDJ0VD06/umbrella-fund-relationship",NA,NA,NA,NA,NA,NA,NA,"STANDALONE","SUPPORTING_DOCUMENTS",2024-11-25 23:00:00,2024-11-26 13:05:21,"CHANGE_HQ_ADDRESS","COMPLETED",NA,NA,NA,NA,NA,NA,NA,NA,NA,NA,NA,NA,NA,NA,NA,NA,NA,NA,NA,NA,NA,NA,NA,NA,NA,NA,NA,NA,NA,NA,NA,NA,NA,NA,NA,NA,NA,NA,NA,NA,NA,NA,NA,NA,NA,NA,NA,NA,NA,NA,NA,NA,NA,NA,NA,NA,NA,NA,NA,NA,NA,NA,NA,NA,NA,NA,NA,NA,NA,NA,NA,NA,NA,NA,NA,NA,NA,NA,NA,NA,NA,NA,NA,NA,NA,NA,NA,NA,NA,NA,NA,NA,NA,NA,NA,NA,NA,NA,NA,NA,NA,NA,NA,NA,NA,NA,NA,NA,NA,NA,NA,NA,NA,NA,NA,NA,NA,NA,NA,NA,NA,NA,NA,NA,NA,NA,NA,NA,NA,NA,NA,NA,NA,NA,NA,NA,NA,NA,NA,NA,NA,NA,NA,NA,NA,NA,NA,NA,NA,NA,NA,NA,NA,NA,NA,NA,NA,NA,NA,NA,NA,NA,NA,NA,NA,NA,NA,NA,NA,NA,NA,NA,NA,NA,NA,NA,NA,NA,NA,NA,NA,NA,NA,NA,NA,NA,NA,NA,NA,NA,NA,NA,NA,NA,NA,NA,NA,NA,NA,NA,NA,NA,NA,NA,NA,NA,NA,NA,NA,NA,NA,NA,NA,NA,NA,NA,NA,NA,NA,NA,NA,NA,NA,NA,NA,NA,NA,"iShares Core MSCI Emerging Markets ETF","ETF"
"72","5493007EK8R2RMXHMX52","5493007EK8R2RMXHMX52",200,"5493007EK8R2RMXHMX52","iShares USD Green Bond ETF","en",NA,NA,"en","c/o THE CORPORATION TRUST COMPANY, CORPORATION TRUST CENTER, 1209 ORANGE ST",NA,NA,NA,"WILMINGTON","US-DE","US","19801","en","c/o BLACKROCK FUND ADVISORS, c/o Terri Slane, 400 Howard Street",NA,NA,"c/o BLACKROCK FUND ADVISORS","San Francisco","US-CA","US","94105","RA000665",NA,"S000063466","US-DE","FUND","4FSX",NA,NA,NA,"ACTIVE",NA,NA,NA,NA,NA,2018-08-16 22:00:00,NA,NA,NA,2018-09-05 21:30:00,2025-11-19 17:03:43,"ISSUED",2026-12-28 10:24:31,"5299000J2N45DDNE4Y28","FULLY_CORROBORATED","RA000665",NA,"S000063466",NA,NA,NA,NA,NA,579349187,"CONFORMING","https://api.gleif.org/api/v1/lei-records/5493007EK8R2RMXHMX52/managing-lou","https://api.gleif.org/api/v1/lei-records/5493007EK8R2RMXHMX52/lei-issuer","https://api.gleif.org/api/v1/lei-records/5493007EK8R2RMXHMX52/field-modifications","https://api.gleif.org/api/v1/lei-records/5493007EK8R2RMXHMX52/direct-parent-reporting-exception","https://api.gleif.org/api/v1/lei-records/5493007EK8R2RMXHMX52/ultimate-parent-reporting-exception","https://api.gleif.org/api/v1/lei-records/5493007EK8R2RMXHMX52/fund-manager","https://api.gleif.org/api/v1/lei-records/5493007EK8R2RMXHMX52/fund-manager-relationship",TRUE,NA,NA,NA,NA,NA,NA,"STANDALONE","SUPPORTING_DOCUMENTS",2024-11-18 23:00:00,2024-11-19 10:37:38,"CHANGE_HQ_ADDRESS","COMPLETED","https://api.gleif.org/api/v1/lei-records/5493007EK8R2RMXHMX52/umbrella-fund","https://api.gleif.org/api/v1/lei-records/5493007EK8R2RMXHMX52/umbrella-fund-relationship",NA,NA,NA,NA,NA,NA,NA,"STANDALONE","SUPPORTING_DOCUMENTS",2024-11-18 23:00:00,2024-11-19 10:37:38,"CHANGE_LEGAL_ADDRESS","COMPLETED",NA,NA,NA,NA,NA,NA,NA,NA,NA,NA,NA,NA,NA,NA,NA,NA,NA,NA,NA,NA,"STANDALONE","SUPPORTING_DOCUMENTS",2023-11-29 23:00:00,2023-11-30 11:07:32,"CHANGE_LEGAL_FORM","COMPLETED",NA,NA,NA,NA,NA,NA,NA,NA,NA,NA,NA,NA,NA,NA,NA,NA,NA,NA,NA,NA,NA,NA,NA,NA,NA,NA,NA,NA,NA,NA,NA,NA,NA,NA,NA,NA,NA,NA,NA,NA,NA,NA,NA,NA,NA,NA,NA,NA,NA,NA,NA,NA,NA,NA,NA,NA,NA,NA,NA,NA,NA,NA,NA,NA,NA,NA,NA,NA,NA,NA,NA,NA,NA,NA,NA,NA,NA,NA,NA,NA,NA,NA,NA,NA,NA,NA,NA,NA,NA,NA,NA,NA,NA,NA,NA,NA,NA,NA,NA,NA,NA,NA,NA,NA,NA,NA,NA,NA,NA,NA,NA,NA,NA,NA,NA,NA,NA,NA,NA,NA,NA,NA,NA,NA,NA,NA,NA,NA,NA,NA,NA,NA,NA,NA,NA,NA,NA,NA,NA,NA,NA,NA,NA,NA,NA,NA,NA,NA,NA,NA,NA,NA,NA,NA,NA,NA,NA,NA,NA,NA,NA,NA,NA,NA,NA,NA,NA,NA,NA,NA,NA,NA,NA,NA,NA,NA,NA,NA,NA,NA,NA,NA,NA,NA,NA,NA,NA,NA,NA,NA,NA,NA,NA,NA,NA,NA,NA,NA,NA,NA,NA,"iShares Global Green Bond ETF","ETF"
"73","5493007GRWVTTMCYSW05","5493007GRWVTTMCYSW05",200,"5493007GRWVTTMCYSW05","Asia Opportunity Portfolio","en",NA,NA,"en","C/O THE CORPORATION TRUST INCORPORATED",NA,NA,NA,"LUTHERVILLE TIMONIUM","US-MD","US","21093-2252","en","C/O MORGAN STANLEY INVESTMENT MANAGEMENT INC.",NA,NA,NA,"NEW YORK","US-NY","US","10036","RA000665",NA,"S000051832","US","FUND","8888","SUB FUND",NA,NA,"ACTIVE",NA,NA,NA,NA,NA,2015-11-16 00:00:00,NA,NA,NA,2015-11-17 02:14:00,2026-03-12 13:58:40,"ISSUED",2027-04-07 15:14:07,"5493001KJTIIGC8Y1R12","FULLY_CORROBORATED","RA000665",NA,"S000051832",NA,NA,NA,NA,NA,312888663,"CONFORMING","https://api.gleif.org/api/v1/lei-records/5493007GRWVTTMCYSW05/managing-lou","https://api.gleif.org/api/v1/lei-records/5493007GRWVTTMCYSW05/lei-issuer","https://api.gleif.org/api/v1/lei-records/5493007GRWVTTMCYSW05/field-modifications","https://api.gleif.org/api/v1/lei-records/5493007GRWVTTMCYSW05/direct-parent-reporting-exception","https://api.gleif.org/api/v1/lei-records/5493007GRWVTTMCYSW05/ultimate-parent-reporting-exception","https://api.gleif.org/api/v1/lei-records/5493007GRWVTTMCYSW05/fund-manager","https://api.gleif.org/api/v1/lei-records/5493007GRWVTTMCYSW05/fund-manager-relationship",TRUE,NA,"MORGAN STANLEY INSTITUTIONAL FUND INC - Asia Opportunity Portfolio","en","PREVIOUS_LEGAL_NAME","2405 YORK ROAD","1585 BROADWAY","STANDALONE","SUPPORTING_DOCUMENTS",2025-07-31 00:00:00,2025-08-01 16:33:11,"CHANGE_LEGAL_ADDRESS","COMPLETED","https://api.gleif.org/api/v1/lei-records/5493007GRWVTTMCYSW05/umbrella-fund","https://api.gleif.org/api/v1/lei-records/5493007GRWVTTMCYSW05/umbrella-fund-relationship",NA,NA,NA,NA,NA,NA,"SUITE 201",NA,NA,NA,NA,NA,NA,"https://api.gleif.org/api/v1/lei-records/5493007GRWVTTMCYSW05/isins",NA,NA,NA,NA,NA,NA,NA,NA,NA,NA,NA,NA,NA,NA,NA,NA,NA,NA,NA,NA,NA,NA,NA,NA,NA,NA,NA,NA,NA,NA,NA,NA,NA,NA,NA,NA,NA,NA,NA,NA,NA,NA,NA,NA,NA,NA,NA,NA,NA,NA,NA,NA,NA,NA,NA,NA,NA,NA,NA,NA,NA,NA,NA,NA,NA,NA,NA,NA,NA,NA,NA,NA,NA,NA,NA,NA,NA,NA,NA,NA,NA,NA,NA,NA,NA,NA,NA,NA,NA,NA,NA,NA,NA,NA,NA,NA,NA,NA,NA,NA,NA,NA,NA,NA,NA,NA,NA,NA,NA,NA,NA,NA,NA,NA,NA,NA,NA,NA,NA,NA,NA,NA,NA,NA,NA,NA,NA,NA,NA,NA,NA,NA,NA,NA,NA,NA,NA,NA,NA,NA,NA,NA,NA,NA,NA,NA,NA,NA,NA,NA,NA,NA,NA,NA,NA,NA,NA,NA,NA,NA,NA,NA,NA,NA,NA,NA,NA,NA,NA,NA,NA,NA,NA,NA,NA,NA,NA,NA,NA,NA,NA,NA,NA,NA,NA,NA,NA,NA,NA,NA,NA,NA,NA,NA,NA,NA,NA,NA,NA,NA,NA,NA,NA,NA,NA,NA,NA,NA,NA,NA,NA,NA,NA,NA,NA,NA,NA,NA,NA,NA,NA,NA,NA,NA,NA,NA,"Asia Opportunity Portfolio","Open-End Mutual Fund"
"74","5493007LDARS47M53X11","5493007LDARS47M53X11",200,"5493007LDARS47M53X11","BlackRock Capital Allocation Term Trust","en",NA,NA,"en","c/o THE CORPORATION TRUST INCORPORATED, 2405 YORK ROAD, SUITE 201",NA,NA,NA,"LUTHERVILLE TIMONIUM","US-MD","US","21093-2264","en","c/o BLACKROCK ADVISORS, LLC, c/o CORPORATION SERVICE COMPANY, 251 LITTLE FALLS DRIVE",NA,NA,"c/o BLACKROCK ADVISORS, LLC","WILMINGTON","US-DE","US","19808","RA000614",NA,"B20451837","US-MD","FUND","8888","Trust",NA,NA,"ACTIVE",NA,NA,NA,NA,NA,2003-05-04 22:00:00,NA,NA,NA,2020-07-29 14:30:00,2025-11-05 09:56:03,"ISSUED",2026-12-01 14:11:45,"5299000J2N45DDNE4Y28","FULLY_CORROBORATED","RA000665",NA,"0001809541",NA,NA,NA,NA,NA,665067132,"CONFORMING","https://api.gleif.org/api/v1/lei-records/5493007LDARS47M53X11/managing-lou","https://api.gleif.org/api/v1/lei-records/5493007LDARS47M53X11/lei-issuer","https://api.gleif.org/api/v1/lei-records/5493007LDARS47M53X11/field-modifications","https://api.gleif.org/api/v1/lei-records/5493007LDARS47M53X11/direct-parent-reporting-exception","https://api.gleif.org/api/v1/lei-records/5493007LDARS47M53X11/ultimate-parent-reporting-exception","https://api.gleif.org/api/v1/lei-records/5493007LDARS47M53X11/fund-manager","https://api.gleif.org/api/v1/lei-records/5493007LDARS47M53X11/fund-manager-relationship",TRUE,NA,"BLACKROCK CAPITAL ALLOCATION TRUST","en","PREVIOUS_LEGAL_NAME",NA,NA,"STANDALONE","SUPPORTING_DOCUMENTS",2023-04-05 22:00:00,2023-04-06 12:52:09,"CHANGE_LEGAL_NAME","COMPLETED",NA,NA,NA,NA,NA,NA,NA,NA,NA,"STANDALONE","SUPPORTING_DOCUMENTS",2023-02-15 23:00:00,2023-02-16 12:45:09,"CHANGE_HQ_ADDRESS","COMPLETED","https://api.gleif.org/api/v1/lei-records/5493007LDARS47M53X11/isins",NA,NA,NA,NA,NA,NA,NA,NA,NA,NA,NA,NA,NA,NA,NA,NA,NA,NA,NA,"STANDALONE","SUPPORTING_DOCUMENTS",2023-02-15 23:00:00,2023-02-16 12:45:09,"CHANGE_LEGAL_ADDRESS","COMPLETED",NA,NA,NA,NA,NA,NA,NA,NA,NA,NA,NA,NA,NA,NA,NA,NA,NA,NA,NA,NA,NA,NA,NA,NA,NA,NA,NA,NA,NA,NA,NA,NA,NA,NA,NA,NA,NA,NA,NA,NA,NA,NA,NA,NA,NA,NA,NA,NA,NA,NA,NA,NA,NA,NA,NA,NA,NA,NA,NA,NA,NA,NA,NA,NA,NA,NA,NA,NA,NA,NA,NA,NA,NA,NA,NA,NA,NA,NA,NA,NA,NA,NA,NA,NA,NA,NA,NA,NA,NA,NA,NA,NA,NA,NA,NA,NA,NA,NA,NA,NA,NA,NA,NA,NA,NA,NA,NA,NA,NA,NA,NA,NA,NA,NA,NA,NA,NA,NA,NA,NA,NA,NA,NA,NA,NA,NA,NA,NA,NA,NA,NA,NA,NA,NA,NA,NA,NA,NA,NA,NA,NA,NA,NA,NA,NA,NA,NA,NA,NA,NA,NA,NA,NA,NA,NA,NA,NA,NA,NA,NA,NA,NA,NA,NA,NA,NA,NA,NA,NA,NA,NA,NA,NA,NA,NA,NA,NA,NA,NA,NA,NA,NA,NA,NA,NA,NA,NA,NA,NA,NA,NA,NA,NA,NA,NA,NA,NA,NA,NA,NA,NA,"BlackRock Capital Allocation Trust","Closed-End Fund"
"75","5493007LPIGTL4MBQE69","5493007LPIGTL4MBQE69",200,"5493007LPIGTL4MBQE69","Fixed Income SHares: Series M","en",NA,NA,"en","C/O CORPORATION SERVICE COMPANY",NA,NA,NA,"BOSTON","US-MA","US","02109","en","C/O PACIFIC INVESTMENT MANAGEMENT COMPANY LLC",NA,NA,NA,"NEWPORT BEACH","US-CA","US","92660","RA000665",NA,"S000004803","US","FUND","8888","SUB-FUND",NA,NA,"ACTIVE",NA,NA,NA,NA,NA,2012-12-26 00:00:00,NA,NA,NA,2012-12-27 16:00:00,2025-06-19 08:47:09,"ISSUED",2026-07-07 00:00:00,"5493001KJTIIGC8Y1R12","FULLY_CORROBORATED","RA000665",NA,"S000004803",NA,NA,NA,NA,NA,60247343,"CONFORMING","https://api.gleif.org/api/v1/lei-records/5493007LPIGTL4MBQE69/managing-lou","https://api.gleif.org/api/v1/lei-records/5493007LPIGTL4MBQE69/lei-issuer","https://api.gleif.org/api/v1/lei-records/5493007LPIGTL4MBQE69/field-modifications","https://api.gleif.org/api/v1/lei-records/5493007LPIGTL4MBQE69/direct-parent-reporting-exception","https://api.gleif.org/api/v1/lei-records/5493007LPIGTL4MBQE69/ultimate-parent-reporting-exception","https://api.gleif.org/api/v1/lei-records/5493007LPIGTL4MBQE69/fund-manager","https://api.gleif.org/api/v1/lei-records/5493007LPIGTL4MBQE69/fund-manager-relationship",TRUE,NA,"AllianzGI Managed Accounts Trust","en","PREVIOUS_LEGAL_NAME","84 STATE STREET","650 NEWPORT CENTER DRIVE",NA,NA,NA,NA,NA,NA,"https://api.gleif.org/api/v1/lei-records/5493007LPIGTL4MBQE69/umbrella-fund","https://api.gleif.org/api/v1/lei-records/5493007LPIGTL4MBQE69/umbrella-fund-relationship",NA,NA,NA,"Allianz Global Investors Managed Accounts Trust","en","PREVIOUS_LEGAL_NAME",NA,NA,NA,NA,NA,NA,NA,NA,NA,NA,NA,NA,NA,NA,NA,NA,NA,NA,NA,NA,NA,NA,NA,NA,NA,NA,NA,NA,NA,NA,NA,NA,NA,NA,NA,NA,NA,NA,NA,NA,NA,NA,NA,NA,NA,NA,NA,NA,NA,NA,NA,NA,NA,"FIXED INCOME SHARES","en","PREVIOUS_LEGAL_NAME","PIMCO FIXED INCOME SHARES","en","PREVIOUS_LEGAL_NAME",NA,NA,NA,NA,NA,NA,NA,NA,NA,NA,NA,NA,NA,NA,NA,NA,NA,NA,NA,NA,NA,NA,NA,NA,NA,NA,NA,NA,NA,NA,NA,NA,NA,NA,NA,NA,NA,NA,NA,NA,NA,NA,NA,NA,NA,NA,NA,NA,NA,NA,NA,NA,NA,NA,NA,NA,NA,NA,NA,NA,NA,NA,NA,NA,NA,NA,NA,NA,NA,NA,NA,NA,NA,NA,NA,NA,NA,NA,NA,NA,NA,NA,NA,NA,NA,NA,NA,NA,NA,NA,NA,NA,NA,NA,NA,NA,NA,NA,NA,NA,NA,NA,NA,NA,NA,NA,NA,NA,NA,NA,NA,NA,NA,NA,NA,NA,NA,NA,NA,NA,NA,NA,NA,NA,NA,NA,NA,NA,NA,NA,NA,NA,NA,NA,NA,NA,NA,NA,NA,NA,NA,NA,NA,NA,NA,NA,NA,NA,NA,NA,NA,NA,NA,NA,NA,NA,NA,NA,NA,NA,NA,NA,NA,NA,NA,NA,NA,NA,NA,NA,NA,NA,NA,NA,NA,"PIMCO Fixed Income SHares: Series M","Open-End Mutual Fund"
"76","5493007YPFO23SID2674","5493007YPFO23SID2674",200,"5493007YPFO23SID2674","iShares MSCI Emerging Markets Small-Cap ETF","en",NA,NA,"en","c/o THE CORPORATION TRUST INCORPORATED, 2405 YORK ROAD, SUITE 201",NA,NA,NA,"LUTHERVILLE TIMONIUM","US-MD","US","21093-2264","en","c/o BLACKROCK FUND ADVISORS, c/o Terri Slane, 400 Howard Street",NA,NA,"c/o BLACKROCK FUND ADVISORS","SAN FRANCISCO","US-CA","US","94105","RA000665",NA,"S000019125","US-MD","FUND","HLR4",NA,NA,NA,"ACTIVE",NA,NA,NA,NA,NA,2007-07-18 22:00:00,NA,NA,NA,2012-12-24 10:15:00,2025-11-21 15:27:28,"ISSUED",2027-01-06 10:16:44,"5299000J2N45DDNE4Y28","FULLY_CORROBORATED","RA000665",NA,"S000019125",NA,NA,NA,NA,NA,139511718,"CONFORMING","https://api.gleif.org/api/v1/lei-records/5493007YPFO23SID2674/managing-lou","https://api.gleif.org/api/v1/lei-records/5493007YPFO23SID2674/lei-issuer","https://api.gleif.org/api/v1/lei-records/5493007YPFO23SID2674/field-modifications","https://api.gleif.org/api/v1/lei-records/5493007YPFO23SID2674/direct-parent-reporting-exception","https://api.gleif.org/api/v1/lei-records/5493007YPFO23SID2674/ultimate-parent-reporting-exception","https://api.gleif.org/api/v1/lei-records/5493007YPFO23SID2674/fund-manager","https://api.gleif.org/api/v1/lei-records/5493007YPFO23SID2674/fund-manager-relationship",TRUE,NA,NA,NA,NA,NA,NA,"STANDALONE","SUPPORTING_DOCUMENTS",2024-11-25 23:00:00,2024-11-26 10:25:55,"CHANGE_LEGAL_FORM","COMPLETED","https://api.gleif.org/api/v1/lei-records/5493007YPFO23SID2674/umbrella-fund","https://api.gleif.org/api/v1/lei-records/5493007YPFO23SID2674/umbrella-fund-relationship",NA,NA,NA,NA,NA,NA,NA,"STANDALONE","SUPPORTING_DOCUMENTS",2024-11-25 23:00:00,2024-11-26 10:25:55,"CHANGE_HQ_ADDRESS","COMPLETED",NA,NA,NA,NA,NA,NA,NA,NA,NA,NA,NA,NA,NA,NA,NA,NA,NA,NA,NA,NA,"STANDALONE","SUPPORTING_DOCUMENTS",2023-12-07 23:00:00,2023-12-08 12:06:42,"CHANGE_LEGAL_ADDRESS","COMPLETED",NA,NA,NA,NA,NA,NA,NA,NA,NA,NA,NA,NA,NA,NA,NA,NA,NA,NA,NA,NA,NA,NA,NA,NA,NA,NA,NA,NA,NA,NA,NA,NA,NA,NA,NA,NA,NA,NA,NA,NA,NA,NA,NA,NA,NA,NA,NA,NA,NA,NA,NA,NA,NA,NA,NA,NA,NA,NA,NA,NA,NA,NA,NA,NA,NA,NA,NA,NA,NA,NA,NA,NA,NA,NA,NA,NA,NA,NA,NA,NA,NA,NA,NA,NA,NA,NA,NA,NA,NA,NA,NA,NA,NA,NA,NA,NA,NA,NA,NA,NA,NA,NA,NA,NA,NA,NA,NA,NA,NA,NA,NA,NA,NA,NA,NA,NA,NA,NA,NA,NA,NA,NA,NA,NA,NA,NA,NA,NA,NA,NA,NA,NA,NA,NA,NA,NA,NA,NA,NA,NA,NA,NA,NA,NA,NA,NA,NA,NA,NA,NA,NA,NA,NA,NA,NA,NA,NA,NA,NA,NA,NA,NA,NA,NA,NA,NA,NA,NA,NA,NA,NA,NA,NA,NA,NA,NA,NA,NA,NA,NA,NA,NA,NA,NA,NA,NA,NA,NA,NA,NA,NA,NA,NA,NA,NA,NA,NA,NA,NA,NA,NA,"iShares MSCI Emerging Markets Small-Cap ETF","ETF"
"77","54930082MBO8AM8BIK30","54930082MBO8AM8BIK30",200,"54930082MBO8AM8BIK30","Hartford Core Bond ETF","en",NA,NA,"en","C/O Corporation Service Company",NA,NA,NA,"Wilmington","US-DE","US","19808","en","c/o Hartford Funds Management Company, LLC",NA,NA,NA,"Wayne","US-PA","US","19087","RA000665",NA,"S000067959","US","FUND","8888","Sub-Fund",NA,NA,"ACTIVE",NA,NA,NA,NA,NA,2016-12-31 00:00:00,NA,NA,NA,2019-12-18 15:32:00,2025-08-07 09:28:17,"ISSUED",2026-09-03 00:00:00,"5493001KJTIIGC8Y1R12","FULLY_CORROBORATED","RA000665",NA,"S000067959",NA,NA,NA,NA,NA,648598232,"CONFORMING","https://api.gleif.org/api/v1/lei-records/54930082MBO8AM8BIK30/managing-lou","https://api.gleif.org/api/v1/lei-records/54930082MBO8AM8BIK30/lei-issuer","https://api.gleif.org/api/v1/lei-records/54930082MBO8AM8BIK30/field-modifications","https://api.gleif.org/api/v1/lei-records/54930082MBO8AM8BIK30/direct-parent-reporting-exception","https://api.gleif.org/api/v1/lei-records/54930082MBO8AM8BIK30/ultimate-parent-reporting-exception","https://api.gleif.org/api/v1/lei-records/54930082MBO8AM8BIK30/fund-manager","https://api.gleif.org/api/v1/lei-records/54930082MBO8AM8BIK30/fund-manager-relationship",TRUE,NA,NA,NA,NA,"251 Little Falls Drive","690 Lee Road",NA,NA,NA,NA,NA,NA,"https://api.gleif.org/api/v1/lei-records/54930082MBO8AM8BIK30/umbrella-fund","https://api.gleif.org/api/v1/lei-records/54930082MBO8AM8BIK30/umbrella-fund-relationship",NA,NA,NA,NA,NA,NA,NA,NA,NA,NA,NA,NA,NA,NA,NA,NA,NA,NA,NA,NA,NA,NA,NA,NA,NA,NA,NA,NA,NA,NA,NA,NA,NA,NA,NA,NA,NA,NA,NA,NA,NA,NA,NA,NA,NA,NA,NA,NA,NA,NA,NA,NA,NA,NA,NA,NA,NA,NA,NA,NA,NA,NA,NA,NA,NA,NA,NA,NA,NA,NA,NA,NA,NA,NA,NA,NA,NA,NA,NA,NA,NA,NA,NA,NA,NA,NA,NA,NA,NA,NA,NA,NA,NA,NA,NA,NA,NA,NA,NA,NA,NA,NA,NA,NA,NA,NA,NA,NA,NA,NA,NA,NA,NA,NA,NA,NA,NA,NA,NA,NA,NA,NA,NA,NA,NA,NA,NA,NA,NA,NA,NA,NA,NA,NA,NA,NA,NA,NA,NA,NA,NA,NA,NA,NA,NA,NA,NA,NA,NA,NA,NA,NA,NA,NA,NA,NA,NA,NA,NA,NA,NA,NA,NA,NA,NA,NA,NA,NA,NA,NA,NA,NA,NA,NA,NA,NA,NA,NA,NA,NA,NA,NA,NA,NA,NA,NA,NA,NA,NA,NA,NA,NA,NA,NA,NA,NA,NA,NA,NA,NA,NA,NA,NA,NA,NA,NA,NA,NA,NA,NA,NA,NA,NA,NA,NA,NA,NA,NA,NA,NA,NA,NA,NA,NA,NA,NA,NA,NA,NA,NA,NA,NA,NA,NA,NA,NA,NA,NA,NA,NA,"Hartford Core Bond ETF","ETF"
"78","54930088ZHK6FN0CHD61","54930088ZHK6FN0CHD61",200,"54930088ZHK6FN0CHD61","MORGAN STANLEY INSIGHT FUND","en",NA,NA,"en","C/O C T CORPORATION SYSTEM",NA,NA,NA,"BOSTON","US-MA","US","02110","en","C/O Morgan Stanley Investment Management Inc.",NA,NA,NA,"New York","US-NY","US","10036","RA000665",NA,"0001002427","US","FUND","8888","FUND",NA,NA,"ACTIVE",NA,NA,NA,NA,NA,1995-10-16 00:00:00,NA,NA,NA,2012-12-12 10:31:00,2025-04-08 11:50:08,"ISSUED",2026-05-07 15:14:07,"5493001KJTIIGC8Y1R12","FULLY_CORROBORATED","RA000665",NA,"0001002427",NA,NA,NA,NA,NA,28120232,"CONFORMING","https://api.gleif.org/api/v1/lei-records/54930088ZHK6FN0CHD61/managing-lou","https://api.gleif.org/api/v1/lei-records/54930088ZHK6FN0CHD61/lei-issuer","https://api.gleif.org/api/v1/lei-records/54930088ZHK6FN0CHD61/field-modifications","https://api.gleif.org/api/v1/lei-records/54930088ZHK6FN0CHD61/direct-parent-reporting-exception","https://api.gleif.org/api/v1/lei-records/54930088ZHK6FN0CHD61/ultimate-parent-reporting-exception","https://api.gleif.org/api/v1/lei-records/54930088ZHK6FN0CHD61/fund-manager","https://api.gleif.org/api/v1/lei-records/54930088ZHK6FN0CHD61/fund-manager-relationship",TRUE,NA,"MORGAN STANLEY CAPITAL OPPORTUNITIES TRUST","en","PREVIOUS_LEGAL_NAME","155 FEDERAL ST.","522 5th Avenue",NA,NA,NA,NA,NA,NA,NA,NA,"1209 ORANGE ST",NA,NA,"MORGAN STANLEY DEAN WITTER MID-CAP EQUITY TRUST","en","PREVIOUS_LEGAL_NAME","STE. 700",NA,NA,NA,NA,NA,NA,"https://api.gleif.org/api/v1/lei-records/54930088ZHK6FN0CHD61/isins",NA,NA,NA,NA,NA,NA,NA,NA,NA,NA,NA,NA,NA,NA,NA,NA,NA,NA,NA,NA,NA,NA,NA,NA,NA,NA,NA,NA,NA,NA,NA,NA,NA,NA,NA,NA,NA,NA,NA,NA,NA,NA,NA,NA,NA,"MORGAN STANLEY MID-CAP EQUITY TRUST","en","PREVIOUS_LEGAL_NAME","MORGAN STANLEY MULTI CAP GROWTH TRUST","en","PREVIOUS_LEGAL_NAME",NA,NA,NA,NA,NA,NA,NA,NA,NA,NA,NA,NA,NA,NA,NA,NA,NA,NA,NA,NA,NA,NA,NA,NA,NA,NA,NA,NA,NA,NA,NA,NA,NA,NA,NA,NA,NA,NA,NA,NA,NA,NA,NA,NA,NA,NA,NA,NA,NA,NA,NA,NA,NA,NA,NA,NA,NA,NA,NA,NA,NA,NA,NA,NA,NA,NA,NA,NA,NA,NA,NA,NA,NA,NA,NA,NA,NA,NA,NA,NA,NA,NA,NA,NA,NA,NA,NA,NA,NA,NA,NA,NA,NA,NA,NA,NA,NA,NA,NA,NA,NA,NA,NA,NA,NA,NA,NA,NA,NA,NA,NA,NA,NA,"TCW/DW MID-CAP EQUITY TRUST","en","PREVIOUS_LEGAL_NAME",NA,NA,NA,NA,NA,NA,NA,NA,NA,NA,NA,NA,NA,NA,NA,NA,NA,NA,NA,NA,NA,NA,NA,NA,NA,NA,NA,NA,NA,NA,NA,NA,NA,NA,NA,NA,NA,NA,NA,NA,NA,NA,NA,NA,NA,NA,NA,NA,NA,NA,NA,NA,NA,NA,NA,NA,NA,NA,NA,"Morgan Stanley Multi Cap Growth Trust","Open-End Mutual Fund"
"79","5493008B8FD8UBYOYT19","5493008B8FD8UBYOYT19",200,"5493008B8FD8UBYOYT19","Total International ex U.S. Index Master Portfolio","en",NA,NA,"en","c/o THE CORPORATION TRUST COMPANY, CORPORATION TRUST CENTER 1209 ORANGE ST",NA,NA,NA,"WILMINGTON","US-DE","US","19801","en","c/o BLACKROCK FUND ADVISORS, c/o TERRI SLANE, 400 HOWARD STREET",NA,NA,"c/o BLACKROCK FUND ADVISORS","SAN FRANCISCO","US-CA","US","94105","RA000665",NA,"S000033771","US-DE","FUND","4FSX",NA,NA,NA,"ACTIVE",NA,NA,NA,NA,NA,2011-06-29 22:00:00,NA,NA,NA,2018-05-24 14:32:00,2025-11-01 09:54:38,"ISSUED",2026-12-01 14:17:11,"5299000J2N45DDNE4Y28","FULLY_CORROBORATED","RA000665",NA,"S000033771",NA,NA,NA,NA,NA,140506039,"CONFORMING","https://api.gleif.org/api/v1/lei-records/5493008B8FD8UBYOYT19/managing-lou","https://api.gleif.org/api/v1/lei-records/5493008B8FD8UBYOYT19/lei-issuer","https://api.gleif.org/api/v1/lei-records/5493008B8FD8UBYOYT19/field-modifications","https://api.gleif.org/api/v1/lei-records/5493008B8FD8UBYOYT19/direct-parent-reporting-exception","https://api.gleif.org/api/v1/lei-records/5493008B8FD8UBYOYT19/ultimate-parent-reporting-exception","https://api.gleif.org/api/v1/lei-records/5493008B8FD8UBYOYT19/fund-manager","https://api.gleif.org/api/v1/lei-records/5493008B8FD8UBYOYT19/fund-manager-relationship",TRUE,NA,NA,NA,NA,NA,NA,"STANDALONE","SUPPORTING_DOCUMENTS",2023-11-02 23:00:00,2023-11-03 08:50:39,"CHANGE_LEGAL_FORM","COMPLETED","https://api.gleif.org/api/v1/lei-records/5493008B8FD8UBYOYT19/umbrella-fund","https://api.gleif.org/api/v1/lei-records/5493008B8FD8UBYOYT19/umbrella-fund-relationship",NA,NA,NA,NA,NA,NA,NA,"STANDALONE","SUPPORTING_DOCUMENTS",2023-02-13 23:00:00,2023-02-14 12:37:01,"CHANGE_HQ_ADDRESS","COMPLETED",NA,NA,NA,NA,NA,NA,NA,NA,NA,NA,NA,NA,NA,NA,NA,NA,NA,NA,NA,NA,"STANDALONE","SUPPORTING_DOCUMENTS",2023-02-13 23:00:00,2023-02-14 12:37:01,"CHANGE_LEGAL_ADDRESS","COMPLETED",NA,NA,NA,NA,NA,NA,NA,NA,NA,NA,NA,NA,NA,NA,NA,NA,NA,NA,NA,NA,NA,NA,NA,NA,NA,NA,NA,NA,NA,NA,NA,NA,NA,NA,NA,NA,NA,NA,NA,NA,NA,NA,NA,NA,NA,NA,NA,NA,NA,NA,NA,NA,NA,NA,NA,NA,NA,NA,NA,NA,NA,NA,NA,NA,NA,NA,NA,NA,NA,NA,NA,NA,NA,NA,NA,NA,NA,NA,NA,NA,NA,NA,NA,NA,NA,NA,NA,NA,NA,NA,NA,NA,NA,NA,NA,NA,NA,NA,NA,NA,NA,NA,NA,NA,NA,NA,NA,NA,NA,NA,NA,NA,NA,NA,NA,NA,NA,NA,NA,NA,NA,NA,NA,NA,NA,NA,NA,NA,NA,NA,NA,NA,NA,NA,NA,NA,NA,NA,NA,NA,NA,NA,NA,NA,NA,NA,NA,NA,NA,NA,NA,NA,NA,NA,NA,NA,NA,NA,NA,NA,NA,NA,NA,NA,NA,NA,NA,NA,NA,NA,NA,NA,NA,NA,NA,NA,NA,NA,NA,NA,NA,NA,NA,NA,NA,NA,NA,NA,NA,NA,NA,NA,NA,NA,NA,NA,NA,NA,NA,NA,NA,"Total International Ex U.S. Index Master Portfolio","Index Fund"
"80","5493008BOCQUI55UKK79","5493008BOCQUI55UKK79",200,"5493008BOCQUI55UKK79","BlackRock Sustainable Total Return Fund","en",NA,NA,"en","c/o THE CORPORATION TRUST INCORPORATED, 2405 YORK ROAD, SUITE 201",NA,NA,NA,"LUTHERVILLE TIMONIUM","US-MD","US","21093-2264","en","c/o BLACKROCK ADVISORS, LLC, c/o CORPORATION SERVICE COMPANY, 251 LITTLE FALLS DRIVE",NA,NA,"c/o BLACKROCK ADVISORS, LLC","Wilmington","US-DE","US","19808","RA000665",NA,"S000073727","US-MD","FUND","HLR4",NA,NA,NA,"ACTIVE",NA,NA,NA,NA,NA,2021-07-19 22:00:00,NA,NA,NA,2021-08-17 15:30:00,2025-11-22 07:35:45,"ISSUED",2027-01-09 08:44:34,"5299000J2N45DDNE4Y28","FULLY_CORROBORATED","RA000665",NA,"S000073727",NA,NA,NA,NA,NA,1677770165,"CONFORMING","https://api.gleif.org/api/v1/lei-records/5493008BOCQUI55UKK79/managing-lou","https://api.gleif.org/api/v1/lei-records/5493008BOCQUI55UKK79/lei-issuer","https://api.gleif.org/api/v1/lei-records/5493008BOCQUI55UKK79/field-modifications","https://api.gleif.org/api/v1/lei-records/5493008BOCQUI55UKK79/direct-parent-reporting-exception","https://api.gleif.org/api/v1/lei-records/5493008BOCQUI55UKK79/ultimate-parent-reporting-exception","https://api.gleif.org/api/v1/lei-records/5493008BOCQUI55UKK79/fund-manager","https://api.gleif.org/api/v1/lei-records/5493008BOCQUI55UKK79/fund-manager-relationship",TRUE,NA,NA,NA,NA,NA,NA,"STANDALONE","SUPPORTING_DOCUMENTS",2024-12-04 23:00:00,2024-12-05 13:54:59,"CHANGE_LEGAL_FORM","COMPLETED","https://api.gleif.org/api/v1/lei-records/5493008BOCQUI55UKK79/umbrella-fund","https://api.gleif.org/api/v1/lei-records/5493008BOCQUI55UKK79/umbrella-fund-relationship",NA,NA,NA,NA,NA,NA,NA,"STANDALONE","SUPPORTING_DOCUMENTS",2023-12-08 23:00:00,2023-12-09 10:27:03,"CHANGE_LEGAL_ADDRESS","COMPLETED",NA,NA,NA,NA,NA,NA,NA,NA,NA,NA,NA,NA,NA,NA,NA,NA,NA,NA,NA,NA,NA,NA,NA,NA,NA,NA,NA,NA,NA,NA,NA,NA,NA,NA,NA,NA,NA,NA,NA,NA,NA,NA,NA,NA,NA,NA,NA,NA,NA,NA,NA,NA,NA,NA,NA,NA,NA,NA,NA,NA,NA,NA,NA,NA,NA,NA,NA,NA,NA,NA,NA,NA,NA,NA,NA,NA,NA,NA,NA,NA,NA,NA,NA,NA,NA,NA,NA,NA,NA,NA,NA,NA,NA,NA,NA,NA,NA,NA,NA,NA,NA,NA,NA,NA,NA,NA,NA,NA,NA,NA,NA,NA,NA,NA,NA,NA,NA,NA,NA,NA,NA,NA,NA,NA,NA,NA,NA,NA,NA,NA,NA,NA,NA,NA,NA,NA,NA,NA,NA,NA,NA,NA,NA,NA,NA,NA,NA,NA,NA,NA,NA,NA,NA,NA,NA,NA,NA,NA,NA,NA,NA,NA,NA,NA,NA,NA,NA,NA,NA,NA,NA,NA,NA,NA,NA,NA,NA,NA,NA,NA,NA,NA,NA,NA,NA,NA,NA,NA,NA,NA,NA,NA,NA,NA,NA,NA,NA,NA,NA,NA,NA,NA,NA,NA,NA,NA,NA,NA,NA,NA,NA,NA,NA,NA,NA,NA,NA,NA,NA,NA,NA,NA,NA,NA,NA,NA,NA,"BlackRock Sustainable Total Return Fund","Open-End Mutual Fund"
"81","5493008DWKCYUY7KE133","5493008DWKCYUY7KE133",200,"5493008DWKCYUY7KE133","iShares ESG Advanced MSCI EM ETF","en",NA,NA,"en","c/o THE CORPORATION TRUST COMPANY, CORPORATION TRUST CENTER 1209 ORANGE ST",NA,NA,NA,"WILMINGTON","US-DE","US","19801","en","c/o BLACKROCK FUND ADVISORS, 400 HOWARD STREET",NA,NA,"c/o BLACKROCK FUND ADVISORS","SAN FRANCISCO","US-CA","US","94105","RA000665",NA,"S000068773","US-DE","FUND","8888","Trust",NA,NA,"ACTIVE",NA,NA,NA,NA,NA,2020-10-05 22:00:00,NA,NA,NA,2020-05-04 14:32:00,2025-11-07 09:37:22,"ISSUED",2026-12-15 09:56:24,"5299000J2N45DDNE4Y28","FULLY_CORROBORATED","RA000665",NA,"S000068773",NA,NA,NA,NA,NA,662352510,"CONFORMING","https://api.gleif.org/api/v1/lei-records/5493008DWKCYUY7KE133/managing-lou","https://api.gleif.org/api/v1/lei-records/5493008DWKCYUY7KE133/lei-issuer","https://api.gleif.org/api/v1/lei-records/5493008DWKCYUY7KE133/field-modifications","https://api.gleif.org/api/v1/lei-records/5493008DWKCYUY7KE133/direct-parent-reporting-exception","https://api.gleif.org/api/v1/lei-records/5493008DWKCYUY7KE133/ultimate-parent-reporting-exception","https://api.gleif.org/api/v1/lei-records/5493008DWKCYUY7KE133/fund-manager","https://api.gleif.org/api/v1/lei-records/5493008DWKCYUY7KE133/fund-manager-relationship",TRUE,NA,NA,NA,NA,NA,NA,"STANDALONE","SUPPORTING_DOCUMENTS",2023-02-06 23:00:00,2023-02-07 11:10:55,"CHANGE_LEGAL_FORM","COMPLETED","https://api.gleif.org/api/v1/lei-records/5493008DWKCYUY7KE133/umbrella-fund","https://api.gleif.org/api/v1/lei-records/5493008DWKCYUY7KE133/umbrella-fund-relationship",NA,NA,NA,NA,NA,NA,NA,"STANDALONE","SUPPORTING_DOCUMENTS",2023-02-06 23:00:00,2023-02-07 11:10:55,"CHANGE_LEGAL_ADDRESS","COMPLETED",NA,NA,NA,NA,NA,NA,NA,NA,NA,NA,NA,NA,NA,NA,NA,NA,NA,NA,NA,NA,NA,NA,NA,NA,NA,NA,NA,NA,NA,NA,NA,NA,NA,NA,NA,NA,NA,NA,NA,NA,NA,NA,NA,NA,NA,NA,NA,NA,NA,NA,NA,NA,NA,NA,NA,NA,NA,NA,NA,NA,NA,NA,NA,NA,NA,NA,NA,NA,NA,NA,NA,NA,NA,NA,NA,NA,NA,NA,NA,NA,NA,NA,NA,NA,NA,NA,NA,NA,NA,NA,NA,NA,NA,NA,NA,NA,NA,NA,NA,NA,NA,NA,NA,NA,NA,NA,NA,NA,NA,NA,NA,NA,NA,NA,NA,NA,NA,NA,NA,NA,NA,NA,NA,NA,NA,NA,NA,NA,NA,NA,NA,NA,NA,NA,NA,NA,NA,NA,NA,NA,NA,NA,NA,NA,NA,NA,NA,NA,NA,NA,NA,NA,NA,NA,NA,NA,NA,NA,NA,NA,NA,NA,NA,NA,NA,NA,NA,NA,NA,NA,NA,NA,NA,NA,NA,NA,NA,NA,NA,NA,NA,NA,NA,NA,NA,NA,NA,NA,NA,NA,NA,NA,NA,NA,NA,NA,NA,NA,NA,NA,NA,NA,NA,NA,NA,NA,NA,NA,NA,NA,NA,NA,NA,NA,NA,NA,NA,NA,NA,NA,NA,NA,NA,NA,NA,NA,NA,"iShares ESG Advanced MSCI EM ETF","ETF"
"82","5493008FDGLC90EUMI09","5493008FDGLC90EUMI09",200,"5493008FDGLC90EUMI09","Bridge Builder Core Plus Bond Fund","en",NA,NA,"en","c/o The Corporation Trust Company, 1209 Orange St",NA,NA,NA,"Wilmington","US-DE","US","19801","en","c/o Olive Street Investment Advisers, LLC, c/o C T CORPORATION SYSTEM, 5661 Telegraph Rd Ste 4B",NA,NA,"c/o Olive Street Investment Advisers, LLC","Saint Louis","US-MO","US","63129-4275","RA000665",NA,"S000049701","US-DE","FUND","4FSX",NA,NA,NA,"ACTIVE",NA,NA,NA,NA,NA,2015-04-05 22:00:00,NA,NA,NA,2015-04-14 01:46:00,2026-03-30 13:41:02,"ISSUED",2027-04-10 09:54:25,"5299000J2N45DDNE4Y28","FULLY_CORROBORATED","RA000665",NA,"S000049701",NA,NA,NA,NA,NA,290709518,"CONFORMING","https://api.gleif.org/api/v1/lei-records/5493008FDGLC90EUMI09/managing-lou","https://api.gleif.org/api/v1/lei-records/5493008FDGLC90EUMI09/lei-issuer","https://api.gleif.org/api/v1/lei-records/5493008FDGLC90EUMI09/field-modifications","https://api.gleif.org/api/v1/lei-records/5493008FDGLC90EUMI09/direct-parent-reporting-exception","https://api.gleif.org/api/v1/lei-records/5493008FDGLC90EUMI09/ultimate-parent-reporting-exception",NA,NA,TRUE,NA,NA,NA,NA,NA,NA,"STANDALONE","SUPPORTING_DOCUMENTS",2025-03-30 22:00:00,2025-03-31 10:08:15,"CHANGE_HQ_ADDRESS","COMPLETED","https://api.gleif.org/api/v1/lei-records/5493008FDGLC90EUMI09/umbrella-fund","https://api.gleif.org/api/v1/lei-records/5493008FDGLC90EUMI09/umbrella-fund-relationship",NA,NA,NA,NA,NA,NA,NA,NA,NA,NA,NA,NA,NA,"https://api.gleif.org/api/v1/lei-records/5493008FDGLC90EUMI09/isins",NA,NA,NA,NA,NA,NA,NA,NA,NA,NA,NA,NA,NA,NA,NA,NA,NA,NA,NA,NA,NA,NA,NA,NA,NA,NA,NA,NA,NA,NA,NA,NA,NA,NA,NA,NA,NA,NA,NA,NA,NA,NA,NA,NA,NA,NA,NA,NA,NA,NA,NA,NA,NA,NA,NA,NA,NA,NA,NA,NA,NA,NA,NA,NA,NA,NA,NA,NA,NA,NA,NA,NA,NA,NA,NA,NA,NA,NA,NA,NA,NA,NA,NA,NA,NA,NA,NA,NA,NA,NA,NA,NA,NA,NA,NA,NA,NA,NA,NA,NA,NA,NA,NA,NA,NA,NA,NA,NA,NA,NA,NA,NA,NA,NA,NA,NA,NA,NA,NA,NA,NA,NA,NA,NA,NA,NA,NA,NA,NA,NA,NA,NA,NA,NA,NA,NA,NA,NA,NA,NA,NA,NA,NA,NA,NA,NA,NA,NA,NA,NA,NA,NA,NA,NA,NA,NA,NA,NA,NA,NA,NA,NA,NA,NA,NA,NA,NA,NA,NA,NA,NA,NA,NA,NA,NA,NA,NA,NA,NA,NA,NA,NA,NA,NA,NA,NA,NA,NA,NA,NA,NA,NA,NA,NA,NA,NA,NA,NA,NA,NA,NA,NA,NA,NA,NA,NA,NA,NA,NA,NA,NA,NA,NA,NA,NA,NA,NA,NA,NA,NA,NA,NA,NA,NA,NA,NA,"Bridge Builder Core Plus Bond Fund","Open-End Mutual Fund"
"83","5493008HCG7WQT8RZC73","5493008HCG7WQT8RZC73",200,"5493008HCG7WQT8RZC73","HARTFORD STRATEGIC INCOME ETF","en",NA,NA,"en","C/O CORPORATION SERVICE COMPANY",NA,NA,NA,"WILMINGTON","US-DE","US","19808","en","C/O HARTFORD FUNDS MANAGEMENT COMPANY, LLC",NA,NA,NA,"WAYNE","US-PA","US","19087","RA000665",NA,"S000073404","US","FUND","8888","SUB-FUND",NA,NA,"ACTIVE",NA,NA,NA,NA,NA,2016-12-31 00:00:00,NA,NA,NA,2021-06-28 15:32:00,2026-01-16 15:50:24,"ISSUED",2027-02-01 00:00:00,"5493001KJTIIGC8Y1R12","FULLY_CORROBORATED","RA000665",NA,"S000073404",NA,NA,NA,NA,NA,1671908734,"CONFORMING","https://api.gleif.org/api/v1/lei-records/5493008HCG7WQT8RZC73/managing-lou","https://api.gleif.org/api/v1/lei-records/5493008HCG7WQT8RZC73/lei-issuer","https://api.gleif.org/api/v1/lei-records/5493008HCG7WQT8RZC73/field-modifications","https://api.gleif.org/api/v1/lei-records/5493008HCG7WQT8RZC73/direct-parent-reporting-exception","https://api.gleif.org/api/v1/lei-records/5493008HCG7WQT8RZC73/ultimate-parent-reporting-exception","https://api.gleif.org/api/v1/lei-records/5493008HCG7WQT8RZC73/fund-manager","https://api.gleif.org/api/v1/lei-records/5493008HCG7WQT8RZC73/fund-manager-relationship",TRUE,NA,"e Hartford Sustainable Income ETF","en","PREVIOUS_LEGAL_NAME","251 LITTLE FALLS DRIVE","690 LEE ROAD","STANDALONE","REGULATORY_FILING",2024-09-30 00:00:00,2024-09-30 12:55:09,"CHANGE_LEGAL_NAME","COMPLETED","https://api.gleif.org/api/v1/lei-records/5493008HCG7WQT8RZC73/umbrella-fund","https://api.gleif.org/api/v1/lei-records/5493008HCG7WQT8RZC73/umbrella-fund-relationship",NA,NA,NA,NA,NA,NA,NA,NA,NA,NA,NA,NA,NA,NA,NA,NA,NA,NA,NA,NA,NA,NA,NA,NA,NA,NA,NA,NA,NA,NA,NA,NA,NA,NA,NA,NA,NA,NA,NA,NA,NA,NA,NA,NA,NA,NA,NA,NA,NA,NA,NA,NA,NA,NA,NA,NA,NA,NA,NA,NA,NA,NA,NA,NA,NA,NA,NA,NA,NA,NA,NA,NA,NA,NA,NA,NA,NA,NA,NA,NA,NA,NA,NA,NA,NA,NA,NA,NA,NA,NA,NA,NA,NA,NA,NA,NA,NA,NA,NA,NA,NA,NA,NA,NA,NA,NA,NA,NA,NA,NA,NA,NA,NA,NA,NA,NA,NA,NA,NA,NA,NA,NA,NA,NA,NA,NA,NA,NA,NA,NA,NA,NA,NA,NA,NA,NA,NA,NA,NA,NA,NA,NA,NA,NA,NA,NA,NA,NA,NA,NA,NA,NA,NA,NA,NA,NA,NA,NA,NA,NA,NA,NA,NA,NA,NA,NA,NA,NA,NA,NA,NA,NA,NA,NA,NA,NA,NA,NA,NA,NA,NA,NA,NA,NA,NA,NA,NA,NA,NA,NA,NA,NA,NA,NA,NA,NA,NA,NA,NA,NA,NA,NA,NA,NA,NA,NA,NA,NA,NA,NA,NA,NA,NA,NA,NA,NA,NA,NA,NA,NA,NA,NA,NA,NA,NA,NA,NA,NA,NA,NA,NA,NA,NA,NA,NA,NA,NA,NA,NA,NA,"Hartford Sustainable Income ETF","ETF"
"84","5493008PS83BJ3Y3F160","5493008PS83BJ3Y3F160",200,"5493008PS83BJ3Y3F160","PACE Strategic Fixed Income Investments","en",NA,NA,"en","C/O Corporation Service Company",NA,NA,NA,"WILMINGTON","US-DE","US","19808","en","C/O UBS Asset Management (Americas) LLC",NA,NA,NA,"New York","US-NY","US","10019","RA000665",NA,"S000002698","US","FUND","8888","FUND",NA,NA,"ACTIVE",NA,NA,NA,NA,NA,2012-12-02 00:00:00,NA,NA,NA,2012-12-04 16:01:00,2026-01-28 12:49:17,"ISSUED",2027-02-10 00:59:12,"5493001KJTIIGC8Y1R12","FULLY_CORROBORATED","RA000665",NA,"S000002698",NA,NA,NA,NA,NA,39797942,"CONFORMING","https://api.gleif.org/api/v1/lei-records/5493008PS83BJ3Y3F160/managing-lou","https://api.gleif.org/api/v1/lei-records/5493008PS83BJ3Y3F160/lei-issuer","https://api.gleif.org/api/v1/lei-records/5493008PS83BJ3Y3F160/field-modifications","https://api.gleif.org/api/v1/lei-records/5493008PS83BJ3Y3F160/direct-parent-reporting-exception","https://api.gleif.org/api/v1/lei-records/5493008PS83BJ3Y3F160/ultimate-parent-reporting-exception","https://api.gleif.org/api/v1/lei-records/5493008PS83BJ3Y3F160/fund-manager","https://api.gleif.org/api/v1/lei-records/5493008PS83BJ3Y3F160/fund-manager-relationship",TRUE,NA,"UBS Pace Select Advisors Trust - UBS Pace Strategic Fixed Income Investments","en","PREVIOUS_LEGAL_NAME","251 Little Falls Drive","787 Seventh Avenue",NA,NA,NA,NA,NA,NA,"https://api.gleif.org/api/v1/lei-records/5493008PS83BJ3Y3F160/umbrella-fund","https://api.gleif.org/api/v1/lei-records/5493008PS83BJ3Y3F160/umbrella-fund-relationship",NA,NA,NA,NA,NA,NA,NA,NA,NA,NA,NA,NA,NA,NA,NA,NA,NA,NA,NA,NA,NA,NA,NA,NA,NA,NA,NA,NA,NA,NA,NA,NA,NA,NA,NA,NA,NA,NA,NA,NA,NA,NA,NA,NA,NA,NA,NA,NA,NA,NA,NA,NA,NA,NA,NA,NA,NA,NA,NA,NA,NA,NA,NA,NA,NA,NA,NA,NA,NA,NA,NA,NA,NA,NA,NA,NA,NA,NA,NA,NA,NA,NA,NA,NA,NA,NA,NA,NA,NA,NA,NA,NA,NA,NA,NA,NA,NA,NA,NA,NA,NA,NA,NA,NA,NA,NA,NA,NA,NA,NA,NA,NA,NA,NA,NA,NA,NA,NA,NA,NA,NA,NA,NA,NA,NA,NA,NA,NA,NA,NA,NA,NA,NA,NA,NA,NA,NA,NA,NA,NA,NA,NA,NA,NA,NA,NA,NA,NA,NA,NA,NA,NA,NA,NA,NA,NA,NA,NA,NA,NA,NA,NA,NA,NA,NA,NA,NA,NA,NA,NA,NA,NA,NA,NA,NA,NA,NA,NA,NA,NA,NA,NA,NA,NA,NA,NA,NA,NA,NA,NA,NA,NA,NA,NA,NA,NA,NA,NA,NA,NA,NA,NA,NA,NA,NA,NA,NA,NA,NA,NA,NA,NA,NA,NA,NA,NA,NA,NA,NA,NA,NA,NA,NA,NA,NA,NA,NA,NA,NA,NA,NA,NA,NA,NA,NA,NA,NA,NA,NA,NA,"PACE Strategic Fixed Income Investments","Open-End Mutual Fund"
"85","5493008WOCWGPFRUUI64","5493008WOCWGPFRUUI64",200,"5493008WOCWGPFRUUI64","Multi-Manager Emerging Markets Debt Opportunity Fund","en",NA,NA,"en","C/O RL&F SERVICE CORP.",NA,NA,NA,"Wilmington","US-DE","US","19801","en","C/O Northern Trust Investments, Inc.",NA,NA,NA,"Chicago","US-IL","US","60603","RA000665",NA,"S000042634","US","FUND","8888","Sub-Fund",NA,NA,"ACTIVE",NA,NA,NA,NA,NA,2013-12-03 00:00:00,NA,NA,NA,2013-08-05 13:30:00,2025-09-05 13:12:18,"ISSUED",2026-09-12 18:00:00,"5493001KJTIIGC8Y1R12","FULLY_CORROBORATED","RA000665",NA,"S000042634",NA,NA,NA,NA,NA,244086692,"CONFORMING","https://api.gleif.org/api/v1/lei-records/5493008WOCWGPFRUUI64/managing-lou","https://api.gleif.org/api/v1/lei-records/5493008WOCWGPFRUUI64/lei-issuer","https://api.gleif.org/api/v1/lei-records/5493008WOCWGPFRUUI64/field-modifications","https://api.gleif.org/api/v1/lei-records/5493008WOCWGPFRUUI64/direct-parent-reporting-exception","https://api.gleif.org/api/v1/lei-records/5493008WOCWGPFRUUI64/ultimate-parent-reporting-exception","https://api.gleif.org/api/v1/lei-records/5493008WOCWGPFRUUI64/fund-manager","https://api.gleif.org/api/v1/lei-records/5493008WOCWGPFRUUI64/fund-manager-relationship",TRUE,NA,NA,NA,NA,"920 N King Street","50 South LaSalle Street",NA,NA,NA,NA,NA,NA,"https://api.gleif.org/api/v1/lei-records/5493008WOCWGPFRUUI64/umbrella-fund","https://api.gleif.org/api/v1/lei-records/5493008WOCWGPFRUUI64/umbrella-fund-relationship",NA,NA,NA,NA,NA,NA,"2nd Floor",NA,NA,NA,NA,NA,NA,NA,NA,NA,NA,NA,NA,NA,NA,NA,NA,NA,NA,NA,NA,NA,NA,NA,NA,NA,NA,NA,NA,NA,NA,NA,NA,NA,NA,NA,NA,NA,NA,NA,NA,NA,NA,NA,NA,NA,NA,NA,NA,NA,NA,NA,NA,NA,NA,NA,NA,NA,NA,NA,NA,NA,NA,NA,NA,NA,NA,NA,NA,NA,NA,NA,NA,NA,NA,NA,NA,NA,NA,NA,NA,NA,NA,NA,NA,NA,NA,NA,NA,NA,NA,NA,NA,NA,NA,NA,NA,NA,NA,NA,NA,NA,NA,NA,NA,NA,NA,NA,NA,NA,NA,NA,NA,NA,NA,NA,NA,NA,NA,NA,NA,NA,NA,NA,NA,NA,NA,NA,NA,NA,NA,NA,NA,NA,NA,NA,NA,NA,NA,NA,NA,NA,NA,NA,NA,NA,NA,NA,NA,NA,NA,NA,NA,NA,NA,NA,NA,NA,NA,NA,NA,NA,NA,NA,NA,NA,NA,NA,NA,NA,NA,NA,NA,NA,NA,NA,NA,NA,NA,NA,NA,NA,NA,NA,NA,NA,NA,NA,NA,NA,NA,NA,NA,NA,NA,NA,NA,NA,NA,NA,NA,NA,NA,NA,NA,NA,NA,NA,NA,NA,NA,NA,NA,NA,NA,NA,NA,NA,NA,NA,NA,NA,NA,NA,NA,NA,NA,NA,NA,NA,NA,NA,NA,NA,"Multi-Manager Emerging Markets Debt Opportunity Fund","Open-End Mutual Fund"
"86","5493009DE1KFPSBJLK06","5493009DE1KFPSBJLK06",200,"5493009DE1KFPSBJLK06","Goldman Sachs Growth Strategy Portfolio","en",NA,NA,"en","1201 NORTH MARKET ST FL 18",NA,NA,"c/o DELAWARE CORPORATION ORGANIZERS, INC.","WILMINGTON","US-DE","US","19801","en","200 WEST STREET",NA,NA,"c/o GOLDMAN SACHS ASSET MANAGEMENT, L.P.","NEW YORK","US-NY","US","10282","RA000665",NA,"S000009336","US-DE","FUND","8888","Fund",NA,NA,"ACTIVE",NA,NA,NA,NA,NA,1997-01-28 00:00:00,NA,NA,NA,2014-01-09 03:16:00,2026-02-20 23:06:09,"ISSUED",2027-03-01 23:07:52,"529900T8BM49AURSDO55","PARTIALLY_CORROBORATED","RA000665",NA,"S000009336",NA,NA,NA,NA,NA,30912329,"CONFORMING","https://api.gleif.org/api/v1/lei-records/5493009DE1KFPSBJLK06/managing-lou","https://api.gleif.org/api/v1/lei-records/5493009DE1KFPSBJLK06/lei-issuer","https://api.gleif.org/api/v1/lei-records/5493009DE1KFPSBJLK06/field-modifications","https://api.gleif.org/api/v1/lei-records/5493009DE1KFPSBJLK06/direct-parent-reporting-exception","https://api.gleif.org/api/v1/lei-records/5493009DE1KFPSBJLK06/ultimate-parent-reporting-exception","https://api.gleif.org/api/v1/lei-records/5493009DE1KFPSBJLK06/fund-manager","https://api.gleif.org/api/v1/lei-records/5493009DE1KFPSBJLK06/fund-manager-relationship",TRUE,NA,NA,NA,NA,"P.O. BOX 1347",NA,NA,NA,NA,NA,NA,NA,"https://api.gleif.org/api/v1/lei-records/5493009DE1KFPSBJLK06/umbrella-fund","https://api.gleif.org/api/v1/lei-records/5493009DE1KFPSBJLK06/umbrella-fund-relationship",NA,NA,NA,NA,NA,NA,NA,NA,NA,NA,NA,NA,NA,NA,NA,NA,NA,NA,NA,NA,NA,NA,NA,NA,NA,NA,NA,NA,NA,NA,NA,NA,NA,NA,NA,NA,NA,NA,NA,NA,NA,NA,NA,NA,NA,NA,NA,NA,NA,NA,NA,NA,NA,NA,NA,NA,NA,NA,NA,NA,NA,NA,NA,NA,NA,NA,NA,NA,NA,NA,NA,NA,NA,NA,NA,NA,NA,NA,NA,NA,NA,NA,NA,NA,NA,NA,NA,NA,NA,NA,NA,NA,NA,NA,NA,NA,NA,NA,NA,NA,NA,NA,NA,NA,NA,NA,NA,NA,NA,NA,NA,NA,NA,NA,NA,NA,NA,NA,NA,NA,NA,NA,NA,NA,NA,NA,NA,NA,NA,NA,NA,NA,NA,NA,NA,NA,NA,NA,NA,NA,NA,NA,NA,NA,NA,NA,NA,NA,NA,NA,NA,NA,NA,NA,NA,NA,NA,NA,NA,NA,NA,NA,NA,NA,NA,NA,NA,NA,NA,NA,NA,NA,NA,NA,NA,NA,NA,NA,NA,NA,NA,NA,NA,NA,NA,NA,NA,NA,NA,NA,NA,NA,NA,NA,NA,NA,NA,NA,NA,NA,NA,NA,NA,NA,NA,NA,NA,NA,NA,NA,NA,NA,NA,NA,NA,NA,NA,NA,NA,NA,NA,NA,NA,NA,NA,NA,NA,NA,NA,NA,NA,NA,NA,NA,NA,NA,NA,NA,NA,NA,"Goldman Sachs Growth Strategy Portfolio","Open-End Mutual Fund"
"87","5493009JJY9RDVN19O36","5493009JJY9RDVN19O36",200,"5493009JJY9RDVN19O36","Ashmore Emerging Markets Debt Fund","en",NA,NA,"en","C/O CORPORATION SERVICE COMPANY",NA,NA,NA,"BOSTON","US-MA","US","02109","en","C/O Ashmore Investment Advisors Limited",NA,NA,NA,"London",NA,"GB","SW1E 5JD","RA000665",NA,"S000069539","US","FUND","8888","FUND",NA,NA,"ACTIVE",NA,NA,NA,NA,NA,2016-12-31 00:00:00,NA,NA,NA,2020-07-16 21:30:00,2026-04-01 05:18:15,"ISSUED",2026-12-18 18:00:00,"5493001KJTIIGC8Y1R12","FULLY_CORROBORATED","RA000665",NA,"S000069539",NA,NA,NA,NA,NA,677227764,"CONFORMING","https://api.gleif.org/api/v1/lei-records/5493009JJY9RDVN19O36/managing-lou","https://api.gleif.org/api/v1/lei-records/5493009JJY9RDVN19O36/lei-issuer","https://api.gleif.org/api/v1/lei-records/5493009JJY9RDVN19O36/field-modifications","https://api.gleif.org/api/v1/lei-records/5493009JJY9RDVN19O36/direct-parent-reporting-exception","https://api.gleif.org/api/v1/lei-records/5493009JJY9RDVN19O36/ultimate-parent-reporting-exception","https://api.gleif.org/api/v1/lei-records/5493009JJY9RDVN19O36/fund-manager","https://api.gleif.org/api/v1/lei-records/5493009JJY9RDVN19O36/fund-manager-relationship",TRUE,NA,"Ashmore Funds - Ashmore Emerging Markets Investment Grade Income Fund","en","PREVIOUS_LEGAL_NAME","84 STATE STREET","16 Palace Street","STANDALONE","REGULATORY_FILING",2026-03-19 00:00:00,2026-03-31 16:12:26,"CHANGE_HQ_ADDRESS","COMPLETED","https://api.gleif.org/api/v1/lei-records/5493009JJY9RDVN19O36/umbrella-fund","https://api.gleif.org/api/v1/lei-records/5493009JJY9RDVN19O36/umbrella-fund-relationship",NA,NA,"2026.03.19 - Companies House - Change of Registered Address - AshmorePLC.pdf",NA,NA,NA,NA,"STANDALONE","REGULATORY_FILING",2023-07-31 00:00:00,2023-08-23 14:30:32,"CHANGE_LEGAL_NAME","COMPLETED",NA,NA,NA,NA,NA,NA,NA,NA,NA,NA,NA,NA,NA,NA,NA,NA,NA,NA,NA,NA,NA,NA,NA,NA,NA,NA,NA,NA,NA,NA,NA,NA,NA,NA,NA,NA,NA,NA,NA,NA,NA,NA,NA,NA,NA,NA,NA,NA,NA,NA,NA,NA,NA,NA,NA,NA,NA,NA,NA,NA,NA,NA,NA,NA,NA,NA,NA,NA,NA,NA,NA,NA,NA,NA,NA,NA,NA,NA,NA,NA,NA,NA,NA,NA,NA,NA,NA,NA,NA,NA,NA,NA,NA,NA,NA,NA,NA,NA,NA,NA,NA,NA,NA,NA,NA,NA,NA,NA,NA,NA,NA,NA,NA,NA,NA,NA,NA,NA,NA,NA,NA,NA,NA,NA,NA,NA,NA,NA,NA,NA,NA,NA,NA,NA,NA,NA,NA,NA,NA,NA,NA,NA,NA,NA,NA,NA,NA,NA,NA,NA,NA,NA,NA,NA,NA,NA,NA,NA,NA,NA,NA,NA,NA,NA,NA,NA,NA,NA,NA,NA,NA,NA,NA,NA,NA,NA,NA,NA,NA,NA,NA,NA,NA,NA,NA,NA,NA,NA,NA,NA,NA,NA,NA,NA,NA,NA,NA,NA,NA,NA,NA,NA,NA,NA,NA,NA,NA,NA,NA,NA,NA,NA,NA,NA,NA,NA,NA,NA,NA,NA,NA,NA,NA,NA,NA,NA,NA,"Ashmore Emerging Markets Investment Grade Income Fund","Open-End Mutual Fund"
"88","549300AJA4FNZO83ST90","549300AJA4FNZO83ST90",200,"549300AJA4FNZO83ST90","PIMCO FLEXIBLE EMERGING MARKETS INCOME FUND","en",NA,NA,"en","C/O ROPES & GRAY LLP",NA,NA,NA,"BOSTON","US-MA","US","02199","en","C/O Pacific Investment Management Company LLC",NA,NA,NA,"Newport Beach","US-CA","US","92660","RA000665",NA,"0001851077","US","FUND","8888","FUND",NA,NA,"ACTIVE",NA,NA,NA,NA,NA,2021-03-11 00:00:00,NA,NA,NA,2021-05-17 15:34:00,2025-10-22 18:12:39,"ISSUED",2026-11-20 15:42:31,"5493001KJTIIGC8Y1R12","FULLY_CORROBORATED","RA000665",NA,"0001851077",NA,NA,NA,NA,NA,708782181,"CONFORMING","https://api.gleif.org/api/v1/lei-records/549300AJA4FNZO83ST90/managing-lou","https://api.gleif.org/api/v1/lei-records/549300AJA4FNZO83ST90/lei-issuer","https://api.gleif.org/api/v1/lei-records/549300AJA4FNZO83ST90/field-modifications","https://api.gleif.org/api/v1/lei-records/549300AJA4FNZO83ST90/direct-parent-reporting-exception","https://api.gleif.org/api/v1/lei-records/549300AJA4FNZO83ST90/ultimate-parent-reporting-exception","https://api.gleif.org/api/v1/lei-records/549300AJA4FNZO83ST90/fund-manager","https://api.gleif.org/api/v1/lei-records/549300AJA4FNZO83ST90/fund-manager-relationship",TRUE,NA,NA,NA,NA,"800 BOYLSTON ST.","650 Newport Center Drive",NA,NA,NA,NA,NA,NA,NA,NA,NA,NA,NA,NA,NA,NA,"PRUDENTIAL TOWER",NA,NA,NA,NA,NA,NA,"https://api.gleif.org/api/v1/lei-records/549300AJA4FNZO83ST90/isins",NA,NA,NA,NA,NA,NA,NA,NA,NA,NA,NA,NA,NA,NA,NA,NA,NA,NA,NA,NA,NA,NA,NA,NA,NA,NA,NA,NA,NA,NA,NA,NA,NA,NA,NA,NA,NA,NA,NA,NA,NA,NA,NA,NA,NA,NA,NA,NA,NA,NA,NA,NA,NA,NA,NA,NA,NA,NA,NA,NA,NA,NA,NA,NA,NA,NA,NA,NA,NA,NA,NA,NA,NA,NA,NA,NA,NA,NA,NA,NA,NA,NA,NA,NA,NA,NA,NA,NA,NA,NA,NA,NA,NA,NA,NA,NA,NA,NA,NA,NA,NA,NA,NA,NA,NA,NA,NA,NA,NA,NA,NA,NA,NA,NA,NA,NA,NA,NA,NA,NA,NA,NA,NA,NA,NA,NA,NA,NA,NA,NA,NA,NA,NA,NA,NA,NA,NA,NA,NA,NA,NA,NA,NA,NA,NA,NA,NA,NA,NA,NA,NA,NA,NA,NA,NA,NA,NA,NA,NA,NA,NA,NA,NA,NA,NA,NA,NA,NA,NA,NA,NA,NA,NA,NA,NA,NA,NA,NA,NA,NA,NA,NA,NA,NA,NA,NA,NA,NA,NA,NA,NA,NA,NA,NA,NA,NA,NA,NA,NA,NA,NA,NA,NA,NA,NA,NA,NA,NA,NA,NA,NA,NA,NA,NA,NA,NA,NA,NA,NA,NA,NA,NA,NA,NA,NA,NA,"PIMCO Flexible Emerging Markets Income Fund","Closed-End Fund"
"89","549300B9ZNBV8Z440Q47","549300B9ZNBV8Z440Q47",200,"549300B9ZNBV8Z440Q47","PIMCO Multi-Strategy Alternative Fund","en",NA,NA,"en","C/O C T CORPORATION SYSTEM",NA,NA,NA,"BOSTON","US-MA","US","02110","en","C/O Pacific Investment Management Company LLC",NA,NA,NA,"Newport Beach","US-CA","US","92660","RA000665",NA,"S000047599","US","FUND","8888","SUB FUND",NA,NA,"ACTIVE",NA,NA,NA,NA,NA,2014-12-30 00:00:00,NA,NA,NA,2014-11-15 01:46:00,2025-12-11 12:54:31,"ISSUED",2026-12-16 19:29:21,"5493001KJTIIGC8Y1R12","FULLY_CORROBORATED","RA000665",NA,"S000047599",NA,NA,NA,NA,NA,273845487,"CONFORMING","https://api.gleif.org/api/v1/lei-records/549300B9ZNBV8Z440Q47/managing-lou","https://api.gleif.org/api/v1/lei-records/549300B9ZNBV8Z440Q47/lei-issuer","https://api.gleif.org/api/v1/lei-records/549300B9ZNBV8Z440Q47/field-modifications","https://api.gleif.org/api/v1/lei-records/549300B9ZNBV8Z440Q47/direct-parent-reporting-exception","https://api.gleif.org/api/v1/lei-records/549300B9ZNBV8Z440Q47/ultimate-parent-reporting-exception","https://api.gleif.org/api/v1/lei-records/549300B9ZNBV8Z440Q47/fund-manager","https://api.gleif.org/api/v1/lei-records/549300B9ZNBV8Z440Q47/fund-manager-relationship",TRUE,NA,NA,NA,NA,"155 FEDERAL ST.","650 Newport Center Drive",NA,NA,NA,NA,NA,NA,"https://api.gleif.org/api/v1/lei-records/549300B9ZNBV8Z440Q47/umbrella-fund","https://api.gleif.org/api/v1/lei-records/549300B9ZNBV8Z440Q47/umbrella-fund-relationship",NA,NA,NA,NA,NA,NA,"SUITE 700",NA,NA,NA,NA,NA,NA,NA,NA,NA,NA,NA,NA,NA,NA,NA,NA,NA,NA,NA,NA,NA,NA,NA,NA,NA,NA,NA,NA,NA,NA,NA,NA,NA,NA,NA,NA,NA,NA,NA,NA,NA,NA,NA,NA,NA,NA,NA,NA,NA,NA,NA,NA,NA,NA,NA,NA,NA,NA,NA,NA,NA,NA,NA,NA,NA,NA,NA,NA,NA,NA,NA,NA,NA,NA,NA,NA,NA,NA,NA,NA,NA,NA,NA,NA,NA,NA,NA,NA,NA,NA,NA,NA,NA,NA,NA,NA,NA,NA,NA,NA,NA,NA,NA,NA,NA,NA,NA,NA,NA,NA,NA,NA,NA,NA,NA,NA,NA,NA,NA,NA,NA,NA,NA,NA,NA,NA,NA,NA,NA,NA,NA,NA,NA,NA,NA,NA,NA,NA,NA,NA,NA,NA,NA,NA,NA,NA,NA,NA,NA,NA,NA,NA,NA,NA,NA,NA,NA,NA,NA,NA,NA,NA,NA,NA,NA,NA,NA,NA,NA,NA,NA,NA,NA,NA,NA,NA,NA,NA,NA,NA,NA,NA,NA,NA,NA,NA,NA,NA,NA,NA,NA,NA,NA,NA,NA,NA,NA,NA,NA,NA,NA,NA,NA,NA,NA,NA,NA,NA,NA,NA,NA,NA,NA,NA,NA,NA,NA,NA,NA,NA,NA,NA,NA,NA,NA,NA,NA,NA,NA,NA,NA,NA,NA,"PIMCO Multi-Strategy Alternative Fund","Open-End Mutual Fund"
"90","549300BPYHDEDI59G670","549300BPYHDEDI59G670",200,"549300BPYHDEDI59G670","iShares MSCI Emerging Markets ETF","en",NA,NA,"en","c/o THE CORPORATION TRUST INCORPORATED, 2405 YORK ROAD, SUITE 201",NA,NA,NA,"LUTHERVILLE TIMONIUM","US-MD","US","21093-2264","en","c/o BLACKROCK FUND ADVISORS, c/o TERRI SLANE, 400 HOWARD STREET",NA,NA,"c/o BLACKROCK FUND ADVISORS","SAN FRANCISCO","US-CA","US","94105","RA000665",NA,"S000004266","US-MD","FUND","8888","Trust",NA,NA,"ACTIVE",NA,NA,NA,NA,NA,2011-01-03 23:00:00,NA,NA,NA,2012-12-24 10:15:00,2025-11-22 13:00:47,"ISSUED",2027-01-12 10:02:05,"5299000J2N45DDNE4Y28","FULLY_CORROBORATED","RA000665",NA,"S000004266",NA,NA,NA,NA,NA,8797528,"CONFORMING","https://api.gleif.org/api/v1/lei-records/549300BPYHDEDI59G670/managing-lou","https://api.gleif.org/api/v1/lei-records/549300BPYHDEDI59G670/lei-issuer","https://api.gleif.org/api/v1/lei-records/549300BPYHDEDI59G670/field-modifications","https://api.gleif.org/api/v1/lei-records/549300BPYHDEDI59G670/direct-parent-reporting-exception","https://api.gleif.org/api/v1/lei-records/549300BPYHDEDI59G670/ultimate-parent-reporting-exception","https://api.gleif.org/api/v1/lei-records/549300BPYHDEDI59G670/fund-manager","https://api.gleif.org/api/v1/lei-records/549300BPYHDEDI59G670/fund-manager-relationship",TRUE,NA,"iShares, Inc. - iShares MSCI Emerging Markets ETF","en","PREVIOUS_LEGAL_NAME",NA,NA,"STANDALONE","SUPPORTING_DOCUMENTS",2023-02-05 23:00:00,2023-02-06 15:46:34,"CHANGE_HQ_ADDRESS","COMPLETED","https://api.gleif.org/api/v1/lei-records/549300BPYHDEDI59G670/umbrella-fund","https://api.gleif.org/api/v1/lei-records/549300BPYHDEDI59G670/umbrella-fund-relationship",NA,NA,NA,NA,NA,NA,NA,"STANDALONE","SUPPORTING_DOCUMENTS",2023-02-05 23:00:00,2023-02-06 15:46:34,"CHANGE_LEGAL_ADDRESS","COMPLETED",NA,NA,NA,NA,NA,NA,NA,NA,NA,NA,NA,NA,NA,NA,NA,NA,NA,NA,NA,NA,"STANDALONE","SUPPORTING_DOCUMENTS",2023-02-05 23:00:00,2023-02-06 15:46:34,"CHANGE_LEGAL_NAME","COMPLETED",NA,NA,NA,NA,NA,NA,NA,NA,NA,NA,NA,NA,NA,NA,NA,NA,NA,NA,NA,NA,NA,NA,NA,NA,NA,NA,NA,NA,NA,NA,NA,NA,NA,NA,NA,NA,NA,NA,NA,NA,NA,NA,NA,NA,NA,NA,NA,NA,NA,NA,NA,NA,NA,NA,NA,NA,NA,NA,NA,NA,NA,NA,NA,NA,NA,NA,NA,NA,NA,NA,NA,NA,NA,NA,NA,NA,NA,NA,NA,NA,NA,NA,NA,NA,NA,NA,NA,NA,NA,NA,NA,NA,NA,NA,NA,NA,NA,NA,NA,NA,NA,NA,NA,NA,NA,NA,NA,NA,NA,NA,NA,NA,NA,NA,NA,NA,NA,NA,NA,NA,NA,NA,NA,NA,NA,NA,NA,NA,NA,NA,NA,NA,NA,NA,NA,NA,NA,NA,NA,NA,NA,NA,NA,NA,NA,NA,NA,NA,NA,NA,NA,NA,NA,NA,NA,NA,NA,NA,NA,NA,NA,NA,NA,NA,NA,NA,NA,NA,NA,NA,NA,NA,NA,NA,NA,NA,NA,NA,NA,NA,NA,NA,NA,NA,NA,NA,NA,NA,NA,NA,NA,NA,NA,NA,NA,NA,NA,NA,NA,NA,NA,"iShares MSCI Emerging Markets ETF","ETF"
"91","549300BTS1EQGCFP3Y92","549300BTS1EQGCFP3Y92",200,"549300BTS1EQGCFP3Y92","SA Multi-Managed Diversified Fixed Income Portfolio","en",NA,NA,"en","C/O THE PRENTICE-HALL CORPORATION SYSTEM, INC.",NA,NA,NA,"BOSTON","US-MA","US","02109","en","C/O SunAmerica Asset Management, LLC",NA,NA,NA,"Jersey City","US-NJ","US","07302","RA000665",NA,"S000008040","US","FUND","8888","FUND",NA,NA,"ACTIVE",NA,NA,NA,NA,NA,1995-10-10 12:00:00,NA,NA,NA,2013-05-28 20:10:00,2025-10-23 12:09:59,"ISSUED",2026-10-31 00:00:00,"5493001KJTIIGC8Y1R12","FULLY_CORROBORATED","RA000665",NA,"S000008040",NA,NA,NA,NA,NA,43964174,"CONFORMING","https://api.gleif.org/api/v1/lei-records/549300BTS1EQGCFP3Y92/managing-lou","https://api.gleif.org/api/v1/lei-records/549300BTS1EQGCFP3Y92/lei-issuer","https://api.gleif.org/api/v1/lei-records/549300BTS1EQGCFP3Y92/field-modifications","https://api.gleif.org/api/v1/lei-records/549300BTS1EQGCFP3Y92/direct-parent-reporting-exception","https://api.gleif.org/api/v1/lei-records/549300BTS1EQGCFP3Y92/ultimate-parent-reporting-exception","https://api.gleif.org/api/v1/lei-records/549300BTS1EQGCFP3Y92/fund-manager","https://api.gleif.org/api/v1/lei-records/549300BTS1EQGCFP3Y92/fund-manager-relationship",TRUE,NA,NA,NA,NA,"84 STATE ST.","30 Hudson Street",NA,NA,NA,NA,NA,NA,"https://api.gleif.org/api/v1/lei-records/549300BTS1EQGCFP3Y92/umbrella-fund","https://api.gleif.org/api/v1/lei-records/549300BTS1EQGCFP3Y92/umbrella-fund-relationship","16th Floor",NA,NA,NA,NA,NA,NA,NA,NA,NA,NA,NA,NA,NA,NA,NA,NA,NA,NA,NA,NA,NA,NA,NA,NA,NA,NA,NA,NA,NA,NA,NA,NA,NA,NA,NA,NA,NA,NA,NA,NA,NA,NA,NA,NA,NA,NA,NA,NA,NA,NA,NA,NA,NA,NA,NA,NA,NA,NA,NA,NA,NA,NA,NA,NA,NA,NA,NA,NA,NA,NA,NA,NA,NA,NA,NA,NA,NA,NA,NA,NA,NA,NA,NA,NA,NA,NA,NA,NA,NA,NA,NA,NA,NA,NA,NA,NA,NA,NA,NA,NA,NA,NA,NA,NA,NA,NA,NA,NA,NA,NA,NA,NA,NA,NA,NA,NA,NA,NA,NA,NA,NA,NA,NA,NA,NA,NA,NA,NA,NA,NA,NA,NA,NA,NA,NA,NA,NA,NA,NA,NA,NA,NA,NA,NA,NA,NA,NA,NA,NA,NA,NA,NA,NA,NA,NA,NA,NA,NA,NA,NA,NA,NA,NA,NA,NA,NA,NA,NA,NA,NA,NA,NA,NA,NA,NA,NA,NA,NA,NA,NA,NA,NA,NA,NA,NA,NA,NA,NA,NA,NA,NA,NA,NA,NA,NA,NA,NA,NA,NA,NA,NA,NA,NA,NA,NA,NA,NA,NA,NA,NA,NA,NA,NA,NA,NA,NA,NA,NA,NA,NA,NA,NA,NA,NA,NA,NA,NA,NA,NA,NA,NA,NA,NA,NA,NA,NA,NA,NA,NA,"SA Multi-Managed Diversified Fixed Income Portfolio","Open-End Mutual Fund"
"92","549300BV2WH8444C2Y33","549300BV2WH8444C2Y33",200,"549300BV2WH8444C2Y33","iShares Short Duration Bond Active ETF","en",NA,NA,"en","c/o THE CORPORATION TRUST COMPANY; CORPORATION TRUST CENTER 1209 ORANGE ST",NA,NA,NA,"WILMINGTON","US-DE","US","19801","en","c/o BLACKROCK FUND ADVISORS, 400 HOWARD STREET",NA,NA,"c/o BLACKROCK FUND ADVISORS","SAN FRANCISCO","US-CA","US","94105","RA000665",NA,"S000037042","US-DE","FUND","4FSX",NA,NA,NA,"ACTIVE",NA,NA,NA,NA,NA,2013-07-23 22:00:00,NA,NA,NA,2013-07-24 08:30:00,2025-11-26 13:55:24,"ISSUED",2027-01-19 08:58:26,"5299000J2N45DDNE4Y28","FULLY_CORROBORATED","RA000665",NA,"S000037042",NA,NA,NA,NA,NA,217067183,"CONFORMING","https://api.gleif.org/api/v1/lei-records/549300BV2WH8444C2Y33/managing-lou","https://api.gleif.org/api/v1/lei-records/549300BV2WH8444C2Y33/lei-issuer","https://api.gleif.org/api/v1/lei-records/549300BV2WH8444C2Y33/field-modifications","https://api.gleif.org/api/v1/lei-records/549300BV2WH8444C2Y33/direct-parent-reporting-exception","https://api.gleif.org/api/v1/lei-records/549300BV2WH8444C2Y33/ultimate-parent-reporting-exception","https://api.gleif.org/api/v1/lei-records/549300BV2WH8444C2Y33/fund-manager","https://api.gleif.org/api/v1/lei-records/549300BV2WH8444C2Y33/fund-manager-relationship",TRUE,NA,"BlackRock Short Duration Bond ETF","en","PREVIOUS_LEGAL_NAME",NA,NA,"STANDALONE","SUPPORTING_DOCUMENTS",2024-10-14 22:00:00,2024-10-15 06:23:37,"CHANGE_LEGAL_NAME","COMPLETED","https://api.gleif.org/api/v1/lei-records/549300BV2WH8444C2Y33/umbrella-fund","https://api.gleif.org/api/v1/lei-records/549300BV2WH8444C2Y33/umbrella-fund-relationship",NA,NA,NA,"BlackRock Short Maturity Bond ETF","en","PREVIOUS_LEGAL_NAME",NA,"STANDALONE","SUPPORTING_DOCUMENTS",2023-10-31 23:00:00,2023-11-01 17:07:37,"CHANGE_LEGAL_NAME","COMPLETED",NA,NA,NA,NA,NA,NA,NA,NA,NA,NA,NA,NA,NA,NA,NA,NA,NA,NA,NA,NA,NA,NA,NA,NA,NA,NA,NA,NA,NA,NA,NA,NA,NA,NA,NA,NA,NA,NA,NA,NA,NA,NA,NA,NA,NA,NA,NA,NA,NA,NA,NA,NA,NA,NA,NA,NA,NA,NA,NA,NA,NA,NA,NA,NA,NA,NA,NA,NA,NA,NA,NA,NA,NA,NA,NA,NA,NA,NA,NA,NA,NA,NA,NA,NA,NA,NA,NA,NA,NA,NA,NA,NA,NA,NA,NA,NA,NA,NA,NA,NA,NA,NA,NA,NA,NA,NA,NA,NA,NA,NA,NA,NA,NA,NA,NA,NA,NA,NA,NA,NA,NA,NA,NA,NA,NA,NA,NA,NA,NA,NA,NA,NA,NA,NA,NA,NA,NA,NA,NA,NA,NA,NA,NA,NA,NA,NA,NA,NA,NA,NA,NA,NA,NA,NA,NA,NA,NA,NA,NA,NA,NA,NA,NA,NA,NA,NA,NA,NA,NA,NA,NA,NA,NA,NA,NA,NA,NA,NA,NA,NA,NA,NA,NA,NA,NA,NA,NA,NA,NA,NA,NA,NA,NA,NA,NA,NA,NA,NA,NA,NA,NA,NA,NA,NA,NA,NA,NA,NA,NA,NA,NA,NA,NA,NA,NA,NA,NA,NA,NA,NA,NA,NA,NA,NA,NA,NA,NA,"iShares Short Maturity Bond ETF","ETF"
"93","549300BX5QVFQJENPV35","549300BX5QVFQJENPV35",200,"549300BX5QVFQJENPV35","PIMCO Dynamic Income Strategy Fund","en",NA,NA,"en","C/O CORPORATION SERVICE COMPANY",NA,NA,NA,"BOSTON","US-MA","US","02109","en","C/O PACIFIC INVESTMENT MANAGEMENT COMPANY LLC",NA,NA,NA,"NEWPORT BEACH","US-CA","US","92660","RA000665",NA,"0001756908","US","FUND","8888","FUND",NA,NA,"ACTIVE",NA,NA,NA,NA,NA,2018-10-29 00:00:00,NA,NA,NA,2018-12-27 15:32:00,2025-06-19 19:27:26,"ISSUED",2026-06-21 20:42:00,"5493001KJTIIGC8Y1R12","FULLY_CORROBORATED","RA000665",NA,"0001756908",NA,NA,NA,NA,NA,589384639,"CONFORMING","https://api.gleif.org/api/v1/lei-records/549300BX5QVFQJENPV35/managing-lou","https://api.gleif.org/api/v1/lei-records/549300BX5QVFQJENPV35/lei-issuer","https://api.gleif.org/api/v1/lei-records/549300BX5QVFQJENPV35/field-modifications","https://api.gleif.org/api/v1/lei-records/549300BX5QVFQJENPV35/direct-parent-reporting-exception","https://api.gleif.org/api/v1/lei-records/549300BX5QVFQJENPV35/ultimate-parent-reporting-exception","https://api.gleif.org/api/v1/lei-records/549300BX5QVFQJENPV35/fund-manager","https://api.gleif.org/api/v1/lei-records/549300BX5QVFQJENPV35/fund-manager-relationship",TRUE,NA,"PIMCO ENERGY AND TACTICAL CREDIT OPPORTUNITIES FUND","en","PREVIOUS_LEGAL_NAME","84 STATE STREET","650 NEWPORT CENTER DRIVE","STANDALONE","SUPPORTING_DOCUMENTS",2023-11-21 00:00:00,2023-09-29 16:49:26,"CHANGE_HQ_ADDRESS","IN_PROGRESS",NA,NA,NA,NA,NA,NA,NA,NA,NA,"STANDALONE","REGULATORY_FILING",2023-11-21 00:00:00,2023-09-29 16:49:26,"CHANGE_LEGAL_ADDRESS","IN_PROGRESS","https://api.gleif.org/api/v1/lei-records/549300BX5QVFQJENPV35/isins",NA,NA,NA,NA,NA,NA,NA,NA,NA,NA,NA,NA,NA,NA,NA,NA,NA,NA,NA,"STANDALONE","REGULATORY_FILING",2023-09-20 00:00:00,2023-09-29 16:49:26,"CHANGE_LEGAL_NAME","COMPLETED",NA,NA,NA,NA,NA,NA,NA,NA,NA,NA,NA,NA,NA,NA,NA,NA,NA,NA,NA,NA,NA,NA,NA,NA,NA,NA,NA,NA,NA,NA,NA,NA,NA,NA,NA,NA,NA,NA,NA,NA,NA,NA,NA,NA,NA,NA,NA,"1633 Broadway,","/lei:LEIData/lei:LEIRecords/lei:LEIRecord/lei:Entity/lei:HeadquartersAddress/lei:FirstAddressLine",NA,NA,NA,NA,NA,NA,NA,NA,NA,NA,NA,NA,NA,NA,NA,NA,NA,NA,NA,NA,NA,NA,NA,NA,NA,NA,NA,NA,NA,NA,NA,NA,NA,NA,NA,NA,NA,NA,NA,NA,NA,NA,NA,NA,NA,NA,NA,NA,NA,NA,NA,NA,NA,NA,NA,NA,NA,NA,NA,NA,NA,NA,NA,NA,NA,NA,NA,NA,NA,NA,NA,NA,NA,NA,NA,NA,NA,NA,NA,NA,NA,NA,NA,NA,NA,NA,NA,NA,NA,NA,NA,NA,NA,NA,NA,NA,NA,NA,NA,NA,NA,NA,NA,NA,NA,NA,NA,NA,NA,NA,NA,NA,NA,NA,NA,NA,NA,NA,NA,NA,NA,NA,NA,NA,NA,NA,NA,NA,NA,NA,NA,NA,NA,NA,NA,NA,NA,NA,NA,NA,NA,NA,NA,NA,NA,NA,NA,NA,NA,NA,NA,NA,"PIMCO Energy & Tactical Credit Opportunities Fund","Closed-End Fund"
"94","549300BXRBFWS9SORH32","549300BXRBFWS9SORH32",200,"549300BXRBFWS9SORH32","Vanguard Total International Bond Index Fund","en",NA,NA,"en","c/o CORPORATION SERVICE COMPANY, 251 LITTLE FALLS DRIVE",NA,NA,NA,"WILMINGTON","US-DE","US","19808","en","c/o THE VANGUARD GROUP, INC., 100 VANGUARD BLVD",NA,NA,"c/o THE VANGUARD GROUP, INC.","MALVERN","US-PA","US","19355","RA000665",NA,"S000035729","US-DE","FUND","4FSX",NA,NA,NA,"ACTIVE",NA,NA,NA,NA,NA,2013-05-14 22:00:00,NA,NA,NA,2013-04-19 16:02:00,2025-05-08 06:48:44,"ISSUED",2026-06-24 10:36:08,"5299000J2N45DDNE4Y28","FULLY_CORROBORATED","RA000665",NA,"S000035729",NA,NA,NA,NA,NA,204607725,"CONFORMING","https://api.gleif.org/api/v1/lei-records/549300BXRBFWS9SORH32/managing-lou","https://api.gleif.org/api/v1/lei-records/549300BXRBFWS9SORH32/lei-issuer","https://api.gleif.org/api/v1/lei-records/549300BXRBFWS9SORH32/field-modifications","https://api.gleif.org/api/v1/lei-records/549300BXRBFWS9SORH32/direct-parent-reporting-exception","https://api.gleif.org/api/v1/lei-records/549300BXRBFWS9SORH32/ultimate-parent-reporting-exception","https://api.gleif.org/api/v1/lei-records/549300BXRBFWS9SORH32/fund-manager","https://api.gleif.org/api/v1/lei-records/549300BXRBFWS9SORH32/fund-manager-relationship",TRUE,NA,NA,NA,NA,NA,NA,NA,NA,NA,NA,NA,NA,"https://api.gleif.org/api/v1/lei-records/549300BXRBFWS9SORH32/umbrella-fund","https://api.gleif.org/api/v1/lei-records/549300BXRBFWS9SORH32/umbrella-fund-relationship",NA,NA,NA,NA,NA,NA,NA,NA,NA,NA,NA,NA,NA,NA,NA,NA,NA,NA,NA,NA,NA,NA,NA,NA,NA,NA,NA,NA,NA,NA,NA,NA,NA,NA,NA,NA,NA,NA,NA,NA,NA,NA,NA,NA,NA,NA,NA,NA,NA,NA,NA,NA,NA,NA,NA,NA,NA,NA,NA,NA,NA,NA,NA,NA,NA,NA,NA,NA,NA,NA,NA,NA,NA,NA,NA,NA,NA,NA,NA,NA,NA,NA,NA,NA,NA,NA,NA,NA,NA,NA,NA,NA,NA,NA,NA,NA,NA,NA,NA,NA,NA,NA,NA,NA,NA,NA,NA,NA,NA,NA,NA,NA,NA,NA,NA,NA,NA,NA,NA,NA,NA,NA,NA,NA,NA,NA,NA,NA,NA,NA,NA,NA,NA,NA,NA,NA,NA,NA,NA,NA,NA,NA,NA,NA,NA,NA,NA,NA,NA,NA,NA,NA,NA,NA,NA,NA,NA,NA,NA,NA,NA,NA,NA,NA,NA,NA,NA,NA,NA,NA,NA,NA,NA,NA,NA,NA,NA,NA,NA,NA,NA,NA,NA,NA,NA,NA,NA,NA,NA,NA,NA,NA,NA,NA,NA,NA,NA,NA,NA,NA,NA,NA,NA,NA,NA,NA,NA,NA,NA,NA,NA,NA,NA,NA,NA,NA,NA,NA,NA,NA,NA,NA,NA,NA,NA,NA,NA,NA,NA,NA,NA,NA,NA,NA,NA,NA,NA,NA,NA,NA,"VANGUARD TOTAL INTERNATIONAL BOND INDEX FUND","ETF"
"95","549300C97NIRWFCB5A22","549300C97NIRWFCB5A22",200,"549300C97NIRWFCB5A22","iShares MSCI Singapore ETF","en",NA,NA,"en","c/o THE CORPORATION TRUST INCORPORATED; 2405 YORK ROAD; SUITE 201",NA,NA,NA,"LUTHERVILLE TIMONIUM","US-MD","US","21093-2252","en","c/o BLACKROCK FUND ADVISORS, c/o Terri Slane, 400 Howard Street",NA,NA,"c/o BLACKROCK FUND ADVISORS","San Francisco","US-CA","US","94105","RA000665",NA,"S000004254","US-MD","FUND","HLR4",NA,NA,NA,"ACTIVE",NA,NA,NA,NA,NA,1996-07-12 22:00:00,NA,NA,NA,2012-12-24 10:16:00,2025-11-14 15:29:56,"ISSUED",2026-12-27 13:18:01,"5299000J2N45DDNE4Y28","FULLY_CORROBORATED","RA000665",NA,"S000004254",NA,NA,NA,NA,NA,6456803,"CONFORMING","https://api.gleif.org/api/v1/lei-records/549300C97NIRWFCB5A22/managing-lou","https://api.gleif.org/api/v1/lei-records/549300C97NIRWFCB5A22/lei-issuer","https://api.gleif.org/api/v1/lei-records/549300C97NIRWFCB5A22/field-modifications","https://api.gleif.org/api/v1/lei-records/549300C97NIRWFCB5A22/direct-parent-reporting-exception","https://api.gleif.org/api/v1/lei-records/549300C97NIRWFCB5A22/ultimate-parent-reporting-exception","https://api.gleif.org/api/v1/lei-records/549300C97NIRWFCB5A22/fund-manager","https://api.gleif.org/api/v1/lei-records/549300C97NIRWFCB5A22/fund-manager-relationship",TRUE,NA,NA,NA,NA,NA,NA,"STANDALONE","SUPPORTING_DOCUMENTS",2024-11-26 23:00:00,2024-11-27 09:55:30,"CHANGE_LEGAL_FORM","COMPLETED","https://api.gleif.org/api/v1/lei-records/549300C97NIRWFCB5A22/umbrella-fund","https://api.gleif.org/api/v1/lei-records/549300C97NIRWFCB5A22/umbrella-fund-relationship",NA,NA,NA,NA,NA,NA,NA,"STANDALONE","SUPPORTING_DOCUMENTS",2024-11-26 23:00:00,2024-11-27 09:55:30,"CHANGE_HQ_ADDRESS","COMPLETED",NA,NA,NA,NA,NA,NA,NA,NA,NA,NA,NA,NA,NA,NA,NA,NA,NA,NA,NA,NA,NA,NA,NA,NA,NA,NA,NA,NA,NA,NA,NA,NA,NA,NA,NA,NA,NA,NA,NA,NA,NA,NA,NA,NA,NA,NA,NA,NA,NA,NA,NA,NA,NA,NA,NA,NA,NA,NA,NA,NA,NA,NA,NA,NA,NA,NA,NA,NA,NA,NA,NA,NA,NA,NA,NA,NA,NA,NA,NA,NA,NA,NA,NA,NA,NA,NA,NA,NA,NA,NA,NA,NA,NA,NA,NA,NA,NA,NA,NA,NA,NA,NA,NA,NA,NA,NA,NA,NA,NA,NA,NA,NA,NA,NA,NA,NA,NA,NA,NA,NA,NA,NA,NA,NA,NA,NA,NA,NA,NA,NA,NA,NA,NA,NA,NA,NA,NA,NA,NA,NA,NA,NA,NA,NA,NA,NA,NA,NA,NA,NA,NA,NA,NA,NA,NA,NA,NA,NA,NA,NA,NA,NA,NA,NA,NA,NA,NA,NA,NA,NA,NA,NA,NA,NA,NA,NA,NA,NA,NA,NA,NA,NA,NA,NA,NA,NA,NA,NA,NA,NA,NA,NA,NA,NA,NA,NA,NA,NA,NA,NA,NA,NA,NA,NA,NA,NA,NA,NA,NA,NA,NA,NA,NA,NA,NA,NA,NA,NA,NA,NA,NA,NA,NA,NA,NA,NA,NA,"iShares MSCI Singapore ETF","ETF"
"96","549300CBT8QMVT1DGW24","549300CBT8QMVT1DGW24",200,"549300CBT8QMVT1DGW24","PIMCO RAE Worldwide Long/Short PLUS Fund","en",NA,NA,"en","C/O C T CORPORATION SYSTEM",NA,NA,NA,"BOSTON","US-MA","US","02110","en","C/O PACIFIC INVESTMENT MANAGEMENT COMPANY LLC",NA,NA,NA,"NEWPORT BEACH","US-CA","US","92660","RA000665",NA,"S000047288","US","FUND","8888","SUB-FUND",NA,NA,"ACTIVE",NA,NA,NA,NA,NA,2012-10-07 00:00:00,NA,NA,NA,2014-10-08 01:48:00,2025-06-19 10:12:23,"ISSUED",2026-07-07 00:00:00,"5493001KJTIIGC8Y1R12","FULLY_CORROBORATED","RA000665",NA,"S000047288",NA,NA,NA,NA,NA,273845486,"CONFORMING","https://api.gleif.org/api/v1/lei-records/549300CBT8QMVT1DGW24/managing-lou","https://api.gleif.org/api/v1/lei-records/549300CBT8QMVT1DGW24/lei-issuer","https://api.gleif.org/api/v1/lei-records/549300CBT8QMVT1DGW24/field-modifications","https://api.gleif.org/api/v1/lei-records/549300CBT8QMVT1DGW24/direct-parent-reporting-exception","https://api.gleif.org/api/v1/lei-records/549300CBT8QMVT1DGW24/ultimate-parent-reporting-exception","https://api.gleif.org/api/v1/lei-records/549300CBT8QMVT1DGW24/fund-manager","https://api.gleif.org/api/v1/lei-records/549300CBT8QMVT1DGW24/fund-manager-relationship",TRUE,NA,"PIMCO Funds - PIMCO Worldwide Long/Short Fundamental Strategy Fund","en","PREVIOUS_LEGAL_NAME","155 FEDERAL ST.","650 NEWPORT CENTER DRIVE",NA,NA,NA,NA,NA,NA,"https://api.gleif.org/api/v1/lei-records/549300CBT8QMVT1DGW24/umbrella-fund","https://api.gleif.org/api/v1/lei-records/549300CBT8QMVT1DGW24/umbrella-fund-relationship",NA,NA,NA,NA,NA,NA,"SUITE 700",NA,NA,NA,NA,NA,NA,NA,NA,NA,NA,NA,NA,NA,NA,NA,NA,NA,NA,NA,NA,NA,NA,NA,NA,NA,NA,NA,NA,NA,NA,NA,NA,NA,NA,NA,NA,NA,NA,NA,NA,NA,NA,NA,NA,NA,NA,NA,NA,NA,NA,NA,NA,NA,NA,NA,NA,NA,NA,NA,NA,NA,NA,NA,NA,NA,NA,NA,NA,NA,NA,NA,NA,NA,NA,NA,NA,NA,NA,NA,NA,NA,NA,NA,NA,NA,NA,NA,NA,NA,NA,NA,NA,NA,NA,NA,NA,NA,NA,NA,NA,NA,NA,NA,NA,NA,NA,NA,NA,NA,NA,NA,NA,NA,NA,NA,NA,NA,NA,NA,NA,NA,NA,NA,NA,NA,NA,NA,NA,NA,NA,NA,NA,NA,NA,NA,NA,NA,NA,NA,NA,NA,NA,NA,NA,NA,NA,NA,NA,NA,NA,NA,NA,NA,NA,NA,NA,NA,NA,NA,NA,NA,NA,NA,NA,NA,NA,NA,NA,NA,NA,NA,NA,NA,NA,NA,NA,NA,NA,NA,NA,NA,NA,NA,NA,NA,NA,NA,NA,NA,NA,NA,NA,NA,NA,NA,NA,NA,NA,NA,NA,NA,NA,NA,NA,NA,NA,NA,NA,NA,NA,NA,NA,NA,NA,NA,NA,NA,NA,NA,NA,NA,NA,NA,NA,NA,NA,NA,NA,NA,NA,NA,NA,NA,"PIMCO RAE Worldwide Long/Short PLUS Fund","Open-End Mutual Fund"
"97","549300CT2D6NUYBUTB53","549300CT2D6NUYBUTB53",200,"549300CT2D6NUYBUTB53","iShares Currency Hedged MSCI Emerging Markets ETF","en",NA,NA,"en","c/o THE CORPORATION TRUST INCORPORATED; 2405 YORK ROAD; SUITE 201",NA,NA,NA,"LUTHERVILLE TIMONIUM","US-MD","US","21093-2252","en","c/o BLACKROCK FUND ADVISORS, c/o Terri Slane, 400 Howard Street",NA,NA,"c/o BLACKROCK FUND ADVISORS","San Francisco","US-CA","US","94105","RA000665",NA,"S000045639","US-MD","FUND","HLR4",NA,NA,NA,"ACTIVE",NA,NA,NA,NA,NA,2014-03-20 23:00:00,NA,NA,NA,2014-07-10 02:04:00,2025-11-14 15:25:34,"ISSUED",2026-12-27 13:18:17,"5299000J2N45DDNE4Y28","FULLY_CORROBORATED","RA000665",NA,"S000045639",NA,NA,NA,NA,NA,262942725,"CONFORMING","https://api.gleif.org/api/v1/lei-records/549300CT2D6NUYBUTB53/managing-lou","https://api.gleif.org/api/v1/lei-records/549300CT2D6NUYBUTB53/lei-issuer","https://api.gleif.org/api/v1/lei-records/549300CT2D6NUYBUTB53/field-modifications","https://api.gleif.org/api/v1/lei-records/549300CT2D6NUYBUTB53/direct-parent-reporting-exception","https://api.gleif.org/api/v1/lei-records/549300CT2D6NUYBUTB53/ultimate-parent-reporting-exception","https://api.gleif.org/api/v1/lei-records/549300CT2D6NUYBUTB53/fund-manager","https://api.gleif.org/api/v1/lei-records/549300CT2D6NUYBUTB53/fund-manager-relationship",TRUE,NA,NA,NA,NA,NA,NA,"STANDALONE","SUPPORTING_DOCUMENTS",2024-11-26 23:00:00,2024-11-27 09:45:43,"CHANGE_LEGAL_FORM","COMPLETED","https://api.gleif.org/api/v1/lei-records/549300CT2D6NUYBUTB53/umbrella-fund","https://api.gleif.org/api/v1/lei-records/549300CT2D6NUYBUTB53/umbrella-fund-relationship",NA,NA,NA,NA,NA,NA,NA,"STANDALONE","SUPPORTING_DOCUMENTS",2024-11-26 23:00:00,2024-11-27 09:45:43,"CHANGE_HQ_ADDRESS","COMPLETED",NA,NA,NA,NA,NA,NA,NA,NA,NA,NA,NA,NA,NA,NA,NA,NA,NA,NA,NA,NA,NA,NA,NA,NA,NA,NA,NA,NA,NA,NA,NA,NA,NA,NA,NA,NA,NA,NA,NA,NA,NA,NA,NA,NA,NA,NA,NA,NA,NA,NA,NA,NA,NA,NA,NA,NA,NA,NA,NA,NA,NA,NA,NA,NA,NA,NA,NA,NA,NA,NA,NA,NA,NA,NA,NA,NA,NA,NA,NA,NA,NA,NA,NA,NA,NA,NA,NA,NA,NA,NA,NA,NA,NA,NA,NA,NA,NA,NA,NA,NA,NA,NA,NA,NA,NA,NA,NA,NA,NA,NA,NA,NA,NA,NA,NA,NA,NA,NA,NA,NA,NA,NA,NA,NA,NA,NA,NA,NA,NA,NA,NA,NA,NA,NA,NA,NA,NA,NA,NA,NA,NA,NA,NA,NA,NA,NA,NA,NA,NA,NA,NA,NA,NA,NA,NA,NA,NA,NA,NA,NA,NA,NA,NA,NA,NA,NA,NA,NA,NA,NA,NA,NA,NA,NA,NA,NA,NA,NA,NA,NA,NA,NA,NA,NA,NA,NA,NA,NA,NA,NA,NA,NA,NA,NA,NA,NA,NA,NA,NA,NA,NA,NA,NA,NA,NA,NA,NA,NA,NA,NA,NA,NA,NA,NA,NA,NA,NA,NA,NA,NA,NA,NA,NA,NA,NA,NA,NA,"iShares Currency Hedged MSCI Emerging Markets ETF","ETF"
"98","549300CUFR3ZO1RZIT41","549300CUFR3ZO1RZIT41",200,"549300CUFR3ZO1RZIT41","Inflation Protected Fund","en",NA,NA,"en","2405 YORK ROAD",NA,NA,NA,"LUTHERVILLE TIMONIUM","US-MD","US","21093-2264","en","C/O Variable Annuity Life Insurance Company",NA,NA,NA,"HOUSTON","US-TX","US","77019","RA000665",NA,"S000008017","US","FUND","8888","SUB FUND",NA,NA,"ACTIVE",NA,NA,NA,NA,NA,2016-12-31 00:00:00,NA,NA,NA,2017-04-19 01:51:00,2025-10-22 11:50:44,"ISSUED",2026-10-31 00:00:00,"5493001KJTIIGC8Y1R12","FULLY_CORROBORATED","RA000665",NA,"S000008017",NA,NA,NA,NA,NA,59680791,"CONFORMING","https://api.gleif.org/api/v1/lei-records/549300CUFR3ZO1RZIT41/managing-lou","https://api.gleif.org/api/v1/lei-records/549300CUFR3ZO1RZIT41/lei-issuer","https://api.gleif.org/api/v1/lei-records/549300CUFR3ZO1RZIT41/field-modifications","https://api.gleif.org/api/v1/lei-records/549300CUFR3ZO1RZIT41/direct-parent-reporting-exception","https://api.gleif.org/api/v1/lei-records/549300CUFR3ZO1RZIT41/ultimate-parent-reporting-exception","https://api.gleif.org/api/v1/lei-records/549300CUFR3ZO1RZIT41/fund-manager","https://api.gleif.org/api/v1/lei-records/549300CUFR3ZO1RZIT41/fund-manager-relationship",TRUE,NA,NA,NA,NA,NA,"2727-A Allen Parkway",NA,NA,NA,NA,NA,NA,"https://api.gleif.org/api/v1/lei-records/549300CUFR3ZO1RZIT41/umbrella-fund","https://api.gleif.org/api/v1/lei-records/549300CUFR3ZO1RZIT41/umbrella-fund-relationship","3-D1",NA,NA,NA,NA,NA,NA,NA,NA,NA,NA,NA,NA,NA,NA,NA,NA,NA,NA,NA,NA,NA,NA,NA,NA,NA,NA,NA,NA,NA,NA,NA,NA,NA,NA,NA,NA,NA,NA,NA,NA,NA,NA,NA,NA,NA,NA,NA,NA,NA,NA,NA,NA,NA,NA,NA,NA,NA,NA,NA,NA,NA,NA,NA,NA,NA,NA,NA,NA,NA,NA,NA,NA,NA,NA,NA,NA,NA,NA,NA,NA,NA,NA,NA,NA,NA,NA,NA,NA,NA,NA,NA,NA,NA,NA,NA,NA,NA,NA,NA,NA,NA,NA,NA,NA,NA,NA,NA,NA,NA,NA,NA,NA,NA,NA,NA,NA,NA,NA,NA,NA,NA,NA,NA,NA,NA,NA,NA,NA,NA,NA,NA,NA,NA,NA,NA,NA,NA,NA,NA,NA,NA,NA,NA,NA,NA,NA,NA,NA,NA,NA,NA,NA,NA,NA,NA,NA,NA,NA,NA,NA,NA,NA,NA,NA,NA,NA,NA,NA,NA,NA,NA,NA,NA,NA,NA,NA,NA,NA,NA,NA,NA,NA,NA,NA,NA,NA,NA,NA,NA,NA,NA,NA,NA,NA,NA,NA,NA,NA,NA,NA,NA,NA,NA,NA,NA,NA,NA,NA,NA,NA,NA,NA,NA,NA,NA,NA,NA,NA,NA,NA,NA,NA,NA,NA,NA,NA,NA,NA,NA,NA,NA,NA,NA,NA,NA,NA,NA,NA,NA,"Inflation Protected Fund","Open-End Mutual Fund"
"99","549300DK9U45IA3M6928","549300DK9U45IA3M6928",200,"549300DK9U45IA3M6928","PIMCO All Asset: Multi-Real Fund","en",NA,NA,"en","C/O C T CORPORATION SYSTEM",NA,NA,NA,"BOSTON","US-MA","US","02110","en","C/O Pacific Investment Management Company LLC",NA,NA,NA,"Newport Beach","US-CA","US","92660","RA000665",NA,"S000069546","US","FUND","8888","FUND",NA,NA,"ACTIVE",NA,NA,NA,NA,NA,2016-12-31 00:00:00,NA,NA,NA,2020-07-07 14:29:00,2026-01-22 18:09:51,"ISSUED",2027-02-02 14:04:15,"5493001KJTIIGC8Y1R12","FULLY_CORROBORATED","RA000665",NA,"S000069546",NA,NA,NA,NA,NA,675789071,"CONFORMING","https://api.gleif.org/api/v1/lei-records/549300DK9U45IA3M6928/managing-lou","https://api.gleif.org/api/v1/lei-records/549300DK9U45IA3M6928/lei-issuer","https://api.gleif.org/api/v1/lei-records/549300DK9U45IA3M6928/field-modifications","https://api.gleif.org/api/v1/lei-records/549300DK9U45IA3M6928/direct-parent-reporting-exception","https://api.gleif.org/api/v1/lei-records/549300DK9U45IA3M6928/ultimate-parent-reporting-exception","https://api.gleif.org/api/v1/lei-records/549300DK9U45IA3M6928/fund-manager","https://api.gleif.org/api/v1/lei-records/549300DK9U45IA3M6928/fund-manager-relationship",TRUE,NA,NA,NA,NA,"155 FEDERAL ST.","650 Newport Center Drive",NA,NA,NA,NA,NA,NA,"https://api.gleif.org/api/v1/lei-records/549300DK9U45IA3M6928/umbrella-fund","https://api.gleif.org/api/v1/lei-records/549300DK9U45IA3M6928/umbrella-fund-relationship",NA,NA,NA,NA,NA,NA,"SUITE 700",NA,NA,NA,NA,NA,NA,NA,NA,NA,NA,NA,NA,NA,NA,NA,NA,NA,NA,NA,NA,NA,NA,NA,NA,NA,NA,NA,NA,NA,NA,NA,NA,NA,NA,NA,NA,NA,NA,NA,NA,NA,NA,NA,NA,NA,NA,NA,NA,NA,NA,NA,NA,NA,NA,NA,NA,NA,NA,NA,NA,NA,NA,NA,NA,NA,NA,NA,NA,NA,NA,NA,NA,NA,NA,NA,NA,NA,NA,NA,NA,NA,NA,NA,NA,NA,NA,NA,NA,NA,NA,NA,NA,NA,NA,NA,NA,NA,NA,NA,NA,NA,NA,NA,NA,NA,NA,NA,NA,NA,NA,NA,NA,NA,NA,NA,NA,NA,NA,NA,NA,NA,NA,NA,NA,NA,NA,NA,NA,NA,NA,NA,NA,NA,NA,NA,NA,NA,NA,NA,NA,NA,NA,NA,NA,NA,NA,NA,NA,NA,NA,NA,NA,NA,NA,NA,NA,NA,NA,NA,NA,NA,NA,NA,NA,NA,NA,NA,NA,NA,NA,NA,NA,NA,NA,NA,NA,NA,NA,NA,NA,NA,NA,NA,NA,NA,NA,NA,NA,NA,NA,NA,NA,NA,NA,NA,NA,NA,NA,NA,NA,NA,NA,NA,NA,NA,NA,NA,NA,NA,NA,NA,NA,NA,NA,NA,NA,NA,NA,NA,NA,NA,NA,NA,NA,NA,NA,NA,NA,NA,NA,NA,NA,NA,"PIMCO All Asset: Multi-Real Fund","Open-End Mutual Fund"
"100","549300DLC8MKXQ8KIH64","549300DLC8MKXQ8KIH64",200,"549300DLC8MKXQ8KIH64","PIMCO All Authority: Multi-RAE PLUS Fund","en",NA,NA,"en","C/O C T CORPORATION SYSTEM",NA,NA,NA,"BOSTON","US-MA","US","02110","en","C/O Pacific Investment Management Company LLC",NA,NA,NA,"Newport Beach","US-CA","US","92660","RA000665",NA,"S000077182","US","FUND","8888","FUND",NA,NA,"ACTIVE",NA,NA,NA,NA,NA,2016-12-31 00:00:00,NA,NA,NA,2022-05-24 21:30:00,2025-10-22 14:24:40,"ISSUED",2026-11-21 20:44:06,"5493001KJTIIGC8Y1R12","FULLY_CORROBORATED","RA000665",NA,"S000077182",NA,NA,NA,NA,NA,1784685743,"CONFORMING","https://api.gleif.org/api/v1/lei-records/549300DLC8MKXQ8KIH64/managing-lou","https://api.gleif.org/api/v1/lei-records/549300DLC8MKXQ8KIH64/lei-issuer","https://api.gleif.org/api/v1/lei-records/549300DLC8MKXQ8KIH64/field-modifications","https://api.gleif.org/api/v1/lei-records/549300DLC8MKXQ8KIH64/direct-parent-reporting-exception","https://api.gleif.org/api/v1/lei-records/549300DLC8MKXQ8KIH64/ultimate-parent-reporting-exception","https://api.gleif.org/api/v1/lei-records/549300DLC8MKXQ8KIH64/fund-manager","https://api.gleif.org/api/v1/lei-records/549300DLC8MKXQ8KIH64/fund-manager-relationship",TRUE,NA,NA,NA,NA,"155 FEDERAL ST.","650 Newport Center Drive",NA,NA,NA,NA,NA,NA,"https://api.gleif.org/api/v1/lei-records/549300DLC8MKXQ8KIH64/umbrella-fund","https://api.gleif.org/api/v1/lei-records/549300DLC8MKXQ8KIH64/umbrella-fund-relationship",NA,NA,NA,NA,NA,NA,"SUITE 700",NA,NA,NA,NA,NA,NA,NA,NA,NA,NA,NA,NA,NA,NA,NA,NA,NA,NA,NA,NA,NA,NA,NA,NA,NA,NA,NA,NA,NA,NA,NA,NA,NA,NA,NA,NA,NA,NA,NA,NA,NA,NA,NA,NA,NA,NA,NA,NA,NA,NA,NA,NA,NA,NA,NA,NA,NA,NA,NA,NA,NA,NA,NA,NA,NA,NA,NA,NA,NA,NA,NA,NA,NA,NA,NA,NA,NA,NA,NA,NA,NA,NA,NA,NA,NA,NA,NA,NA,NA,NA,NA,NA,NA,NA,NA,NA,NA,NA,NA,NA,NA,NA,NA,NA,NA,NA,NA,NA,NA,NA,NA,NA,NA,NA,NA,NA,NA,NA,NA,NA,NA,NA,NA,NA,NA,NA,NA,NA,NA,NA,NA,NA,NA,NA,NA,NA,NA,NA,NA,NA,NA,NA,NA,NA,NA,NA,NA,NA,NA,NA,NA,NA,NA,NA,NA,NA,NA,NA,NA,NA,NA,NA,NA,NA,NA,NA,NA,NA,NA,NA,NA,NA,NA,NA,NA,NA,NA,NA,NA,NA,NA,NA,NA,NA,NA,NA,NA,NA,NA,NA,NA,NA,NA,NA,NA,NA,NA,NA,NA,NA,NA,NA,NA,NA,NA,NA,NA,NA,NA,NA,NA,NA,NA,NA,NA,NA,NA,NA,NA,NA,NA,NA,NA,NA,NA,NA,NA,NA,NA,NA,NA,NA,NA,"PIMCO All Authority: Multi-RAE PLUS Fund","Open-End Mutual Fund"
"101","549300DZXYYH8TOP8M46","549300DZXYYH8TOP8M46",200,"549300DZXYYH8TOP8M46","iShares MSCI Global Min Vol Factor ETF","en",NA,NA,"en","c/o THE CORPORATION TRUST, INCORPORATED, 2405 YORK ROAD, SUITE 201",NA,NA,NA,"LUTHERVILLE -TIMONIUM","US-MD","US","21093-2252","en","c/o BLACKROCK FUND ADVISORS, c/o TERRI SLANE; 400 HOWARD STREET",NA,NA,"c/o BLACKROCK FUND ADVISORS","San Francisco","US-CA","US","94105","RA000665",NA,"S000032498","US-MD","FUND","HLR4",NA,NA,NA,"ACTIVE",NA,NA,NA,NA,NA,2011-10-17 22:00:00,NA,NA,NA,2015-11-05 02:11:00,2025-11-21 11:07:15,"ISSUED",2027-01-06 09:45:06,"5299000J2N45DDNE4Y28","FULLY_CORROBORATED","RA000665",NA,"S000032498",NA,NA,NA,NA,NA,141889128,"CONFORMING","https://api.gleif.org/api/v1/lei-records/549300DZXYYH8TOP8M46/managing-lou","https://api.gleif.org/api/v1/lei-records/549300DZXYYH8TOP8M46/lei-issuer","https://api.gleif.org/api/v1/lei-records/549300DZXYYH8TOP8M46/field-modifications","https://api.gleif.org/api/v1/lei-records/549300DZXYYH8TOP8M46/direct-parent-reporting-exception","https://api.gleif.org/api/v1/lei-records/549300DZXYYH8TOP8M46/ultimate-parent-reporting-exception","https://api.gleif.org/api/v1/lei-records/549300DZXYYH8TOP8M46/fund-manager","https://api.gleif.org/api/v1/lei-records/549300DZXYYH8TOP8M46/fund-manager-relationship",TRUE,NA,NA,NA,NA,NA,NA,"STANDALONE","SUPPORTING_DOCUMENTS",2023-12-03 23:00:00,2023-12-04 11:12:46,"CHANGE_HQ_ADDRESS","COMPLETED","https://api.gleif.org/api/v1/lei-records/549300DZXYYH8TOP8M46/umbrella-fund","https://api.gleif.org/api/v1/lei-records/549300DZXYYH8TOP8M46/umbrella-fund-relationship",NA,NA,NA,NA,NA,NA,NA,"STANDALONE","SUPPORTING_DOCUMENTS",2023-12-03 23:00:00,2023-12-04 11:12:46,"CHANGE_LEGAL_ADDRESS","COMPLETED",NA,NA,NA,NA,NA,NA,NA,NA,NA,NA,NA,NA,NA,NA,NA,NA,NA,NA,NA,NA,NA,NA,NA,NA,NA,NA,NA,NA,NA,NA,NA,NA,NA,NA,NA,NA,NA,NA,NA,NA,NA,NA,NA,NA,NA,NA,NA,NA,NA,NA,NA,NA,NA,NA,NA,NA,NA,NA,NA,NA,NA,NA,NA,NA,NA,NA,NA,NA,NA,NA,NA,NA,NA,NA,NA,NA,NA,NA,NA,NA,NA,NA,NA,NA,NA,NA,NA,NA,NA,NA,NA,NA,NA,NA,NA,NA,NA,NA,NA,NA,NA,NA,NA,NA,NA,NA,NA,NA,NA,NA,NA,NA,NA,NA,NA,NA,NA,NA,NA,NA,NA,NA,NA,NA,NA,NA,NA,NA,NA,NA,NA,NA,NA,NA,NA,NA,NA,NA,NA,NA,NA,NA,NA,NA,NA,NA,NA,NA,NA,NA,NA,NA,NA,NA,NA,NA,NA,NA,NA,NA,NA,NA,NA,NA,NA,NA,NA,NA,NA,NA,NA,NA,NA,NA,NA,NA,NA,NA,NA,NA,NA,NA,NA,NA,NA,NA,NA,NA,NA,NA,NA,NA,NA,NA,NA,NA,NA,NA,NA,NA,NA,NA,NA,NA,NA,NA,NA,NA,NA,NA,NA,NA,NA,NA,NA,NA,NA,NA,NA,NA,NA,NA,NA,NA,NA,NA,NA,"iShares Edge MSCI Min Vol Global ETF","ETF"
"102","549300EQSX1KKO1KLL54","549300EQSX1KKO1KLL54",200,"549300EQSX1KKO1KLL54","iShares MSCI All Country Asia ex Japan ETF","en",NA,NA,"en","c/o THE CORPORATION TRUST COMPANY, CORPORATION TRUST CENTER 1209 ORANGE ST",NA,NA,NA,"WILMINGTON","US-DE","US","19801","en","c/o BLACKROCK FUND ADVISORS, c/o TERRI SLANE, 400 HOWARD STREET",NA,NA,"c/o BLACKROCK FUND ADVISORS","SAN FRANCISCO","US-CA","US","94105","RA000665",NA,"S000022496","US-DE","FUND","8888","Trust",NA,NA,"ACTIVE",NA,NA,NA,NA,NA,2008-06-08 22:00:00,NA,NA,NA,2012-12-24 10:14:00,2025-11-01 13:44:07,"ISSUED",2026-12-01 14:28:02,"5299000J2N45DDNE4Y28","FULLY_CORROBORATED","RA000665",NA,"S000022496",NA,NA,NA,NA,NA,47521309,"CONFORMING","https://api.gleif.org/api/v1/lei-records/549300EQSX1KKO1KLL54/managing-lou","https://api.gleif.org/api/v1/lei-records/549300EQSX1KKO1KLL54/lei-issuer","https://api.gleif.org/api/v1/lei-records/549300EQSX1KKO1KLL54/field-modifications","https://api.gleif.org/api/v1/lei-records/549300EQSX1KKO1KLL54/direct-parent-reporting-exception","https://api.gleif.org/api/v1/lei-records/549300EQSX1KKO1KLL54/ultimate-parent-reporting-exception","https://api.gleif.org/api/v1/lei-records/549300EQSX1KKO1KLL54/fund-manager","https://api.gleif.org/api/v1/lei-records/549300EQSX1KKO1KLL54/fund-manager-relationship",TRUE,NA,NA,NA,NA,NA,NA,"STANDALONE","SUPPORTING_DOCUMENTS",2023-02-06 23:00:00,2023-02-07 11:55:05,"CHANGE_HQ_ADDRESS","COMPLETED","https://api.gleif.org/api/v1/lei-records/549300EQSX1KKO1KLL54/umbrella-fund","https://api.gleif.org/api/v1/lei-records/549300EQSX1KKO1KLL54/umbrella-fund-relationship",NA,NA,NA,NA,NA,NA,NA,"STANDALONE","SUPPORTING_DOCUMENTS",2023-02-06 23:00:00,2023-02-07 11:55:05,"CHANGE_LEGAL_ADDRESS","COMPLETED",NA,NA,NA,NA,NA,NA,NA,NA,NA,NA,NA,NA,NA,NA,NA,NA,NA,NA,NA,NA,NA,NA,NA,NA,NA,NA,NA,NA,NA,NA,NA,NA,NA,NA,NA,NA,NA,NA,NA,NA,NA,NA,NA,NA,NA,NA,NA,NA,NA,NA,NA,NA,NA,NA,NA,NA,NA,NA,NA,NA,NA,NA,NA,NA,NA,NA,NA,NA,NA,NA,NA,NA,NA,NA,NA,NA,NA,NA,NA,NA,NA,NA,NA,NA,NA,NA,NA,NA,NA,NA,NA,NA,NA,NA,NA,NA,NA,NA,NA,NA,NA,NA,NA,NA,NA,NA,NA,NA,NA,NA,NA,NA,NA,NA,NA,NA,NA,NA,NA,NA,NA,NA,NA,NA,NA,NA,NA,NA,NA,NA,NA,NA,NA,NA,NA,NA,NA,NA,NA,NA,NA,NA,NA,NA,NA,NA,NA,NA,NA,NA,NA,NA,NA,NA,NA,NA,NA,NA,NA,NA,NA,NA,NA,NA,NA,NA,NA,NA,NA,NA,NA,NA,NA,NA,NA,NA,NA,NA,NA,NA,NA,NA,NA,NA,NA,NA,NA,NA,NA,NA,NA,NA,NA,NA,NA,NA,NA,NA,NA,NA,NA,NA,NA,NA,NA,NA,NA,NA,NA,NA,NA,NA,NA,NA,NA,NA,NA,NA,NA,NA,NA,NA,NA,NA,NA,NA,NA,"iShares MSCI All Country Asia ex Japan ETF","ETF"
"103","549300EWOI5G0PSVIX17","549300EWOI5G0PSVIX17",200,"549300EWOI5G0PSVIX17","BlackRock ESG Capital Allocation Term Trust","en",NA,NA,"en","c/o THE CORPORATION TRUST INCORPORATED, 2405 YORK ROAD, SUITE 201",NA,NA,NA,"LUTHERVILLE TIMONIUM","US-MD","US","21093-2264","en","c/o BLACKROCK ADVISORS, LLC, c/o CORPORATION SERVICE COMPANY, 251 LITTLE FALLS DRIVE",NA,NA,"c/o BLACKROCK ADVISORS, LLC","WILMINGTON","US-DE","US","19808","RA000614",NA,"B21727367","US-MD","FUND","8888","Trust",NA,NA,"ACTIVE",NA,NA,NA,NA,NA,2021-05-27 22:00:00,NA,NA,NA,2021-06-29 21:30:00,2025-11-22 13:26:29,"ISSUED",2027-01-12 10:03:03,"5299000J2N45DDNE4Y28","FULLY_CORROBORATED","RA000665",NA,"0001864843",NA,NA,NA,NA,NA,716733354,"CONFORMING","https://api.gleif.org/api/v1/lei-records/549300EWOI5G0PSVIX17/managing-lou","https://api.gleif.org/api/v1/lei-records/549300EWOI5G0PSVIX17/lei-issuer","https://api.gleif.org/api/v1/lei-records/549300EWOI5G0PSVIX17/field-modifications","https://api.gleif.org/api/v1/lei-records/549300EWOI5G0PSVIX17/direct-parent-reporting-exception","https://api.gleif.org/api/v1/lei-records/549300EWOI5G0PSVIX17/ultimate-parent-reporting-exception","https://api.gleif.org/api/v1/lei-records/549300EWOI5G0PSVIX17/fund-manager","https://api.gleif.org/api/v1/lei-records/549300EWOI5G0PSVIX17/fund-manager-relationship",TRUE,NA,"BLACKROCK ESG CAPITAL ALLOCATION TRUST","en","PREVIOUS_LEGAL_NAME",NA,NA,"STANDALONE","SUPPORTING_DOCUMENTS",2023-04-05 22:00:00,2023-04-06 12:59:55,"CHANGE_LEGAL_NAME","COMPLETED",NA,NA,NA,NA,NA,NA,NA,NA,NA,"STANDALONE","SUPPORTING_DOCUMENTS",2023-02-05 23:00:00,2023-02-06 15:37:21,"CHANGE_HQ_ADDRESS","COMPLETED",NA,NA,NA,NA,NA,NA,NA,NA,NA,NA,NA,NA,NA,NA,NA,NA,NA,NA,NA,NA,"STANDALONE","SUPPORTING_DOCUMENTS",2023-02-05 23:00:00,2023-02-06 15:37:21,"CHANGE_LEGAL_ADDRESS","COMPLETED",NA,NA,NA,NA,NA,NA,NA,NA,NA,NA,NA,NA,NA,NA,NA,NA,NA,NA,NA,NA,NA,NA,NA,NA,NA,NA,NA,NA,NA,NA,NA,NA,NA,NA,NA,NA,NA,NA,NA,NA,NA,NA,NA,NA,NA,NA,NA,NA,NA,NA,NA,NA,NA,NA,NA,NA,NA,NA,NA,NA,NA,NA,NA,NA,NA,NA,NA,NA,NA,NA,NA,NA,NA,NA,NA,NA,NA,NA,NA,NA,NA,NA,NA,NA,NA,NA,NA,NA,NA,NA,NA,NA,NA,NA,NA,NA,NA,NA,NA,NA,NA,NA,NA,NA,NA,NA,NA,NA,NA,NA,NA,NA,NA,NA,NA,NA,NA,NA,NA,NA,NA,NA,NA,NA,NA,NA,NA,NA,NA,NA,NA,NA,NA,NA,NA,NA,NA,NA,NA,NA,NA,NA,NA,NA,NA,NA,NA,NA,NA,NA,NA,NA,NA,NA,NA,NA,NA,NA,NA,NA,NA,NA,NA,NA,NA,NA,NA,NA,NA,NA,NA,NA,NA,NA,NA,NA,NA,NA,NA,NA,NA,NA,NA,NA,NA,NA,NA,NA,NA,NA,NA,NA,NA,NA,NA,NA,NA,NA,NA,NA,NA,"BlackRock ESG Capital Allocation Trust","Closed-End Fund"
"104","549300F0DZM65IS8RI91","549300F0DZM65IS8RI91",200,"549300F0DZM65IS8RI91","GROWTH PORTFOLIO","en",NA,NA,"en","C/O THE CORPORATION TRUST INCORPORATED",NA,NA,NA,"LUTHERVILLE TIMONIUM","US-MD","US","21093-2252","en","C/O MORGAN STANLEY INVESTMENT MANAGEMENT INC.",NA,NA,NA,"NEW YORK","US-NY","US","10036","RA000665",NA,"S000002828","US","FUND","8888","SUB-FUND",NA,NA,"ACTIVE",NA,NA,NA,NA,NA,2012-12-11 00:00:00,NA,NA,NA,2012-12-12 10:31:00,2026-03-12 13:58:40,"ISSUED",2027-04-07 15:14:07,"5493001KJTIIGC8Y1R12","FULLY_CORROBORATED","RA000665",NA,"S000002828",NA,NA,NA,NA,NA,28124865,"CONFORMING","https://api.gleif.org/api/v1/lei-records/549300F0DZM65IS8RI91/managing-lou","https://api.gleif.org/api/v1/lei-records/549300F0DZM65IS8RI91/lei-issuer","https://api.gleif.org/api/v1/lei-records/549300F0DZM65IS8RI91/field-modifications","https://api.gleif.org/api/v1/lei-records/549300F0DZM65IS8RI91/direct-parent-reporting-exception","https://api.gleif.org/api/v1/lei-records/549300F0DZM65IS8RI91/ultimate-parent-reporting-exception","https://api.gleif.org/api/v1/lei-records/549300F0DZM65IS8RI91/fund-manager","https://api.gleif.org/api/v1/lei-records/549300F0DZM65IS8RI91/fund-manager-relationship",TRUE,NA,"MORGAN STANLEY INSTITUTIONAL FUND INC - GROWTH PORTFOLIO","en","PREVIOUS_LEGAL_NAME","2405 YORK ROAD","585 BROADWAY","STANDALONE","SUPPORTING_DOCUMENTS",2025-07-31 00:00:00,2025-08-01 16:44:03,"CHANGE_LEGAL_ADDRESS","COMPLETED","https://api.gleif.org/api/v1/lei-records/549300F0DZM65IS8RI91/umbrella-fund","https://api.gleif.org/api/v1/lei-records/549300F0DZM65IS8RI91/umbrella-fund-relationship",NA,NA,NA,NA,NA,NA,"SUITE 201",NA,NA,NA,NA,NA,NA,NA,NA,NA,NA,NA,NA,NA,NA,NA,NA,NA,NA,NA,NA,NA,NA,NA,NA,NA,NA,NA,NA,NA,NA,NA,NA,NA,NA,NA,NA,NA,NA,NA,NA,NA,NA,NA,NA,NA,NA,NA,NA,NA,NA,NA,NA,NA,NA,NA,NA,NA,NA,NA,NA,NA,NA,NA,NA,NA,NA,NA,NA,NA,NA,NA,NA,NA,NA,NA,NA,NA,NA,NA,NA,NA,NA,NA,NA,NA,NA,NA,NA,NA,NA,NA,NA,NA,NA,NA,NA,NA,NA,NA,NA,NA,NA,NA,NA,NA,NA,NA,NA,NA,NA,NA,NA,NA,NA,NA,NA,NA,NA,NA,NA,NA,NA,NA,NA,NA,NA,NA,NA,NA,NA,NA,NA,NA,NA,NA,NA,NA,NA,NA,NA,NA,NA,NA,NA,NA,NA,NA,NA,NA,NA,NA,NA,NA,NA,NA,NA,NA,NA,NA,NA,NA,NA,NA,NA,NA,NA,NA,NA,NA,NA,NA,NA,NA,NA,NA,NA,NA,NA,NA,NA,NA,NA,NA,NA,NA,NA,NA,NA,NA,NA,NA,NA,NA,NA,NA,NA,NA,NA,NA,NA,NA,NA,NA,NA,NA,NA,NA,NA,NA,NA,NA,NA,NA,NA,NA,NA,NA,NA,NA,NA,NA,NA,NA,NA,NA,NA,NA,NA,NA,NA,NA,NA,NA,"GROWTH PORTFOLIO","Open-End Mutual Fund"
"105","549300F2FT5HRVB0DA32","549300F2FT5HRVB0DA32",200,"549300F2FT5HRVB0DA32","iShares U.S. Power Infrastructure ETF","en",NA,NA,"en","c/o THE CORPORATION TRUST INCORPORATED; 2405 YORK ROAD; SUITE 201",NA,NA,NA,"LUTHERVILLE TIMONIUM","US-MD","US","21093-2252","en","c/o BLACKROCK FUND ADVISORS, c/o Terri Slane, 400 Howard Street",NA,NA,"c/o BLACKROCK FUND ADVISORS","San Francisco","US-CA","US","94105","RA000665",NA,"S000035884","US-MD","FUND","HLR4",NA,NA,NA,"ACTIVE",NA,NA,NA,NA,NA,2011-11-15 23:00:00,NA,NA,NA,2012-12-24 10:15:00,2025-11-18 14:40:48,"ISSUED",2026-12-27 13:18:30,"5299000J2N45DDNE4Y28","FULLY_CORROBORATED","RA000665",NA,"S000035884",NA,NA,NA,NA,NA,160288000,"CONFORMING","https://api.gleif.org/api/v1/lei-records/549300F2FT5HRVB0DA32/managing-lou","https://api.gleif.org/api/v1/lei-records/549300F2FT5HRVB0DA32/lei-issuer","https://api.gleif.org/api/v1/lei-records/549300F2FT5HRVB0DA32/field-modifications","https://api.gleif.org/api/v1/lei-records/549300F2FT5HRVB0DA32/direct-parent-reporting-exception","https://api.gleif.org/api/v1/lei-records/549300F2FT5HRVB0DA32/ultimate-parent-reporting-exception","https://api.gleif.org/api/v1/lei-records/549300F2FT5HRVB0DA32/fund-manager","https://api.gleif.org/api/v1/lei-records/549300F2FT5HRVB0DA32/fund-manager-relationship",TRUE,NA,"iShares MSCI Global Energy Producers ETF","en","PREVIOUS_LEGAL_NAME",NA,NA,"STANDALONE","SUPPORTING_DOCUMENTS",2025-10-28 23:00:00,2025-10-29 09:22:12,"CHANGE_LEGAL_NAME","COMPLETED","https://api.gleif.org/api/v1/lei-records/549300F2FT5HRVB0DA32/umbrella-fund","https://api.gleif.org/api/v1/lei-records/549300F2FT5HRVB0DA32/umbrella-fund-relationship",NA,NA,NA,NA,NA,NA,NA,"STANDALONE","SUPPORTING_DOCUMENTS",2024-11-26 23:00:00,2024-11-27 09:42:55,"CHANGE_LEGAL_FORM","COMPLETED",NA,NA,NA,NA,NA,NA,NA,NA,NA,NA,NA,NA,NA,NA,NA,NA,NA,NA,NA,NA,"STANDALONE","SUPPORTING_DOCUMENTS",2024-11-26 23:00:00,2024-11-27 09:42:55,"CHANGE_HQ_ADDRESS","COMPLETED",NA,NA,NA,NA,NA,NA,NA,NA,NA,NA,NA,NA,NA,NA,NA,NA,NA,NA,NA,NA,NA,NA,NA,NA,NA,NA,NA,NA,NA,NA,NA,NA,NA,NA,NA,NA,NA,NA,NA,NA,NA,NA,NA,NA,NA,NA,NA,NA,NA,NA,NA,NA,NA,NA,NA,NA,NA,NA,NA,NA,NA,NA,NA,NA,NA,NA,NA,NA,NA,NA,NA,NA,NA,NA,NA,NA,NA,NA,NA,NA,NA,NA,NA,NA,NA,NA,NA,NA,NA,NA,NA,NA,NA,NA,NA,NA,NA,NA,NA,NA,NA,NA,NA,NA,NA,NA,NA,NA,NA,NA,NA,NA,NA,NA,NA,NA,NA,NA,NA,NA,NA,NA,NA,NA,NA,NA,NA,NA,NA,NA,NA,NA,NA,NA,NA,NA,NA,NA,NA,NA,NA,NA,NA,NA,NA,NA,NA,NA,NA,NA,NA,NA,NA,NA,NA,NA,NA,NA,NA,NA,NA,NA,NA,NA,NA,NA,NA,NA,NA,NA,NA,NA,NA,NA,NA,NA,NA,NA,NA,NA,NA,NA,NA,NA,NA,NA,NA,NA,NA,NA,NA,NA,NA,NA,NA,NA,NA,NA,NA,NA,NA,"iShares MSCI Global Energy Producers ETF","ETF"
"106","549300F3FQXHYEJZV166","549300F3FQXHYEJZV166",200,"549300F3FQXHYEJZV166","BLACKROCK FUNDS - BlackRock Total Emerging Markets Fund","en",NA,NA,"en","C/O C T CORPORATION SYSTEM",NA,NA,NA,"BOSTON","US-MA","US","02110","en","C/O C T Corporation System",NA,NA,NA,"Boston","US-MA","US","02110","RA000665",NA,"S000040403","US","GENERAL","8888","FUND",NA,NA,"INACTIVE",NA,NA,NA,NA,NA,2018-04-30 00:00:00,NA,NA,NA,2013-04-17 08:30:00,2024-11-08 16:54:07,"RETIRED",2022-03-01 20:16:00,"5493001KJTIIGC8Y1R12","FULLY_CORROBORATED","RA000665",NA,"S000040403",NA,NA,NA,NA,NA,232383380,"NOT_APPLICABLE","https://api.gleif.org/api/v1/lei-records/549300F3FQXHYEJZV166/managing-lou","https://api.gleif.org/api/v1/lei-records/549300F3FQXHYEJZV166/lei-issuer","https://api.gleif.org/api/v1/lei-records/549300F3FQXHYEJZV166/field-modifications","https://api.gleif.org/api/v1/lei-records/549300F3FQXHYEJZV166/direct-parent-reporting-exception","https://api.gleif.org/api/v1/lei-records/549300F3FQXHYEJZV166/ultimate-parent-reporting-exception",NA,NA,TRUE,NA,"BlackRock Funds - BlackRock Emerging Market Allocation Portfolio","en","PREVIOUS_LEGAL_NAME","155 FEDERAL ST., SUITE 700","155 Federal Street","STANDALONE","SUPPORTING_DOCUMENTS",2021-02-23 00:00:00,2024-11-08 00:00:00,"LIQUIDATION","COMPLETED",NA,NA,"Suite 700",NA,NA,NA,NA,NA,NA,NA,NA,NA,NA,NA,NA,NA,NA,NA,NA,NA,NA,NA,NA,NA,NA,NA,NA,NA,NA,NA,NA,NA,NA,NA,NA,NA,NA,NA,NA,NA,NA,NA,NA,NA,NA,NA,NA,NA,NA,NA,NA,NA,NA,NA,NA,NA,NA,NA,NA,NA,NA,NA,NA,NA,NA,NA,NA,NA,NA,NA,NA,NA,NA,NA,NA,NA,NA,NA,NA,NA,NA,NA,NA,NA,NA,NA,NA,NA,NA,NA,NA,NA,NA,NA,NA,NA,NA,NA,NA,NA,NA,NA,NA,NA,NA,NA,NA,NA,NA,NA,NA,NA,NA,NA,NA,NA,NA,NA,NA,NA,NA,NA,NA,NA,NA,NA,NA,NA,NA,NA,NA,NA,NA,NA,NA,NA,NA,NA,NA,NA,NA,NA,NA,NA,NA,NA,NA,NA,NA,NA,NA,NA,NA,NA,NA,NA,NA,NA,NA,NA,NA,NA,NA,NA,NA,NA,NA,NA,NA,NA,NA,NA,NA,NA,NA,NA,NA,NA,NA,NA,NA,NA,NA,NA,NA,NA,NA,NA,NA,NA,NA,NA,NA,NA,NA,NA,NA,NA,NA,NA,NA,NA,NA,NA,NA,NA,NA,NA,NA,NA,NA,NA,NA,NA,NA,NA,NA,NA,NA,NA,NA,NA,NA,NA,NA,NA,NA,NA,NA,NA,NA,NA,NA,NA,NA,NA,NA,NA,NA,NA,NA,NA,"BlackRock Total Emerging Markets Fund","Open-End Mutual Fund"
"107","549300F3V4IM7FBY9U59","549300F3V4IM7FBY9U59",200,"549300F3V4IM7FBY9U59","PIMCO Global Bond Opportunities Fund (U.S. Dollar-Hedged)","en",NA,NA,"en","C/O C T CORPORATION SYSTEM",NA,NA,NA,"BOSTON","US-MA","US","02110","en","C/O Pacific Investment Management Company LLC",NA,NA,NA,"Newport Beach","US-CA","US","92660","RA000665",NA,"S000009682","US","FUND","8888","FUND",NA,NA,"ACTIVE",NA,NA,NA,NA,NA,2014-02-06 00:00:00,NA,NA,NA,2014-02-07 01:29:00,2025-06-20 14:40:13,"ISSUED",2026-07-07 00:00:00,"5493001KJTIIGC8Y1R12","FULLY_CORROBORATED","RA000665",NA,"S000009682",NA,NA,NA,NA,NA,33595188,"CONFORMING","https://api.gleif.org/api/v1/lei-records/549300F3V4IM7FBY9U59/managing-lou","https://api.gleif.org/api/v1/lei-records/549300F3V4IM7FBY9U59/lei-issuer","https://api.gleif.org/api/v1/lei-records/549300F3V4IM7FBY9U59/field-modifications","https://api.gleif.org/api/v1/lei-records/549300F3V4IM7FBY9U59/direct-parent-reporting-exception","https://api.gleif.org/api/v1/lei-records/549300F3V4IM7FBY9U59/ultimate-parent-reporting-exception","https://api.gleif.org/api/v1/lei-records/549300F3V4IM7FBY9U59/fund-manager","https://api.gleif.org/api/v1/lei-records/549300F3V4IM7FBY9U59/fund-manager-relationship",TRUE,NA,"PIMCO Funds - Global Bond Fund (U.S. Dollar-Hedged)","en","PREVIOUS_LEGAL_NAME","155 FEDERAL ST.","650 Newport Center Drive",NA,NA,NA,NA,NA,NA,"https://api.gleif.org/api/v1/lei-records/549300F3V4IM7FBY9U59/umbrella-fund","https://api.gleif.org/api/v1/lei-records/549300F3V4IM7FBY9U59/umbrella-fund-relationship",NA,NA,NA,"PIMCO Funds - PIMCO Global Bond Fund (U.S. Dollar-Hedged)","en","PREVIOUS_LEGAL_NAME","SUITE 700",NA,NA,NA,NA,NA,NA,NA,NA,NA,NA,NA,NA,NA,NA,NA,NA,NA,NA,NA,NA,NA,NA,NA,NA,NA,NA,NA,NA,NA,NA,NA,NA,NA,NA,NA,NA,NA,NA,NA,NA,NA,NA,NA,NA,NA,NA,NA,NA,NA,NA,NA,NA,NA,NA,NA,NA,NA,NA,NA,NA,NA,NA,NA,NA,NA,NA,NA,NA,NA,NA,NA,NA,NA,NA,NA,NA,NA,NA,NA,NA,NA,NA,NA,NA,NA,NA,NA,NA,NA,NA,NA,NA,NA,NA,NA,NA,NA,NA,NA,NA,NA,NA,NA,NA,NA,NA,NA,NA,NA,NA,NA,NA,NA,NA,NA,NA,NA,NA,NA,NA,NA,NA,NA,NA,NA,NA,NA,NA,NA,NA,NA,NA,NA,NA,NA,NA,NA,NA,NA,NA,NA,NA,NA,NA,NA,NA,NA,NA,NA,NA,NA,NA,NA,NA,NA,NA,NA,NA,NA,NA,NA,NA,NA,NA,NA,NA,NA,NA,NA,NA,NA,NA,NA,NA,NA,NA,NA,NA,NA,NA,NA,NA,NA,NA,NA,NA,NA,NA,NA,NA,NA,NA,NA,NA,NA,NA,NA,NA,NA,NA,NA,NA,NA,NA,NA,NA,NA,NA,NA,NA,NA,NA,NA,NA,NA,NA,NA,NA,NA,NA,NA,NA,NA,NA,NA,NA,NA,NA,NA,NA,NA,NA,NA,"PIMCO Global Bond Opportunities Fund (U.S. Dollar-Hedged)","Open-End Mutual Fund"
"108","549300FJA3PPBMYPQI16","549300FJA3PPBMYPQI16",200,"549300FJA3PPBMYPQI16","Ashmore Emerging Markets Short Duration Fund","en",NA,NA,"en","C/O CORPORATION SERVICE COMPANY",NA,NA,NA,"BOSTON","US-MA","US","02109","en","C/O Ashmore Investment Advisors Limited",NA,NA,NA,"London",NA,"GB","SW1E 5JD","RA000665",NA,"S000045773","US","FUND","8888","FUND",NA,NA,"ACTIVE",NA,NA,NA,NA,NA,2010-06-08 00:00:00,NA,NA,NA,2014-05-24 01:38:00,2026-04-01 05:53:25,"ISSUED",2026-12-16 18:01:00,"5493001KJTIIGC8Y1R12","FULLY_CORROBORATED","RA000665",NA,"S000045773",NA,NA,NA,NA,NA,272623646,"CONFORMING","https://api.gleif.org/api/v1/lei-records/549300FJA3PPBMYPQI16/managing-lou","https://api.gleif.org/api/v1/lei-records/549300FJA3PPBMYPQI16/lei-issuer","https://api.gleif.org/api/v1/lei-records/549300FJA3PPBMYPQI16/field-modifications","https://api.gleif.org/api/v1/lei-records/549300FJA3PPBMYPQI16/direct-parent-reporting-exception","https://api.gleif.org/api/v1/lei-records/549300FJA3PPBMYPQI16/ultimate-parent-reporting-exception","https://api.gleif.org/api/v1/lei-records/549300FJA3PPBMYPQI16/fund-manager","https://api.gleif.org/api/v1/lei-records/549300FJA3PPBMYPQI16/fund-manager-relationship",TRUE,NA,NA,NA,NA,"84 STATE ST.","16 Palace Street","STANDALONE","REGULATORY_FILING",2026-03-19 00:00:00,2026-03-31 16:12:26,"CHANGE_HQ_ADDRESS","COMPLETED","https://api.gleif.org/api/v1/lei-records/549300FJA3PPBMYPQI16/umbrella-fund","https://api.gleif.org/api/v1/lei-records/549300FJA3PPBMYPQI16/umbrella-fund-relationship",NA,NA,"2026.03.19 - Companies House - Change of Registered Address - AshmorePLC.pdf",NA,NA,NA,NA,NA,NA,NA,NA,NA,NA,NA,NA,NA,NA,NA,NA,NA,NA,NA,NA,NA,NA,NA,NA,NA,NA,NA,NA,NA,NA,NA,NA,NA,NA,NA,NA,NA,NA,NA,NA,NA,NA,NA,NA,NA,NA,NA,NA,NA,NA,NA,NA,NA,NA,NA,NA,NA,NA,NA,NA,NA,NA,NA,NA,NA,NA,NA,NA,NA,NA,NA,NA,NA,NA,NA,NA,NA,NA,NA,NA,NA,NA,NA,NA,NA,NA,NA,NA,NA,NA,NA,NA,NA,NA,NA,NA,NA,NA,NA,NA,NA,NA,NA,NA,NA,NA,NA,NA,NA,NA,NA,NA,NA,NA,NA,NA,NA,NA,NA,NA,NA,NA,NA,NA,NA,NA,NA,NA,NA,NA,NA,NA,NA,NA,NA,NA,NA,NA,NA,NA,NA,NA,NA,NA,NA,NA,NA,NA,NA,NA,NA,NA,NA,NA,NA,NA,NA,NA,NA,NA,NA,NA,NA,NA,NA,NA,NA,NA,NA,NA,NA,NA,NA,NA,NA,NA,NA,NA,NA,NA,NA,NA,NA,NA,NA,NA,NA,NA,NA,NA,NA,NA,NA,NA,NA,NA,NA,NA,NA,NA,NA,NA,NA,NA,NA,NA,NA,NA,NA,NA,NA,NA,NA,NA,NA,NA,NA,NA,NA,NA,NA,NA,NA,NA,NA,NA,NA,NA,NA,NA,NA,NA,NA,NA,NA,NA,NA,"Ashmore Emerging Markets Short Duration Fund","Open-End Mutual Fund"
"109","549300FPQU8XYG8LAX15","549300FPQU8XYG8LAX15",200,"549300FPQU8XYG8LAX15","iShares Core International Aggregate Bond ETF","en",NA,NA,"en","c/o THE CORPORATION TRUST COMPANY, CORPORATION TRUST CENTER 1209 ORANGE ST",NA,NA,NA,"WILMINGTON","US-DE","US","19801","en","c/o BLACKROCK FUND ADVISORS, c/o TERRI SLANE, 400 HOWARD STREET",NA,NA,"c/o BLACKROCK FUND ADVISORS","SAN FRANCISCO","US-CA","US","94105","RA000665",NA,"S000051261","US-DE","FUND","8888","Trust",NA,NA,"ACTIVE",NA,NA,NA,NA,NA,2015-11-09 23:00:00,NA,NA,NA,2015-10-10 02:32:00,2025-11-01 11:47:29,"ISSUED",2026-12-01 14:34:50,"5299000J2N45DDNE4Y28","FULLY_CORROBORATED","RA000665",NA,"S000051261",NA,NA,NA,NA,NA,311966599,"CONFORMING","https://api.gleif.org/api/v1/lei-records/549300FPQU8XYG8LAX15/managing-lou","https://api.gleif.org/api/v1/lei-records/549300FPQU8XYG8LAX15/lei-issuer","https://api.gleif.org/api/v1/lei-records/549300FPQU8XYG8LAX15/field-modifications","https://api.gleif.org/api/v1/lei-records/549300FPQU8XYG8LAX15/direct-parent-reporting-exception","https://api.gleif.org/api/v1/lei-records/549300FPQU8XYG8LAX15/ultimate-parent-reporting-exception","https://api.gleif.org/api/v1/lei-records/549300FPQU8XYG8LAX15/fund-manager","https://api.gleif.org/api/v1/lei-records/549300FPQU8XYG8LAX15/fund-manager-relationship",TRUE,NA,NA,NA,NA,NA,NA,"STANDALONE","SUPPORTING_DOCUMENTS",2023-02-06 23:00:00,2023-02-07 11:51:28,"CHANGE_HQ_ADDRESS","COMPLETED","https://api.gleif.org/api/v1/lei-records/549300FPQU8XYG8LAX15/umbrella-fund","https://api.gleif.org/api/v1/lei-records/549300FPQU8XYG8LAX15/umbrella-fund-relationship",NA,NA,NA,NA,NA,NA,NA,"STANDALONE","SUPPORTING_DOCUMENTS",2023-02-06 23:00:00,2023-02-07 11:51:28,"CHANGE_LEGAL_ADDRESS","COMPLETED",NA,NA,NA,NA,NA,NA,NA,NA,NA,NA,NA,NA,NA,NA,NA,NA,NA,NA,NA,NA,NA,NA,NA,NA,NA,NA,NA,NA,NA,NA,NA,NA,NA,NA,NA,NA,NA,NA,NA,NA,NA,NA,NA,NA,NA,NA,NA,NA,NA,NA,NA,NA,NA,NA,NA,NA,NA,NA,NA,NA,NA,NA,NA,NA,NA,NA,NA,NA,NA,NA,NA,NA,NA,NA,NA,NA,NA,NA,NA,NA,NA,NA,NA,NA,NA,NA,NA,NA,NA,NA,NA,NA,NA,NA,NA,NA,NA,NA,NA,NA,NA,NA,NA,NA,NA,NA,NA,NA,NA,NA,NA,NA,NA,NA,NA,NA,NA,NA,NA,NA,NA,NA,NA,NA,NA,NA,NA,NA,NA,NA,NA,NA,NA,NA,NA,NA,NA,NA,NA,NA,NA,NA,NA,NA,NA,NA,NA,NA,NA,NA,NA,NA,NA,NA,NA,NA,NA,NA,NA,NA,NA,NA,NA,NA,NA,NA,NA,NA,NA,NA,NA,NA,NA,NA,NA,NA,NA,NA,NA,NA,NA,NA,NA,NA,NA,NA,NA,NA,NA,NA,NA,NA,NA,NA,NA,NA,NA,NA,NA,NA,NA,NA,NA,NA,NA,NA,NA,NA,NA,NA,NA,NA,NA,NA,NA,NA,NA,NA,NA,NA,NA,NA,NA,NA,NA,NA,NA,"iShares Core International Aggregate Bond ETF","ETF"
"110","549300FUVHXM8XPJVH45","549300FUVHXM8XPJVH45",200,"549300FUVHXM8XPJVH45","Hartford AAA CLO ETF","en",NA,NA,"en","C/O CORPORATION SERVICE COMPANY",NA,NA,NA,"WILMINGTON","US-DE","US","19808","en","C/O HARTFORD FUNDS MANAGEMENT COMPANY, LLC",NA,NA,NA,"WAYNE","US-PA","US","19087","RA000665",NA,"S000061914","US","FUND","8888","SUB-FUND",NA,NA,"ACTIVE",NA,NA,NA,NA,NA,2016-12-31 00:00:00,NA,NA,NA,2018-03-22 15:32:00,2026-01-16 15:50:25,"ISSUED",2027-02-01 00:00:00,"5493001KJTIIGC8Y1R12","FULLY_CORROBORATED","RA000665",NA,"S000061914",NA,NA,NA,NA,NA,557044083,"CONFORMING","https://api.gleif.org/api/v1/lei-records/549300FUVHXM8XPJVH45/managing-lou","https://api.gleif.org/api/v1/lei-records/549300FUVHXM8XPJVH45/lei-issuer","https://api.gleif.org/api/v1/lei-records/549300FUVHXM8XPJVH45/field-modifications","https://api.gleif.org/api/v1/lei-records/549300FUVHXM8XPJVH45/direct-parent-reporting-exception","https://api.gleif.org/api/v1/lei-records/549300FUVHXM8XPJVH45/ultimate-parent-reporting-exception","https://api.gleif.org/api/v1/lei-records/549300FUVHXM8XPJVH45/fund-manager","https://api.gleif.org/api/v1/lei-records/549300FUVHXM8XPJVH45/fund-manager-relationship",TRUE,NA,"Hartford Short Duration ETF","en","PREVIOUS_LEGAL_NAME","251 LITTLE FALLS DRIVE","690 LEE ROAD","STANDALONE","REGULATORY_FILING",2024-02-12 00:00:00,2024-02-12 13:20:40,"CHANGE_LEGAL_NAME","COMPLETED","https://api.gleif.org/api/v1/lei-records/549300FUVHXM8XPJVH45/umbrella-fund","https://api.gleif.org/api/v1/lei-records/549300FUVHXM8XPJVH45/umbrella-fund-relationship",NA,NA,NA,NA,NA,NA,NA,NA,NA,NA,NA,NA,NA,NA,NA,NA,NA,NA,NA,NA,NA,NA,NA,NA,NA,NA,NA,NA,NA,NA,NA,NA,NA,NA,NA,NA,NA,NA,NA,NA,NA,NA,NA,NA,NA,NA,NA,NA,NA,NA,NA,NA,NA,NA,NA,NA,NA,NA,NA,NA,NA,NA,NA,NA,NA,NA,NA,NA,NA,NA,NA,NA,NA,NA,NA,NA,NA,NA,NA,NA,NA,NA,NA,NA,NA,NA,NA,NA,NA,NA,NA,NA,NA,NA,NA,NA,NA,NA,NA,NA,NA,NA,NA,NA,NA,NA,NA,NA,NA,NA,NA,NA,NA,NA,NA,NA,NA,NA,NA,NA,NA,NA,NA,NA,NA,NA,NA,NA,NA,NA,NA,NA,NA,NA,NA,NA,NA,NA,NA,NA,NA,NA,NA,NA,NA,NA,NA,NA,NA,NA,NA,NA,NA,NA,NA,NA,NA,NA,NA,NA,NA,NA,NA,NA,NA,NA,NA,NA,NA,NA,NA,NA,NA,NA,NA,NA,NA,NA,NA,NA,NA,NA,NA,NA,NA,NA,NA,NA,NA,NA,NA,NA,NA,NA,NA,NA,NA,NA,NA,NA,NA,NA,NA,NA,NA,NA,NA,NA,NA,NA,NA,NA,NA,NA,NA,NA,NA,NA,NA,NA,NA,NA,NA,NA,NA,NA,NA,NA,NA,NA,NA,NA,NA,NA,NA,NA,NA,NA,NA,NA,"Hartford Short Duration ETF","ETF"
"111","549300FWMPGHJPL5Y817","549300FWMPGHJPL5Y817",200,"549300FWMPGHJPL5Y817","PIMCO Total Return Fund V","en",NA,NA,"en","C/O C T CORPORATION SYSTEM",NA,NA,NA,"BOSTON","US-MA","US","02110","en","C/O Pacific Investment Management Company LLC",NA,NA,NA,"Newport Beach","US-CA","US","92660","RA000665",NA,"S000079898","US","FUND","8888","FUND",NA,NA,"ACTIVE",NA,NA,NA,NA,NA,2022-12-28 00:00:00,NA,NA,NA,2023-02-10 15:29:00,2025-12-11 12:31:04,"ISSUED",2027-01-09 22:15:00,"5493001KJTIIGC8Y1R12","FULLY_CORROBORATED","RA000665",NA,"S000079898",NA,NA,NA,NA,NA,1825101706,"CONFORMING","https://api.gleif.org/api/v1/lei-records/549300FWMPGHJPL5Y817/managing-lou","https://api.gleif.org/api/v1/lei-records/549300FWMPGHJPL5Y817/lei-issuer","https://api.gleif.org/api/v1/lei-records/549300FWMPGHJPL5Y817/field-modifications","https://api.gleif.org/api/v1/lei-records/549300FWMPGHJPL5Y817/direct-parent-reporting-exception","https://api.gleif.org/api/v1/lei-records/549300FWMPGHJPL5Y817/ultimate-parent-reporting-exception","https://api.gleif.org/api/v1/lei-records/549300FWMPGHJPL5Y817/fund-manager","https://api.gleif.org/api/v1/lei-records/549300FWMPGHJPL5Y817/fund-manager-relationship",TRUE,NA,NA,NA,NA,"155 FEDERAL ST.","650 Newport Center Drive",NA,NA,NA,NA,NA,NA,"https://api.gleif.org/api/v1/lei-records/549300FWMPGHJPL5Y817/umbrella-fund","https://api.gleif.org/api/v1/lei-records/549300FWMPGHJPL5Y817/umbrella-fund-relationship",NA,NA,NA,NA,NA,NA,"SUITE 700",NA,NA,NA,NA,NA,NA,NA,NA,NA,NA,NA,NA,NA,NA,NA,NA,NA,NA,NA,NA,NA,NA,NA,NA,NA,NA,NA,NA,NA,NA,NA,NA,NA,NA,NA,NA,NA,NA,NA,NA,NA,NA,NA,NA,NA,NA,NA,NA,NA,NA,NA,NA,NA,NA,NA,NA,NA,NA,NA,NA,NA,NA,NA,NA,NA,NA,NA,NA,NA,NA,NA,NA,NA,NA,NA,NA,NA,NA,NA,NA,NA,NA,NA,NA,NA,NA,NA,NA,NA,NA,NA,NA,NA,NA,NA,NA,NA,NA,NA,NA,NA,NA,NA,NA,NA,NA,NA,NA,NA,NA,NA,NA,NA,NA,NA,NA,NA,NA,NA,NA,NA,NA,NA,NA,NA,NA,NA,NA,NA,NA,NA,NA,NA,NA,NA,NA,NA,NA,NA,NA,NA,NA,NA,NA,NA,NA,NA,NA,NA,NA,NA,NA,NA,NA,NA,NA,NA,NA,NA,NA,NA,NA,NA,NA,NA,NA,NA,NA,NA,NA,NA,NA,NA,NA,NA,NA,NA,NA,NA,NA,NA,NA,NA,NA,NA,NA,NA,NA,NA,NA,NA,NA,NA,NA,NA,NA,NA,NA,NA,NA,NA,NA,NA,NA,NA,NA,NA,NA,NA,NA,NA,NA,NA,NA,NA,NA,NA,NA,NA,NA,NA,NA,NA,NA,NA,NA,NA,NA,NA,NA,NA,NA,NA,"PIMCO Total Return Fund V","Open-End Mutual Fund"
"112","549300FWX3HQBUJIR891","549300FWX3HQBUJIR891",200,"549300FWX3HQBUJIR891","BlackRock Global Equity Market Neutral Fund","en",NA,NA,"en","c/o C T CORPORATION SYSTEM; 155 FEDERAL ST., SUITE 700",NA,NA,NA,"BOSTON","US-MA","US","02110","en","c/o BLACKROCK ADVISORS, LLC, c/o CORPORATION SERVICE COMPANY, 251 LITTLE FALLS DRIVE",NA,NA,"c/o BLACKROCK ADVISORS, LLC","Wilmington","US-DE","US","19809","RA000665",NA,"S000039460","US-MA","FUND","8888","Trust",NA,NA,"ACTIVE",NA,NA,NA,NA,NA,2012-12-19 23:00:00,NA,NA,NA,2013-01-24 09:31:00,2025-11-21 11:03:54,"ISSUED",2027-01-06 09:47:22,"5299000J2N45DDNE4Y28","FULLY_CORROBORATED","RA000665",NA,"S000039460",NA,NA,NA,NA,NA,224050313,"CONFORMING","https://api.gleif.org/api/v1/lei-records/549300FWX3HQBUJIR891/managing-lou","https://api.gleif.org/api/v1/lei-records/549300FWX3HQBUJIR891/lei-issuer","https://api.gleif.org/api/v1/lei-records/549300FWX3HQBUJIR891/field-modifications","https://api.gleif.org/api/v1/lei-records/549300FWX3HQBUJIR891/direct-parent-reporting-exception","https://api.gleif.org/api/v1/lei-records/549300FWX3HQBUJIR891/ultimate-parent-reporting-exception","https://api.gleif.org/api/v1/lei-records/549300FWX3HQBUJIR891/fund-manager","https://api.gleif.org/api/v1/lei-records/549300FWX3HQBUJIR891/fund-manager-relationship",TRUE,NA,NA,NA,NA,NA,NA,"STANDALONE","SUPPORTING_DOCUMENTS",2023-12-03 23:00:00,2023-12-04 13:03:53,"CHANGE_HQ_ADDRESS","COMPLETED","https://api.gleif.org/api/v1/lei-records/549300FWX3HQBUJIR891/umbrella-fund","https://api.gleif.org/api/v1/lei-records/549300FWX3HQBUJIR891/umbrella-fund-relationship",NA,NA,NA,NA,NA,NA,NA,"STANDALONE","SUPPORTING_DOCUMENTS",2023-12-03 23:00:00,2023-12-04 13:03:53,"CHANGE_LEGAL_ADDRESS","COMPLETED",NA,NA,NA,NA,NA,NA,NA,NA,NA,NA,NA,NA,NA,NA,NA,NA,NA,NA,NA,NA,NA,NA,NA,NA,NA,NA,NA,NA,NA,NA,NA,NA,NA,NA,NA,NA,NA,NA,NA,NA,NA,NA,NA,NA,NA,NA,NA,NA,NA,NA,NA,NA,NA,NA,NA,NA,NA,NA,NA,NA,NA,NA,NA,NA,NA,NA,NA,NA,NA,NA,NA,NA,NA,NA,NA,NA,NA,NA,NA,NA,NA,NA,NA,NA,NA,NA,NA,NA,NA,NA,NA,NA,NA,NA,NA,NA,NA,NA,NA,NA,NA,NA,NA,NA,NA,NA,NA,NA,NA,NA,NA,NA,NA,NA,NA,NA,NA,NA,NA,NA,NA,NA,NA,NA,NA,NA,NA,NA,NA,NA,NA,NA,NA,NA,NA,NA,NA,NA,NA,NA,NA,NA,NA,NA,NA,NA,NA,NA,NA,NA,NA,NA,NA,NA,NA,NA,NA,NA,NA,NA,NA,NA,NA,NA,NA,NA,NA,NA,NA,NA,NA,NA,NA,NA,NA,NA,NA,NA,NA,NA,NA,NA,NA,NA,NA,NA,NA,NA,NA,NA,NA,NA,NA,NA,NA,NA,NA,NA,NA,NA,NA,NA,NA,NA,NA,NA,NA,NA,NA,NA,NA,NA,NA,NA,NA,NA,NA,NA,NA,NA,NA,NA,NA,NA,NA,NA,NA,"BlackRock Global Long/Short Equity Fund","Open-End Mutual Fund"
"113","549300FY1HF8KNDK4G58","549300FY1HF8KNDK4G58",200,"549300FY1HF8KNDK4G58","Diversified Real Asset Fund","en",NA,NA,"en","C/O CSC-LAWYERS INCORPORATING SERVICE COMPANY",NA,NA,NA,"BALTIMORE","US-MD","US","21202","en","C/O PRINCIPAL GLOBAL INVESTORS, LLC",NA,NA,NA,"Des Moines","US-IA","US","50392","RA000665",NA,"S000028139","US","FUND","8888","Sub-Fund",NA,NA,"ACTIVE",NA,NA,NA,NA,NA,2010-03-16 00:00:00,NA,NA,NA,2013-02-04 13:30:00,2025-10-22 21:08:16,"ISSUED",2026-11-14 00:00:00,"5493001KJTIIGC8Y1R12","FULLY_CORROBORATED","RA000665",NA,"S000028139",NA,NA,NA,NA,NA,113812500,"CONFORMING","https://api.gleif.org/api/v1/lei-records/549300FY1HF8KNDK4G58/managing-lou","https://api.gleif.org/api/v1/lei-records/549300FY1HF8KNDK4G58/lei-issuer","https://api.gleif.org/api/v1/lei-records/549300FY1HF8KNDK4G58/field-modifications","https://api.gleif.org/api/v1/lei-records/549300FY1HF8KNDK4G58/direct-parent-reporting-exception","https://api.gleif.org/api/v1/lei-records/549300FY1HF8KNDK4G58/ultimate-parent-reporting-exception","https://api.gleif.org/api/v1/lei-records/549300FY1HF8KNDK4G58/fund-manager","https://api.gleif.org/api/v1/lei-records/549300FY1HF8KNDK4G58/fund-manager-relationship",TRUE,NA,"PRINCIPAL FUNDS INC - Diversified Real Asset Fund","en","PREVIOUS_LEGAL_NAME","7 ST. PAUL STREET","711 High Street",NA,NA,NA,NA,NA,NA,"https://api.gleif.org/api/v1/lei-records/549300FY1HF8KNDK4G58/umbrella-fund","https://api.gleif.org/api/v1/lei-records/549300FY1HF8KNDK4G58/umbrella-fund-relationship",NA,NA,NA,NA,NA,NA,"SUITE 820",NA,NA,NA,NA,NA,NA,NA,NA,NA,NA,NA,NA,NA,NA,NA,NA,NA,NA,NA,NA,NA,NA,NA,NA,NA,NA,NA,NA,NA,NA,NA,NA,NA,NA,NA,NA,NA,NA,NA,NA,NA,NA,NA,NA,NA,NA,NA,NA,NA,NA,NA,NA,NA,NA,NA,NA,NA,NA,NA,NA,NA,NA,NA,NA,NA,NA,NA,NA,NA,NA,NA,NA,NA,NA,NA,NA,NA,NA,NA,NA,NA,NA,NA,NA,NA,NA,NA,NA,NA,NA,NA,NA,NA,NA,NA,NA,NA,NA,NA,NA,NA,NA,NA,NA,NA,NA,NA,NA,NA,NA,NA,NA,NA,NA,NA,NA,NA,NA,NA,NA,NA,NA,NA,NA,NA,NA,NA,NA,NA,NA,NA,NA,NA,NA,NA,NA,NA,NA,NA,NA,NA,NA,NA,NA,NA,NA,NA,NA,NA,NA,NA,NA,NA,NA,NA,NA,NA,NA,NA,NA,NA,NA,NA,NA,NA,NA,NA,NA,NA,NA,NA,NA,NA,NA,NA,NA,NA,NA,NA,NA,NA,NA,NA,NA,NA,NA,NA,NA,NA,NA,NA,NA,NA,NA,NA,NA,NA,NA,NA,NA,NA,NA,NA,NA,NA,NA,NA,NA,NA,NA,NA,NA,NA,NA,NA,NA,NA,NA,NA,NA,NA,NA,NA,NA,NA,NA,NA,NA,NA,NA,NA,NA,NA,"Diversified Real Asset Fund","Open-End Mutual Fund"
"114","549300G0ZUNHVUP0B510","549300G0ZUNHVUP0B510",200,"549300G0ZUNHVUP0B510","LVIP PIMCO Low Duration Bond Fund","en",NA,NA,"en","C/O CORPORATION SERVICE COMPANY",NA,NA,NA,"WILMINGTON","US-DE","US","19808","en","C/O Lincoln Financial Investments Corporation",NA,NA,NA,"Philadelphia","US-PA","US","19087-5252","RA000665",NA,"S000045002","US","FUND","8888","FUND",NA,NA,"ACTIVE",NA,NA,NA,NA,NA,2014-04-08 00:00:00,NA,NA,NA,2014-04-09 01:39:00,2025-12-15 21:06:01,"ISSUED",2026-12-19 00:00:00,"5493001KJTIIGC8Y1R12","FULLY_CORROBORATED","RA000665",NA,"S000045002",NA,NA,NA,NA,NA,261810515,"CONFORMING","https://api.gleif.org/api/v1/lei-records/549300G0ZUNHVUP0B510/managing-lou","https://api.gleif.org/api/v1/lei-records/549300G0ZUNHVUP0B510/lei-issuer","https://api.gleif.org/api/v1/lei-records/549300G0ZUNHVUP0B510/field-modifications","https://api.gleif.org/api/v1/lei-records/549300G0ZUNHVUP0B510/direct-parent-reporting-exception","https://api.gleif.org/api/v1/lei-records/549300G0ZUNHVUP0B510/ultimate-parent-reporting-exception","https://api.gleif.org/api/v1/lei-records/549300G0ZUNHVUP0B510/fund-manager","https://api.gleif.org/api/v1/lei-records/549300G0ZUNHVUP0B510/fund-manager-relationship",TRUE,NA,"LINCOLN VARIABLE INSURANCE PRODUCTS TRUST - LVIP PIMCO Low Duration Bond Fund","en","PREVIOUS_LEGAL_NAME","251 LITTLE FALLS DRIVE","150 North Radnor Chester Road",NA,NA,NA,NA,NA,NA,"https://api.gleif.org/api/v1/lei-records/549300G0ZUNHVUP0B510/umbrella-fund","https://api.gleif.org/api/v1/lei-records/549300G0ZUNHVUP0B510/umbrella-fund-relationship","Radnor",NA,NA,NA,NA,NA,NA,NA,NA,NA,NA,NA,NA,NA,NA,NA,NA,NA,NA,NA,NA,NA,NA,NA,NA,NA,NA,NA,NA,NA,NA,NA,NA,NA,NA,NA,NA,NA,NA,NA,NA,NA,NA,NA,NA,NA,NA,NA,NA,NA,NA,NA,NA,NA,NA,NA,NA,NA,NA,NA,NA,NA,NA,NA,NA,NA,NA,NA,NA,NA,NA,NA,NA,NA,NA,NA,NA,NA,NA,NA,NA,NA,NA,NA,NA,NA,NA,NA,NA,NA,NA,NA,NA,NA,NA,NA,NA,NA,NA,NA,NA,NA,NA,NA,NA,NA,NA,NA,NA,NA,NA,NA,NA,NA,NA,NA,NA,NA,NA,NA,NA,NA,NA,NA,NA,NA,NA,NA,NA,NA,NA,NA,NA,NA,NA,NA,NA,NA,NA,NA,NA,NA,NA,NA,NA,NA,NA,NA,NA,NA,NA,NA,NA,NA,NA,NA,NA,NA,NA,NA,NA,NA,NA,NA,NA,NA,NA,NA,NA,NA,NA,NA,NA,NA,NA,NA,NA,NA,NA,NA,NA,NA,NA,NA,NA,NA,NA,NA,NA,NA,NA,NA,NA,NA,NA,NA,NA,NA,NA,NA,NA,NA,NA,NA,NA,NA,NA,NA,NA,NA,NA,NA,NA,NA,NA,NA,NA,NA,NA,NA,NA,NA,NA,NA,NA,NA,NA,NA,NA,NA,NA,NA,NA,NA,NA,NA,NA,NA,NA,NA,"LVIP PIMCO Low Duration Bond Fund","Open-End Mutual Fund"
"115","549300GFBONLYCZNPD85","549300GFBONLYCZNPD85",200,"549300GFBONLYCZNPD85","GMO Strategic Opportunities Allocation Fund","en",NA,NA,"en","53 State Street",NA,NA,NA,"Boston","US-MA","US","02109","en","C/O Grantham, Mayo, Van Otterloo & Co. LLC",NA,NA,NA,"Boston","US-MA","US","02109","RA000665",NA,"S000005489","US","FUND","8888","SUB-FUND",NA,NA,"ACTIVE",NA,NA,NA,NA,NA,1985-06-24 00:00:00,NA,NA,NA,2012-12-03 16:41:00,2025-10-06 19:50:58,"ISSUED",2026-11-03 00:00:00,"5493001KJTIIGC8Y1R12","FULLY_CORROBORATED","RA000665",NA,"S000005489",NA,NA,NA,NA,NA,34215177,"CONFORMING","https://api.gleif.org/api/v1/lei-records/549300GFBONLYCZNPD85/managing-lou","https://api.gleif.org/api/v1/lei-records/549300GFBONLYCZNPD85/lei-issuer","https://api.gleif.org/api/v1/lei-records/549300GFBONLYCZNPD85/field-modifications","https://api.gleif.org/api/v1/lei-records/549300GFBONLYCZNPD85/direct-parent-reporting-exception","https://api.gleif.org/api/v1/lei-records/549300GFBONLYCZNPD85/ultimate-parent-reporting-exception","https://api.gleif.org/api/v1/lei-records/549300GFBONLYCZNPD85/fund-manager","https://api.gleif.org/api/v1/lei-records/549300GFBONLYCZNPD85/fund-manager-relationship",TRUE,NA,"GMO Trust - GMO Strategic Balanced Allocation Fund","en","PREVIOUS_LEGAL_NAME","Suite 3300","53 State Street","STANDALONE","SUPPORTING_DOCUMENTS",2025-09-08 00:00:00,2025-10-06 00:00:00,"CHANGE_LEGAL_NAME","COMPLETED","https://api.gleif.org/api/v1/lei-records/549300GFBONLYCZNPD85/umbrella-fund","https://api.gleif.org/api/v1/lei-records/549300GFBONLYCZNPD85/umbrella-fund-relationship","Floor 33",NA,NA,NA,NA,NA,NA,NA,NA,NA,NA,NA,NA,NA,NA,NA,NA,NA,NA,NA,NA,NA,NA,NA,NA,NA,NA,NA,NA,NA,NA,NA,NA,NA,NA,NA,NA,NA,NA,NA,NA,NA,NA,NA,NA,NA,NA,NA,NA,NA,NA,NA,NA,NA,NA,NA,NA,NA,NA,NA,NA,NA,NA,NA,NA,NA,NA,NA,NA,NA,NA,NA,NA,NA,NA,NA,NA,NA,NA,NA,NA,NA,NA,NA,NA,NA,NA,NA,NA,NA,NA,NA,NA,NA,NA,NA,NA,NA,NA,NA,NA,NA,NA,NA,NA,NA,NA,NA,NA,NA,NA,NA,NA,NA,NA,NA,NA,NA,NA,NA,NA,NA,NA,NA,NA,NA,NA,NA,NA,NA,NA,NA,NA,NA,NA,NA,NA,NA,NA,NA,NA,NA,NA,NA,NA,NA,NA,NA,NA,NA,NA,NA,NA,NA,NA,NA,NA,NA,NA,NA,NA,NA,NA,NA,NA,NA,NA,NA,NA,NA,NA,NA,NA,NA,NA,NA,NA,NA,NA,NA,NA,NA,NA,NA,NA,NA,NA,NA,NA,NA,NA,NA,NA,NA,NA,NA,NA,NA,NA,NA,NA,NA,NA,NA,NA,NA,NA,NA,NA,NA,NA,NA,NA,NA,NA,NA,NA,NA,NA,NA,NA,NA,NA,NA,NA,NA,NA,NA,NA,NA,NA,NA,NA,NA,NA,NA,NA,NA,NA,NA,"GMO Strategic Opportunities Allocation Fund","Open-End Mutual Fund"
"116","549300GGLUPN59ZVGJ64","549300GGLUPN59ZVGJ64",200,"549300GGLUPN59ZVGJ64","ISHARES ESG MSCI EM LEADERS ETF","en",NA,NA,"en","c/o THE CORPORATION TRUST COMPANY, Corporation Trust Center, 1209 Orange St",NA,NA,NA,"Wilmington","US-DE","US","19801","en","c/o BLACKROCK FUND ADVISORS, c/o TERRI SLANE, 400 Howard Street",NA,NA,"c/o BLACKROCK FUND ADVISORS","San Francisco","US-CA","US","94105","RA000665",NA,"S000067838","US-DE","FUND","4FSX",NA,NA,NA,"ACTIVE",NA,NA,NA,NA,NA,2019-11-17 23:00:00,NA,NA,NA,2019-11-13 15:31:00,2025-11-18 14:01:29,"ISSUED",2026-12-27 12:49:37,"5299000J2N45DDNE4Y28","FULLY_CORROBORATED","RA000665",NA,"S000067838",NA,NA,NA,NA,NA,644171943,"CONFORMING","https://api.gleif.org/api/v1/lei-records/549300GGLUPN59ZVGJ64/managing-lou","https://api.gleif.org/api/v1/lei-records/549300GGLUPN59ZVGJ64/lei-issuer","https://api.gleif.org/api/v1/lei-records/549300GGLUPN59ZVGJ64/field-modifications","https://api.gleif.org/api/v1/lei-records/549300GGLUPN59ZVGJ64/direct-parent-reporting-exception","https://api.gleif.org/api/v1/lei-records/549300GGLUPN59ZVGJ64/ultimate-parent-reporting-exception","https://api.gleif.org/api/v1/lei-records/549300GGLUPN59ZVGJ64/fund-manager","https://api.gleif.org/api/v1/lei-records/549300GGLUPN59ZVGJ64/fund-manager-relationship",TRUE,NA,NA,NA,NA,NA,NA,"STANDALONE","SUPPORTING_DOCUMENTS",2024-11-27 23:00:00,2024-11-28 09:01:18,"CHANGE_HQ_ADDRESS","COMPLETED","https://api.gleif.org/api/v1/lei-records/549300GGLUPN59ZVGJ64/umbrella-fund","https://api.gleif.org/api/v1/lei-records/549300GGLUPN59ZVGJ64/umbrella-fund-relationship",NA,NA,NA,NA,NA,NA,NA,NA,NA,NA,NA,NA,NA,NA,NA,NA,NA,NA,NA,NA,NA,NA,NA,NA,NA,NA,NA,NA,NA,NA,NA,NA,NA,NA,NA,NA,NA,NA,NA,NA,NA,NA,NA,NA,NA,NA,NA,NA,NA,NA,NA,NA,NA,NA,NA,NA,NA,NA,NA,NA,NA,NA,NA,NA,NA,NA,NA,NA,NA,NA,NA,NA,NA,NA,NA,NA,NA,NA,NA,NA,NA,NA,NA,NA,NA,NA,NA,NA,NA,NA,NA,NA,NA,NA,NA,NA,NA,NA,NA,NA,NA,NA,NA,NA,NA,NA,NA,NA,NA,NA,NA,NA,NA,NA,NA,NA,NA,NA,NA,NA,NA,NA,NA,NA,NA,NA,NA,NA,NA,NA,NA,NA,NA,NA,NA,NA,NA,NA,NA,NA,NA,NA,NA,NA,NA,NA,NA,NA,NA,NA,NA,NA,NA,NA,NA,NA,NA,NA,NA,NA,NA,NA,NA,NA,NA,NA,NA,NA,NA,NA,NA,NA,NA,NA,NA,NA,NA,NA,NA,NA,NA,NA,NA,NA,NA,NA,NA,NA,NA,NA,NA,NA,NA,NA,NA,NA,NA,NA,NA,NA,NA,NA,NA,NA,NA,NA,NA,NA,NA,NA,NA,NA,NA,NA,NA,NA,NA,NA,NA,NA,NA,NA,NA,NA,NA,NA,NA,NA,NA,NA,NA,NA,NA,NA,NA,NA,NA,NA,NA,NA,"iShares ESG MSCI EM Leaders ETF","ETF"
"117","549300GIU2ICLREM0K76","549300GIU2ICLREM0K76",200,"549300GIU2ICLREM0K76","iShares Currency Hedged MSCI ACWI ex U.S. ETF","en",NA,NA,"en","c/o THE CORPORATION TRUST COMPANY, CORPORATION TRUST CENTER, 1209 ORANGE ST",NA,NA,NA,"WILMINGTON","US-DE","US","19801","en","c/o BLACKROCK FUND ADVISORS, 400 Howard Street",NA,NA,"c/o BLACKROCK FUND ADVISORS","San Francisco","US-CA","US","94105","RA000665",NA,"S000049792","US-DE","FUND","4FSX",NA,NA,NA,"ACTIVE",NA,NA,NA,NA,NA,2015-06-28 22:00:00,NA,NA,NA,2015-06-03 01:40:00,2025-11-25 08:49:34,"ISSUED",2027-01-12 10:24:32,"5299000J2N45DDNE4Y28","FULLY_CORROBORATED","RA000665",NA,"S000049792",NA,NA,NA,NA,NA,291115212,"CONFORMING","https://api.gleif.org/api/v1/lei-records/549300GIU2ICLREM0K76/managing-lou","https://api.gleif.org/api/v1/lei-records/549300GIU2ICLREM0K76/lei-issuer","https://api.gleif.org/api/v1/lei-records/549300GIU2ICLREM0K76/field-modifications","https://api.gleif.org/api/v1/lei-records/549300GIU2ICLREM0K76/direct-parent-reporting-exception","https://api.gleif.org/api/v1/lei-records/549300GIU2ICLREM0K76/ultimate-parent-reporting-exception","https://api.gleif.org/api/v1/lei-records/549300GIU2ICLREM0K76/fund-manager","https://api.gleif.org/api/v1/lei-records/549300GIU2ICLREM0K76/fund-manager-relationship",TRUE,NA,NA,NA,NA,NA,NA,NA,NA,NA,NA,NA,NA,"https://api.gleif.org/api/v1/lei-records/549300GIU2ICLREM0K76/umbrella-fund","https://api.gleif.org/api/v1/lei-records/549300GIU2ICLREM0K76/umbrella-fund-relationship",NA,NA,NA,NA,NA,NA,NA,NA,NA,NA,NA,NA,NA,NA,NA,NA,NA,NA,NA,NA,NA,NA,NA,NA,NA,NA,NA,NA,NA,NA,NA,NA,NA,NA,NA,NA,NA,NA,NA,NA,NA,NA,NA,NA,NA,NA,NA,NA,NA,NA,NA,NA,NA,NA,NA,NA,NA,NA,NA,NA,NA,NA,NA,NA,NA,NA,NA,NA,NA,NA,NA,NA,NA,NA,NA,NA,NA,NA,NA,NA,NA,NA,NA,NA,NA,NA,NA,NA,NA,NA,NA,NA,NA,NA,NA,NA,NA,NA,NA,NA,NA,NA,NA,NA,NA,NA,NA,NA,NA,NA,NA,NA,NA,NA,NA,NA,NA,NA,NA,NA,NA,NA,NA,NA,NA,NA,NA,NA,NA,NA,NA,NA,NA,NA,NA,NA,NA,NA,NA,NA,NA,NA,NA,NA,NA,NA,NA,NA,NA,NA,NA,NA,NA,NA,NA,NA,NA,NA,NA,NA,NA,NA,NA,NA,NA,NA,NA,NA,NA,NA,NA,NA,NA,NA,NA,NA,NA,NA,NA,NA,NA,NA,NA,NA,NA,NA,NA,NA,NA,NA,NA,NA,NA,NA,NA,NA,NA,NA,NA,NA,NA,NA,NA,NA,NA,NA,NA,NA,NA,NA,NA,NA,NA,NA,NA,NA,NA,NA,NA,NA,NA,NA,NA,NA,NA,NA,NA,NA,NA,NA,NA,NA,NA,NA,NA,NA,NA,NA,NA,NA,"iShares Currency Hedged MSCI ACWI ex U.S. ETF","ETF"
"118","549300H3ZR8M6WBK8720","549300H3ZR8M6WBK8720",200,"549300H3ZR8M6WBK8720","iShares Global Equity Factor ETF","en",NA,NA,"en","c/o THE CORPORATION TRUST COMPANY, CORPORATION TRUST CENTER, 1209 ORANGE ST",NA,NA,NA,"WILMINGTON","US-DE","US","19801","en","c/o BLACKROCK FUND ADVISORS, c/o TERRI SLANE, 400 Howard Street",NA,NA,"c/o BLACKROCK FUND ADVISORS","San Francisco","US-CA","US","94105","RA000665",NA,"S000048622","US-DE","FUND","4FSX",NA,NA,NA,"ACTIVE",NA,NA,NA,NA,NA,2015-04-27 22:00:00,NA,NA,NA,2015-11-06 02:05:00,2025-11-24 13:25:05,"ISSUED",2027-01-12 10:25:44,"5299000J2N45DDNE4Y28","FULLY_CORROBORATED","RA000665",NA,"S000048622",NA,NA,NA,NA,NA,282866890,"CONFORMING","https://api.gleif.org/api/v1/lei-records/549300H3ZR8M6WBK8720/managing-lou","https://api.gleif.org/api/v1/lei-records/549300H3ZR8M6WBK8720/lei-issuer","https://api.gleif.org/api/v1/lei-records/549300H3ZR8M6WBK8720/field-modifications","https://api.gleif.org/api/v1/lei-records/549300H3ZR8M6WBK8720/direct-parent-reporting-exception","https://api.gleif.org/api/v1/lei-records/549300H3ZR8M6WBK8720/ultimate-parent-reporting-exception","https://api.gleif.org/api/v1/lei-records/549300H3ZR8M6WBK8720/fund-manager","https://api.gleif.org/api/v1/lei-records/549300H3ZR8M6WBK8720/fund-manager-relationship",TRUE,NA,"iShares MSCI Global Multifactor ETF","en","PREVIOUS_LEGAL_NAME",NA,NA,"STANDALONE","SUPPORTING_DOCUMENTS",2025-11-23 23:00:00,2025-11-24 13:25:05,"CHANGE_HQ_ADDRESS","COMPLETED","https://api.gleif.org/api/v1/lei-records/549300H3ZR8M6WBK8720/umbrella-fund","https://api.gleif.org/api/v1/lei-records/549300H3ZR8M6WBK8720/umbrella-fund-relationship",NA,NA,NA,NA,NA,NA,NA,"STANDALONE","SUPPORTING_DOCUMENTS",2023-02-28 23:00:00,2023-03-01 15:08:16,"CHANGE_LEGAL_NAME","COMPLETED",NA,NA,NA,NA,NA,NA,NA,NA,NA,NA,NA,NA,NA,NA,NA,NA,NA,NA,NA,NA,NA,NA,NA,NA,NA,NA,NA,NA,NA,NA,NA,NA,NA,NA,NA,NA,NA,NA,NA,NA,NA,NA,NA,NA,NA,NA,NA,NA,NA,NA,NA,NA,NA,NA,NA,NA,NA,NA,NA,NA,NA,NA,NA,NA,NA,NA,NA,NA,NA,NA,NA,NA,NA,NA,NA,NA,NA,NA,NA,NA,NA,NA,NA,NA,NA,NA,NA,NA,NA,NA,NA,NA,NA,NA,NA,NA,NA,NA,NA,NA,NA,NA,NA,NA,NA,NA,NA,NA,NA,NA,NA,NA,NA,NA,NA,NA,NA,NA,NA,NA,NA,NA,NA,NA,NA,NA,NA,NA,NA,NA,NA,NA,NA,NA,NA,NA,NA,NA,NA,NA,NA,NA,NA,NA,NA,NA,NA,NA,NA,NA,NA,NA,NA,NA,NA,NA,NA,NA,NA,NA,NA,NA,NA,NA,NA,NA,NA,NA,NA,NA,NA,NA,NA,NA,NA,NA,NA,NA,NA,NA,NA,NA,NA,NA,NA,NA,NA,NA,NA,NA,NA,NA,NA,NA,NA,NA,NA,NA,NA,NA,NA,NA,NA,NA,NA,NA,NA,NA,NA,NA,NA,NA,NA,NA,NA,NA,NA,NA,NA,NA,NA,NA,NA,NA,NA,NA,NA,"iShares Edge MSCI Multifactor Global ETF","ETF"
"119","549300H58GWHDRBM0K71","549300H58GWHDRBM0K71",200,"549300H58GWHDRBM0K71","EQ/Quality Bond PLUS Portfolio","en",NA,NA,"en","c/o THE CORPORATION TRUST COMPANY, CORPORATION TRUST CENTER 1209 ORANGE ST",NA,NA,NA,"WILMINGTON","US-DE","US","19801","en","c/o EQUITABLE INVESTMENT MANAGEMENT GROUP, LLC, c/o CORPORATION SERVICE COMPANY, 251 LITTLE FALLS DRIVE",NA,NA,"c/o EQUITABLE INVESTMENT MANAGEMENT GROUP, LLC","WILMINGTON","US-DE","US","19808","RA000665",NA,"S000009055","US-DE","FUND","4FSX",NA,NA,NA,"ACTIVE",NA,NA,NA,NA,NA,2006-02-07 23:00:00,NA,NA,NA,2012-12-12 15:58:00,2026-01-16 07:56:28,"ISSUED",2027-01-16 07:56:28,"5299000J2N45DDNE4Y28","FULLY_CORROBORATED","RA000665",NA,"S000009055",NA,NA,NA,NA,NA,58765239,"CONFORMING","https://api.gleif.org/api/v1/lei-records/549300H58GWHDRBM0K71/managing-lou","https://api.gleif.org/api/v1/lei-records/549300H58GWHDRBM0K71/lei-issuer","https://api.gleif.org/api/v1/lei-records/549300H58GWHDRBM0K71/field-modifications","https://api.gleif.org/api/v1/lei-records/549300H58GWHDRBM0K71/direct-parent-reporting-exception","https://api.gleif.org/api/v1/lei-records/549300H58GWHDRBM0K71/ultimate-parent-reporting-exception","https://api.gleif.org/api/v1/lei-records/549300H58GWHDRBM0K71/fund-manager","https://api.gleif.org/api/v1/lei-records/549300H58GWHDRBM0K71/fund-manager-relationship",TRUE,NA,NA,NA,NA,NA,NA,NA,NA,NA,NA,NA,NA,"https://api.gleif.org/api/v1/lei-records/549300H58GWHDRBM0K71/umbrella-fund","https://api.gleif.org/api/v1/lei-records/549300H58GWHDRBM0K71/umbrella-fund-relationship",NA,NA,NA,NA,NA,NA,NA,NA,NA,NA,NA,NA,NA,NA,NA,NA,NA,NA,NA,NA,NA,NA,NA,NA,NA,NA,NA,NA,NA,NA,NA,NA,NA,NA,NA,NA,NA,NA,NA,NA,NA,NA,NA,NA,NA,NA,NA,NA,NA,NA,NA,NA,NA,NA,NA,NA,NA,NA,NA,NA,NA,NA,NA,NA,NA,NA,NA,NA,NA,NA,NA,NA,NA,NA,NA,NA,NA,NA,NA,NA,NA,NA,NA,NA,NA,NA,NA,NA,NA,NA,NA,NA,NA,NA,NA,NA,NA,NA,NA,NA,NA,NA,NA,NA,NA,NA,NA,NA,NA,NA,NA,NA,NA,NA,NA,NA,NA,NA,NA,NA,NA,NA,NA,NA,NA,NA,NA,NA,NA,NA,NA,NA,NA,NA,NA,NA,NA,NA,NA,NA,NA,NA,NA,NA,NA,NA,NA,NA,NA,NA,NA,NA,NA,NA,NA,NA,NA,NA,NA,NA,NA,NA,NA,NA,NA,NA,NA,NA,NA,NA,NA,NA,NA,NA,NA,NA,NA,NA,NA,NA,NA,NA,NA,NA,NA,NA,NA,NA,NA,NA,NA,NA,NA,NA,NA,NA,NA,NA,NA,NA,NA,NA,NA,NA,NA,NA,NA,NA,NA,NA,NA,NA,NA,NA,NA,NA,NA,NA,NA,NA,NA,NA,NA,NA,NA,NA,NA,NA,NA,NA,NA,NA,NA,NA,NA,NA,NA,NA,NA,NA,"EQ/Quality Bond PLUS Portfolio","Open-End Mutual Fund"
"120","549300H6U6518MSWEQ81","549300H6U6518MSWEQ81",200,"549300H6U6518MSWEQ81","Vanguard Global Wellesley Income Fund","en",NA,NA,"en","c/o CORPORATION SERVICE COMPANY, 251 LITTLE FALLS DRIVE",NA,NA,NA,"WILMINGTON","US-DE","US","19808","en","c/o THE VANGUARD GROUP, INC., 100 VANGUARD BLVD",NA,NA,"c/o THE VANGUARD GROUP, INC.","MALVERN","US-PA","US","19355","RA000665",NA,"S000059218","US-DE","FUND","4FSX",NA,NA,NA,"ACTIVE",NA,NA,NA,NA,NA,2017-07-25 22:00:00,NA,NA,NA,2017-08-10 02:03:00,2025-05-12 10:12:44,"ISSUED",2026-06-24 10:41:44,"5299000J2N45DDNE4Y28","FULLY_CORROBORATED","RA000665",NA,"S000059218",NA,NA,NA,NA,NA,533662707,"CONFORMING","https://api.gleif.org/api/v1/lei-records/549300H6U6518MSWEQ81/managing-lou","https://api.gleif.org/api/v1/lei-records/549300H6U6518MSWEQ81/lei-issuer","https://api.gleif.org/api/v1/lei-records/549300H6U6518MSWEQ81/field-modifications","https://api.gleif.org/api/v1/lei-records/549300H6U6518MSWEQ81/direct-parent-reporting-exception","https://api.gleif.org/api/v1/lei-records/549300H6U6518MSWEQ81/ultimate-parent-reporting-exception","https://api.gleif.org/api/v1/lei-records/549300H6U6518MSWEQ81/fund-manager","https://api.gleif.org/api/v1/lei-records/549300H6U6518MSWEQ81/fund-manager-relationship",TRUE,NA,NA,NA,NA,NA,NA,NA,NA,NA,NA,NA,NA,"https://api.gleif.org/api/v1/lei-records/549300H6U6518MSWEQ81/umbrella-fund","https://api.gleif.org/api/v1/lei-records/549300H6U6518MSWEQ81/umbrella-fund-relationship",NA,NA,NA,NA,NA,NA,NA,NA,NA,NA,NA,NA,NA,NA,NA,NA,NA,NA,NA,NA,NA,NA,NA,NA,NA,NA,NA,NA,NA,NA,NA,NA,NA,NA,NA,NA,NA,NA,NA,NA,NA,NA,NA,NA,NA,NA,NA,NA,NA,NA,NA,NA,NA,NA,NA,NA,NA,NA,NA,NA,NA,NA,NA,NA,NA,NA,NA,NA,NA,NA,NA,NA,NA,NA,NA,NA,NA,NA,NA,NA,NA,NA,NA,NA,NA,NA,NA,NA,NA,NA,NA,NA,NA,NA,NA,NA,NA,NA,NA,NA,NA,NA,NA,NA,NA,NA,NA,NA,NA,NA,NA,NA,NA,NA,NA,NA,NA,NA,NA,NA,NA,NA,NA,NA,NA,NA,NA,NA,NA,NA,NA,NA,NA,NA,NA,NA,NA,NA,NA,NA,NA,NA,NA,NA,NA,NA,NA,NA,NA,NA,NA,NA,NA,NA,NA,NA,NA,NA,NA,NA,NA,NA,NA,NA,NA,NA,NA,NA,NA,NA,NA,NA,NA,NA,NA,NA,NA,NA,NA,NA,NA,NA,NA,NA,NA,NA,NA,NA,NA,NA,NA,NA,NA,NA,NA,NA,NA,NA,NA,NA,NA,NA,NA,NA,NA,NA,NA,NA,NA,NA,NA,NA,NA,NA,NA,NA,NA,NA,NA,NA,NA,NA,NA,NA,NA,NA,NA,NA,NA,NA,NA,NA,NA,NA,NA,NA,NA,NA,NA,NA,"VANGUARD GLOBAL WELLESLEY INCOME FUND","Open-End Mutual Fund"
"121","549300HDLJYKTU171023","549300HDLJYKTU171023",200,"549300HDLJYKTU171023","Calvert Flexible Bond Fund","en",NA,NA,"en","C/O C T CORPORATION SYSTEM",NA,NA,NA,"BOSTON","US-MA","US","02110","en","C/O Calvert Research And Management",NA,NA,NA,"Washington","US-DC","US","20036","RA000665",NA,"S000046839","US","FUND","8888","FUND",NA,NA,"ACTIVE",NA,NA,NA,NA,NA,2014-08-03 00:00:00,NA,NA,NA,2014-08-05 01:32:00,2025-06-16 11:34:50,"ISSUED",2026-07-05 14:42:01,"5493001KJTIIGC8Y1R12","FULLY_CORROBORATED","RA000665",NA,"S000046839",NA,NA,NA,NA,NA,269463323,"CONFORMING","https://api.gleif.org/api/v1/lei-records/549300HDLJYKTU171023/managing-lou","https://api.gleif.org/api/v1/lei-records/549300HDLJYKTU171023/lei-issuer","https://api.gleif.org/api/v1/lei-records/549300HDLJYKTU171023/field-modifications","https://api.gleif.org/api/v1/lei-records/549300HDLJYKTU171023/direct-parent-reporting-exception","https://api.gleif.org/api/v1/lei-records/549300HDLJYKTU171023/ultimate-parent-reporting-exception","https://api.gleif.org/api/v1/lei-records/549300HDLJYKTU171023/fund-manager","https://api.gleif.org/api/v1/lei-records/549300HDLJYKTU171023/fund-manager-relationship",TRUE,NA,"Calvert Management Series - Calvert Absolute Return Bond Fund","en","PREVIOUS_LEGAL_NAME","155 FEDERAL STREET","2050 M Street",NA,NA,NA,NA,NA,NA,"https://api.gleif.org/api/v1/lei-records/549300HDLJYKTU171023/umbrella-fund","https://api.gleif.org/api/v1/lei-records/549300HDLJYKTU171023/umbrella-fund-relationship","Suite 200",NA,NA,NA,NA,NA,"SUITE 700",NA,NA,NA,NA,NA,NA,"https://api.gleif.org/api/v1/lei-records/549300HDLJYKTU171023/isins",NA,NA,NA,NA,NA,NA,NA,NA,NA,NA,NA,NA,NA,NA,NA,NA,NA,NA,NA,NA,NA,NA,NA,NA,NA,NA,NA,NA,NA,NA,NA,NA,NA,NA,NA,NA,NA,NA,NA,NA,NA,NA,NA,NA,NA,NA,NA,NA,NA,NA,NA,NA,NA,NA,NA,NA,NA,NA,NA,NA,NA,NA,NA,NA,NA,NA,NA,NA,NA,NA,NA,NA,NA,NA,NA,NA,NA,NA,NA,NA,NA,NA,NA,NA,NA,NA,NA,NA,NA,NA,NA,NA,NA,NA,NA,NA,NA,NA,NA,NA,NA,NA,NA,NA,NA,NA,NA,NA,NA,NA,NA,NA,NA,NA,NA,NA,NA,NA,NA,NA,NA,NA,NA,NA,NA,NA,NA,NA,NA,NA,NA,NA,NA,NA,NA,NA,NA,NA,NA,NA,NA,NA,NA,NA,NA,NA,NA,NA,NA,NA,NA,NA,NA,NA,NA,NA,NA,NA,NA,NA,NA,NA,NA,NA,NA,NA,NA,NA,NA,NA,NA,NA,NA,NA,NA,NA,NA,NA,NA,NA,NA,NA,NA,NA,NA,NA,NA,NA,NA,NA,NA,NA,NA,NA,NA,NA,NA,NA,NA,NA,NA,NA,NA,NA,NA,NA,NA,NA,NA,NA,NA,NA,NA,NA,NA,NA,NA,NA,NA,NA,NA,NA,NA,NA,NA,NA,"Calvert Absolute Return Bond Fund","Open-End Mutual Fund"
"122","549300I4GMXITV5Z9O32","549300I4GMXITV5Z9O32",200,"549300I4GMXITV5Z9O32","Neuberger Berman Emerging Markets Debt Fund","en",NA,NA,"en","C/O CORPORATION SERVICE COMPANY",NA,NA,NA,"WILMINGTON","US-DE","US","19808","en","C/O NEUBERGER BERMAN INVESTMENT ADVISERS LLC",NA,NA,NA,"WILMINGTON","US-DE","US","19808","RA000665",NA,"S000041689","US","FUND","8888","FUND",NA,NA,"ACTIVE",NA,NA,NA,NA,NA,2013-08-11 00:00:00,NA,NA,NA,2013-08-13 20:27:00,2026-03-20 17:57:56,"ISSUED",2027-03-30 00:00:00,"5493001KJTIIGC8Y1R12","FULLY_CORROBORATED","RA000665",NA,"S000041689",NA,NA,NA,NA,NA,247628057,"CONFORMING","https://api.gleif.org/api/v1/lei-records/549300I4GMXITV5Z9O32/managing-lou","https://api.gleif.org/api/v1/lei-records/549300I4GMXITV5Z9O32/lei-issuer","https://api.gleif.org/api/v1/lei-records/549300I4GMXITV5Z9O32/field-modifications","https://api.gleif.org/api/v1/lei-records/549300I4GMXITV5Z9O32/direct-parent-reporting-exception","https://api.gleif.org/api/v1/lei-records/549300I4GMXITV5Z9O32/ultimate-parent-reporting-exception","https://api.gleif.org/api/v1/lei-records/549300I4GMXITV5Z9O32/fund-manager","https://api.gleif.org/api/v1/lei-records/549300I4GMXITV5Z9O32/fund-manager-relationship",TRUE,NA,NA,NA,NA,"251 LITTLE FALLS DRIVE","251 LITTLE FALLS DRIVE",NA,NA,NA,NA,NA,NA,"https://api.gleif.org/api/v1/lei-records/549300I4GMXITV5Z9O32/umbrella-fund","https://api.gleif.org/api/v1/lei-records/549300I4GMXITV5Z9O32/umbrella-fund-relationship",NA,NA,NA,NA,NA,NA,NA,NA,NA,NA,NA,NA,NA,NA,NA,NA,NA,NA,NA,NA,NA,NA,NA,NA,NA,NA,NA,NA,NA,NA,NA,NA,NA,NA,NA,NA,NA,NA,NA,NA,NA,NA,NA,NA,NA,NA,NA,NA,NA,NA,NA,NA,NA,NA,NA,NA,NA,NA,NA,NA,NA,NA,NA,NA,NA,NA,NA,NA,NA,NA,NA,NA,NA,NA,NA,NA,NA,NA,NA,NA,NA,NA,NA,NA,NA,NA,NA,NA,NA,NA,NA,NA,NA,NA,NA,NA,NA,NA,NA,NA,NA,NA,NA,NA,NA,NA,NA,NA,NA,NA,NA,NA,NA,NA,NA,NA,NA,NA,NA,NA,NA,NA,NA,NA,NA,NA,NA,NA,NA,NA,NA,NA,NA,NA,NA,NA,NA,NA,NA,NA,NA,NA,NA,NA,NA,NA,NA,NA,NA,NA,NA,NA,NA,NA,NA,NA,NA,NA,NA,NA,NA,NA,NA,NA,NA,NA,NA,NA,NA,NA,NA,NA,NA,NA,NA,NA,NA,NA,NA,NA,NA,NA,NA,NA,NA,NA,NA,NA,NA,NA,NA,NA,NA,NA,NA,NA,NA,NA,NA,NA,NA,NA,NA,NA,NA,NA,NA,NA,NA,NA,NA,NA,NA,NA,NA,NA,NA,NA,NA,NA,NA,NA,NA,NA,NA,NA,NA,NA,NA,NA,NA,NA,NA,NA,NA,NA,NA,NA,NA,NA,"Neuberger Berman Emerging Markets Debt Fund","Open-End Mutual Fund"
"123","549300I7S7MKIDNQLO87","549300I7S7MKIDNQLO87",200,"549300I7S7MKIDNQLO87","John Hancock Seaport Long/Short Fund","en",NA,NA,"en","601 CONGRESS ST.",NA,NA,NA,"Boston","US-MA","US","02210","en","C/O JOHN HANCOCK INVESTMENT MANAGEMENT LLC",NA,NA,NA,"WILMINGTON","US-DE","US","19808","RA000665",NA,"S000043449","US","FUND","8888","FUND",NA,NA,"ACTIVE",NA,NA,NA,NA,NA,2013-12-12 00:00:00,NA,NA,NA,2013-12-13 03:15:00,2025-10-27 14:25:56,"LAPSED",2025-10-25 00:00:00,"5493001KJTIIGC8Y1R12","FULLY_CORROBORATED","RA000665",NA,"S000043449",NA,NA,NA,NA,NA,248602069,"NON_CONFORMING","https://api.gleif.org/api/v1/lei-records/549300I7S7MKIDNQLO87/managing-lou","https://api.gleif.org/api/v1/lei-records/549300I7S7MKIDNQLO87/lei-issuer","https://api.gleif.org/api/v1/lei-records/549300I7S7MKIDNQLO87/field-modifications","https://api.gleif.org/api/v1/lei-records/549300I7S7MKIDNQLO87/direct-parent-reporting-exception","https://api.gleif.org/api/v1/lei-records/549300I7S7MKIDNQLO87/ultimate-parent-reporting-exception","https://api.gleif.org/api/v1/lei-records/549300I7S7MKIDNQLO87/fund-manager","https://api.gleif.org/api/v1/lei-records/549300I7S7MKIDNQLO87/fund-manager-relationship",TRUE,NA,"JOHN HANCOCK INVESTMENT TRUST- John Hancock Seaport Fund","en","PREVIOUS_LEGAL_NAME",NA,"251 LITTLE FALLS DRIVE",NA,NA,NA,NA,NA,NA,"https://api.gleif.org/api/v1/lei-records/549300I7S7MKIDNQLO87/umbrella-fund","https://api.gleif.org/api/v1/lei-records/549300I7S7MKIDNQLO87/umbrella-fund-relationship",NA,NA,NA,NA,NA,NA,NA,NA,NA,NA,NA,NA,NA,NA,NA,NA,NA,NA,NA,NA,NA,NA,NA,NA,NA,NA,NA,NA,NA,NA,NA,NA,NA,NA,NA,NA,NA,NA,NA,NA,NA,NA,NA,NA,NA,NA,NA,NA,NA,NA,NA,NA,NA,NA,NA,NA,NA,NA,NA,NA,NA,NA,NA,NA,NA,NA,NA,NA,NA,NA,NA,NA,NA,NA,NA,NA,NA,NA,NA,NA,NA,NA,NA,NA,NA,NA,NA,NA,NA,NA,NA,NA,NA,NA,NA,NA,NA,NA,NA,NA,NA,NA,NA,NA,NA,NA,NA,NA,NA,NA,NA,NA,NA,NA,NA,NA,NA,NA,NA,NA,NA,NA,NA,NA,NA,NA,NA,NA,NA,NA,NA,NA,NA,NA,NA,NA,NA,NA,NA,NA,NA,NA,NA,NA,NA,NA,NA,NA,NA,NA,NA,NA,NA,NA,NA,NA,NA,NA,NA,NA,NA,NA,NA,NA,NA,NA,NA,NA,NA,NA,NA,NA,NA,NA,NA,NA,NA,NA,NA,NA,NA,NA,NA,NA,NA,NA,NA,NA,NA,NA,NA,NA,NA,NA,NA,NA,NA,NA,NA,NA,NA,NA,NA,NA,NA,NA,NA,NA,NA,NA,NA,NA,NA,NA,NA,NA,NA,NA,NA,NA,NA,NA,NA,NA,NA,NA,NA,NA,NA,NA,NA,NA,NA,NA,NA,NA,NA,NA,NA,NA,"Seaport Long/Short Fund","Open-End Mutual Fund"
"124","549300IP3KXY463OLM11","549300IP3KXY463OLM11",200,"549300IP3KXY463OLM11","Mercer Opportunistic Fixed Income Fund","en",NA,NA,"en","C/O CORPORATION SERVICE COMPANY",NA,NA,NA,"WILMINGTON","US-DE","US","19808","en","C/O MERCER INVESTMENTS LLC",NA,NA,NA,"WILMINGTON","US-DE","US","19801","RA000665",NA,"S000041478","US","FUND","8888","FUND",NA,NA,"ACTIVE",NA,NA,NA,NA,NA,2013-07-17 12:00:00,NA,NA,NA,2013-07-18 15:08:00,2025-06-25 12:07:46,"ISSUED",2026-07-12 00:00:00,"5493001KJTIIGC8Y1R12","FULLY_CORROBORATED","RA000665",NA,"S000041478",NA,NA,NA,NA,NA,243338242,"CONFORMING","https://api.gleif.org/api/v1/lei-records/549300IP3KXY463OLM11/managing-lou","https://api.gleif.org/api/v1/lei-records/549300IP3KXY463OLM11/lei-issuer","https://api.gleif.org/api/v1/lei-records/549300IP3KXY463OLM11/field-modifications","https://api.gleif.org/api/v1/lei-records/549300IP3KXY463OLM11/direct-parent-reporting-exception","https://api.gleif.org/api/v1/lei-records/549300IP3KXY463OLM11/ultimate-parent-reporting-exception","https://api.gleif.org/api/v1/lei-records/549300IP3KXY463OLM11/fund-manager","https://api.gleif.org/api/v1/lei-records/549300IP3KXY463OLM11/fund-manager-relationship",TRUE,NA,NA,NA,NA,"251 LITTLE FALLS DRIVE","CORPORATION TRUST CENTER",NA,NA,NA,NA,NA,NA,"https://api.gleif.org/api/v1/lei-records/549300IP3KXY463OLM11/umbrella-fund","https://api.gleif.org/api/v1/lei-records/549300IP3KXY463OLM11/umbrella-fund-relationship","1209 ORANGE ST",NA,NA,NA,NA,NA,NA,NA,NA,NA,NA,NA,NA,NA,NA,NA,NA,NA,NA,NA,NA,NA,NA,NA,NA,NA,NA,NA,NA,NA,NA,NA,NA,NA,NA,NA,NA,NA,NA,NA,NA,NA,NA,NA,NA,NA,NA,NA,NA,NA,NA,NA,NA,NA,NA,NA,NA,NA,NA,NA,NA,NA,NA,NA,NA,NA,NA,NA,NA,NA,NA,NA,NA,NA,NA,NA,NA,NA,NA,NA,NA,NA,NA,NA,NA,NA,NA,NA,NA,NA,NA,NA,NA,NA,NA,NA,NA,NA,NA,NA,NA,NA,NA,NA,NA,NA,NA,NA,NA,NA,NA,NA,NA,NA,NA,NA,NA,NA,NA,NA,NA,NA,NA,NA,NA,NA,NA,NA,NA,NA,NA,NA,NA,NA,NA,NA,NA,NA,NA,NA,NA,NA,NA,NA,NA,NA,NA,NA,NA,NA,NA,NA,NA,NA,NA,NA,NA,NA,NA,NA,NA,NA,NA,NA,NA,NA,NA,NA,NA,NA,NA,NA,NA,NA,NA,NA,NA,NA,NA,NA,NA,NA,NA,NA,NA,NA,NA,NA,NA,NA,NA,NA,NA,NA,NA,NA,NA,NA,NA,NA,NA,NA,NA,NA,NA,NA,NA,NA,NA,NA,NA,NA,NA,NA,NA,NA,NA,NA,NA,NA,NA,NA,NA,NA,NA,NA,NA,NA,NA,NA,NA,NA,NA,NA,NA,NA,NA,NA,NA,NA,"Mercer Opportunistic Fixed Income Fund","Open-End Mutual Fund"
"125","549300IRP9FC537A2627","549300IRP9FC537A2627",200,"549300IRP9FC537A2627","Ashmore Emerging Markets Local Currency Bond Fund","en",NA,NA,"en","C/O CORPORATION SERVICE COMPANY",NA,NA,NA,"BOSTON","US-MA","US","02109","en","C/O Ashmore Investment Advisors Limited",NA,NA,NA,"London",NA,"GB","SW1E 5JD","RA000665",NA,"S000030388","US","FUND","8888","SUB FUND",NA,NA,"ACTIVE",NA,NA,NA,NA,NA,2010-02-25 00:00:00,NA,NA,NA,2012-12-18 12:55:00,2026-04-01 05:07:22,"ISSUED",2026-12-16 18:01:00,"5493001KJTIIGC8Y1R12","FULLY_CORROBORATED","RA000665",NA,"S000030388",NA,NA,NA,NA,NA,141383060,"CONFORMING","https://api.gleif.org/api/v1/lei-records/549300IRP9FC537A2627/managing-lou","https://api.gleif.org/api/v1/lei-records/549300IRP9FC537A2627/lei-issuer","https://api.gleif.org/api/v1/lei-records/549300IRP9FC537A2627/field-modifications","https://api.gleif.org/api/v1/lei-records/549300IRP9FC537A2627/direct-parent-reporting-exception","https://api.gleif.org/api/v1/lei-records/549300IRP9FC537A2627/ultimate-parent-reporting-exception","https://api.gleif.org/api/v1/lei-records/549300IRP9FC537A2627/fund-manager","https://api.gleif.org/api/v1/lei-records/549300IRP9FC537A2627/fund-manager-relationship",TRUE,NA,"Ashmore Funds - Ashmore Emerging Markets Local Currency Bond Fund","en","PREVIOUS_LEGAL_NAME","84 STATE STREET","16, Palace Street","STANDALONE","REGULATORY_FILING",2026-03-19 00:00:00,2026-03-31 16:12:26,"CHANGE_HQ_ADDRESS","COMPLETED","https://api.gleif.org/api/v1/lei-records/549300IRP9FC537A2627/umbrella-fund","https://api.gleif.org/api/v1/lei-records/549300IRP9FC537A2627/umbrella-fund-relationship",NA,NA,"2026.03.19 - Companies House - Change of Registered Address - AshmorePLC.pdf",NA,NA,NA,NA,NA,NA,NA,NA,NA,NA,NA,NA,NA,NA,NA,NA,NA,NA,NA,NA,NA,NA,NA,NA,NA,NA,NA,NA,NA,NA,NA,NA,NA,NA,NA,NA,NA,NA,NA,NA,NA,NA,NA,NA,NA,NA,NA,NA,NA,NA,NA,NA,NA,NA,NA,NA,NA,NA,NA,NA,NA,NA,NA,NA,NA,NA,NA,NA,NA,NA,NA,NA,NA,NA,NA,NA,NA,NA,NA,NA,NA,NA,NA,NA,NA,NA,NA,NA,NA,NA,NA,NA,NA,NA,NA,NA,NA,NA,NA,NA,NA,NA,NA,NA,NA,NA,NA,NA,NA,NA,NA,NA,NA,NA,NA,NA,NA,NA,NA,NA,NA,NA,NA,NA,NA,NA,NA,NA,NA,NA,NA,NA,NA,NA,NA,NA,NA,NA,NA,NA,NA,NA,NA,NA,NA,NA,NA,NA,NA,NA,NA,NA,NA,NA,NA,NA,NA,NA,NA,NA,NA,NA,NA,NA,NA,NA,NA,NA,NA,NA,NA,NA,NA,NA,NA,NA,NA,NA,NA,NA,NA,NA,NA,NA,NA,NA,NA,NA,NA,NA,NA,NA,NA,NA,NA,NA,NA,NA,NA,NA,NA,NA,NA,NA,NA,NA,NA,NA,NA,NA,NA,NA,NA,NA,NA,NA,NA,NA,NA,NA,NA,NA,NA,NA,NA,NA,NA,NA,NA,NA,NA,NA,NA,NA,NA,NA,NA,"Ashmore Emerging Markets Local Currency Bond Fund","Open-End Mutual Fund"
"126","549300J666ZH67203572","549300J666ZH67203572",200,"549300J666ZH67203572","ABRDN ASIA-PACIFIC INCOME FUND, INC.","en",NA,NA,"en","C/O CSC-LAWYERS INCORPORATING SERVICE COMPANY",NA,NA,NA,"BALTIMORE","US-MD","US","21202","en","SUITE 200",NA,NA,NA,"PHILADELPHIA","US-PA","US","19103","RA000614",NA,"D02095347","US-MD","GENERAL","HLR4",NA,NA,NA,"ACTIVE",NA,NA,NA,NA,NA,1986-03-14 00:00:00,NA,NA,NA,2012-12-05 18:22:00,2025-09-25 11:29:35,"ISSUED",2026-11-20 00:00:00,"213800WAVVOPS85N2205","FULLY_CORROBORATED","RA000614",NA,"D02095347",NA,NA,NA,"us_md/D02095347",NA,271545,"CONFORMING","https://api.gleif.org/api/v1/lei-records/549300J666ZH67203572/managing-lou","https://api.gleif.org/api/v1/lei-records/549300J666ZH67203572/lei-issuer","https://api.gleif.org/api/v1/lei-records/549300J666ZH67203572/field-modifications","https://api.gleif.org/api/v1/lei-records/549300J666ZH67203572/direct-parent-reporting-exception","https://api.gleif.org/api/v1/lei-records/549300J666ZH67203572/ultimate-parent-reporting-exception",NA,NA,TRUE,NA,"ABERDEEN ASIA-PACIFIC INCOME FUND, INC.","en","PREVIOUS_LEGAL_NAME","7 ST. PAUL STREET SUITE 820","1900 MARKET STREET","STANDALONE","ACCOUNTS_FILING",2022-06-14 00:00:00,2022-07-05 09:26:29,"CHANGE_LEGAL_NAME","COMPLETED",NA,NA,NA,NA,NA,NA,NA,NA,NA,NA,NA,NA,NA,NA,NA,"https://api.gleif.org/api/v1/lei-records/549300J666ZH67203572/isins",NA,NA,NA,NA,NA,NA,NA,NA,NA,NA,NA,NA,NA,NA,NA,NA,NA,NA,NA,NA,NA,NA,NA,NA,NA,NA,NA,NA,NA,NA,NA,NA,NA,NA,NA,NA,NA,NA,NA,NA,NA,NA,NA,NA,NA,NA,NA,NA,NA,NA,NA,NA,NA,NA,NA,NA,NA,NA,NA,NA,NA,NA,NA,NA,NA,NA,NA,NA,NA,NA,NA,NA,NA,NA,NA,NA,NA,NA,NA,NA,NA,NA,NA,NA,NA,NA,NA,NA,NA,NA,NA,NA,NA,NA,NA,NA,NA,NA,NA,NA,NA,NA,NA,NA,NA,NA,NA,NA,NA,NA,NA,NA,NA,NA,NA,NA,NA,NA,NA,NA,NA,NA,NA,NA,NA,NA,NA,NA,NA,NA,NA,NA,NA,NA,NA,NA,NA,NA,NA,NA,NA,NA,NA,NA,NA,NA,NA,NA,NA,NA,NA,NA,NA,NA,NA,NA,NA,NA,NA,NA,NA,NA,NA,NA,NA,NA,NA,NA,NA,NA,NA,NA,NA,NA,NA,NA,NA,NA,NA,NA,NA,NA,NA,NA,NA,NA,NA,NA,NA,NA,NA,NA,NA,NA,NA,NA,NA,NA,NA,NA,NA,NA,NA,NA,NA,NA,NA,NA,NA,NA,NA,NA,NA,NA,NA,NA,NA,NA,NA,NA,NA,NA,NA,NA,NA,NA,"ABERDEEN ASIA-PACIFIC INCOME FUND INC","Closed-End Fund"
"127","549300J7BX0YC0GM5Q87","549300J7BX0YC0GM5Q87",200,"549300J7BX0YC0GM5Q87","Neuberger Strategic Income Fund","en",NA,NA,"en","C/O CORPORATION SERVICE COMPANY",NA,NA,NA,"WILMINGTON","US-DE","US","19808","en","C/O NEUBERGER BERMAN INVESTMENT ADVISERS LLC",NA,NA,NA,"NEW YORK","US-NY","US","10104","RA000665",NA,"S000007834","US","FUND","8888","FUND",NA,NA,"ACTIVE",NA,NA,NA,NA,NA,1992-12-28 00:00:00,NA,NA,NA,2013-04-30 18:05:00,2026-02-26 19:26:55,"ISSUED",2027-01-28 17:48:00,"5493001KJTIIGC8Y1R12","FULLY_CORROBORATED","RA000665",NA,"S000007834",NA,NA,NA,NA,NA,28816950,"CONFORMING","https://api.gleif.org/api/v1/lei-records/549300J7BX0YC0GM5Q87/managing-lou","https://api.gleif.org/api/v1/lei-records/549300J7BX0YC0GM5Q87/lei-issuer","https://api.gleif.org/api/v1/lei-records/549300J7BX0YC0GM5Q87/field-modifications","https://api.gleif.org/api/v1/lei-records/549300J7BX0YC0GM5Q87/direct-parent-reporting-exception","https://api.gleif.org/api/v1/lei-records/549300J7BX0YC0GM5Q87/ultimate-parent-reporting-exception","https://api.gleif.org/api/v1/lei-records/549300J7BX0YC0GM5Q87/fund-manager","https://api.gleif.org/api/v1/lei-records/549300J7BX0YC0GM5Q87/fund-manager-relationship",TRUE,NA,"Neuberger Berman Strategic Income Fund","en","PREVIOUS_LEGAL_NAME","251 LITTLE FALLS DRIVE","1290 AVENUE OF THE AMERICAS","STANDALONE","SUPPORTING_DOCUMENTS",2025-10-09 00:00:00,2026-02-25 00:00:00,"CHANGE_LEGAL_NAME","COMPLETED","https://api.gleif.org/api/v1/lei-records/549300J7BX0YC0GM5Q87/umbrella-fund","https://api.gleif.org/api/v1/lei-records/549300J7BX0YC0GM5Q87/umbrella-fund-relationship",NA,NA,NA,NA,NA,NA,NA,NA,NA,NA,NA,NA,NA,NA,NA,NA,NA,NA,NA,NA,NA,NA,NA,NA,NA,NA,NA,NA,NA,NA,NA,NA,NA,NA,NA,NA,NA,NA,NA,NA,NA,NA,NA,NA,NA,NA,NA,NA,NA,NA,NA,NA,NA,NA,NA,NA,NA,NA,NA,NA,NA,NA,NA,NA,NA,NA,NA,NA,NA,NA,NA,NA,NA,NA,NA,NA,NA,NA,NA,NA,NA,NA,NA,NA,NA,NA,NA,NA,NA,NA,NA,NA,NA,NA,NA,NA,NA,NA,NA,NA,NA,NA,NA,NA,NA,NA,NA,NA,NA,NA,NA,NA,NA,NA,NA,NA,NA,NA,NA,NA,NA,NA,NA,NA,NA,NA,NA,NA,NA,NA,NA,NA,NA,NA,NA,NA,NA,NA,NA,NA,NA,NA,NA,NA,NA,NA,NA,NA,NA,NA,NA,NA,NA,NA,NA,NA,NA,NA,NA,NA,NA,NA,NA,NA,NA,NA,NA,NA,NA,NA,NA,NA,NA,NA,NA,NA,NA,NA,NA,NA,NA,NA,NA,NA,NA,NA,NA,NA,NA,NA,NA,NA,NA,NA,NA,NA,NA,NA,NA,NA,NA,NA,NA,NA,NA,NA,NA,NA,NA,NA,NA,NA,NA,NA,NA,NA,NA,NA,NA,NA,NA,NA,NA,NA,NA,NA,NA,NA,NA,NA,NA,NA,NA,NA,NA,NA,NA,NA,NA,NA,"Neuberger Berman Strategic Income Fund","Open-End Mutual Fund"
"128","549300JES9K0OUJ8F389","549300JES9K0OUJ8F389",200,"549300JES9K0OUJ8F389","iShares ESG Aware MSCI EM ETF","en",NA,NA,"en","c/o THE CORPORATION TRUST INCORPORATED, 2405 YORK ROAD, SUITE 201",NA,NA,NA,"LUTHERVILLE-TIMONIUM","US-MD","US","21093-2264","en","c/o BLACKROCK FUND ADVISORS, c/o TERRI SLANE, 400 HOWARD STREET",NA,NA,"c/o BLACKROCK FUND ADVISORS","SAN FRANCISCO","US-CA","US","94105","RA000665",NA,"S000054183","US-MD","FUND","8888","Trust",NA,NA,"ACTIVE",NA,NA,NA,NA,NA,2016-03-27 22:00:00,NA,NA,NA,2016-06-14 01:50:00,2025-11-07 14:33:46,"ISSUED",2026-12-15 10:30:13,"5299000J2N45DDNE4Y28","FULLY_CORROBORATED","RA000665",NA,"S000054183",NA,NA,NA,NA,NA,330375417,"CONFORMING","https://api.gleif.org/api/v1/lei-records/549300JES9K0OUJ8F389/managing-lou","https://api.gleif.org/api/v1/lei-records/549300JES9K0OUJ8F389/lei-issuer","https://api.gleif.org/api/v1/lei-records/549300JES9K0OUJ8F389/field-modifications","https://api.gleif.org/api/v1/lei-records/549300JES9K0OUJ8F389/direct-parent-reporting-exception","https://api.gleif.org/api/v1/lei-records/549300JES9K0OUJ8F389/ultimate-parent-reporting-exception","https://api.gleif.org/api/v1/lei-records/549300JES9K0OUJ8F389/fund-manager","https://api.gleif.org/api/v1/lei-records/549300JES9K0OUJ8F389/fund-manager-relationship",TRUE,NA,NA,NA,NA,NA,NA,"STANDALONE","SUPPORTING_DOCUMENTS",2023-02-09 23:00:00,2023-02-10 16:24:40,"CHANGE_HQ_ADDRESS","COMPLETED","https://api.gleif.org/api/v1/lei-records/549300JES9K0OUJ8F389/umbrella-fund","https://api.gleif.org/api/v1/lei-records/549300JES9K0OUJ8F389/umbrella-fund-relationship",NA,NA,NA,NA,NA,NA,NA,"STANDALONE","SUPPORTING_DOCUMENTS",2023-02-09 23:00:00,2023-02-10 16:24:40,"CHANGE_LEGAL_ADDRESS","COMPLETED",NA,NA,NA,NA,NA,NA,NA,NA,NA,NA,NA,NA,NA,NA,NA,NA,NA,NA,NA,NA,NA,NA,NA,NA,NA,NA,NA,NA,NA,NA,NA,NA,NA,NA,NA,NA,NA,NA,NA,NA,NA,NA,NA,NA,NA,NA,NA,NA,NA,NA,NA,NA,NA,NA,NA,NA,NA,NA,NA,NA,NA,NA,NA,NA,NA,NA,NA,NA,NA,NA,NA,NA,NA,NA,NA,NA,NA,NA,NA,NA,NA,NA,NA,NA,NA,NA,NA,NA,NA,NA,NA,NA,NA,NA,NA,NA,NA,NA,NA,NA,NA,NA,NA,NA,NA,NA,NA,NA,NA,NA,NA,NA,NA,NA,NA,NA,NA,NA,NA,NA,NA,NA,NA,NA,NA,NA,NA,NA,NA,NA,NA,NA,NA,NA,NA,NA,NA,NA,NA,NA,NA,NA,NA,NA,NA,NA,NA,NA,NA,NA,NA,NA,NA,NA,NA,NA,NA,NA,NA,NA,NA,NA,NA,NA,NA,NA,NA,NA,NA,NA,NA,NA,NA,NA,NA,NA,NA,NA,NA,NA,NA,NA,NA,NA,NA,NA,NA,NA,NA,NA,NA,NA,NA,NA,NA,NA,NA,NA,NA,NA,NA,NA,NA,NA,NA,NA,NA,NA,NA,NA,NA,NA,NA,NA,NA,NA,NA,NA,NA,NA,NA,NA,NA,NA,NA,NA,NA,"iShares MSCI EM ESG Optimized ETF","ETF"
"129","549300K7WFRTJHJBDK61","549300K7WFRTJHJBDK61",200,"549300K7WFRTJHJBDK61","iShares Frontier and Select EM ETF","en",NA,NA,"en","c/o THE CORPORATION TRUST INCORPORATED; 2405 YORK ROAD; SUITE 201",NA,NA,NA,"LUTHERVILLE TIMONIUM","US-MD","US","21093-2264","en","c/o BlackRock Fund Advisors, c/o TERRI SLANE 400 HOWARD STREET",NA,NA,"c/o BlackRock Fund Advisors","San Francisco","US-CA","US","94105","RA000665",NA,"S000036005","US-MD","FUND","8888","Trust",NA,NA,"ACTIVE",NA,NA,NA,NA,NA,2012-09-11 22:00:00,NA,NA,NA,2013-04-11 16:01:00,2025-11-10 12:36:03,"ISSUED",2026-12-15 10:52:09,"5299000J2N45DDNE4Y28","FULLY_CORROBORATED","RA000665",NA,"S000036005",NA,NA,NA,NA,NA,206594413,"CONFORMING","https://api.gleif.org/api/v1/lei-records/549300K7WFRTJHJBDK61/managing-lou","https://api.gleif.org/api/v1/lei-records/549300K7WFRTJHJBDK61/lei-issuer","https://api.gleif.org/api/v1/lei-records/549300K7WFRTJHJBDK61/field-modifications","https://api.gleif.org/api/v1/lei-records/549300K7WFRTJHJBDK61/direct-parent-reporting-exception","https://api.gleif.org/api/v1/lei-records/549300K7WFRTJHJBDK61/ultimate-parent-reporting-exception","https://api.gleif.org/api/v1/lei-records/549300K7WFRTJHJBDK61/fund-manager","https://api.gleif.org/api/v1/lei-records/549300K7WFRTJHJBDK61/fund-manager-relationship",TRUE,NA,"iShares MSCI Frontier and Select EM ETF","en","PREVIOUS_LEGAL_NAME",NA,NA,"STANDALONE","SUPPORTING_DOCUMENTS",2023-05-31 22:00:00,2023-06-01 08:38:32,"CHANGE_LEGAL_NAME","COMPLETED","https://api.gleif.org/api/v1/lei-records/549300K7WFRTJHJBDK61/umbrella-fund","https://api.gleif.org/api/v1/lei-records/549300K7WFRTJHJBDK61/umbrella-fund-relationship",NA,NA,NA,NA,NA,NA,NA,NA,NA,NA,NA,NA,NA,NA,NA,NA,NA,NA,NA,NA,NA,NA,NA,NA,NA,NA,NA,NA,NA,NA,NA,NA,NA,NA,NA,NA,NA,NA,NA,NA,NA,NA,NA,NA,NA,NA,NA,NA,NA,NA,NA,NA,NA,NA,NA,NA,NA,NA,NA,NA,NA,NA,NA,NA,NA,NA,NA,NA,NA,NA,NA,NA,NA,NA,NA,NA,NA,NA,NA,NA,NA,NA,NA,NA,NA,NA,NA,NA,NA,NA,NA,NA,NA,NA,NA,NA,NA,NA,NA,NA,NA,NA,NA,NA,NA,NA,NA,NA,NA,NA,NA,NA,NA,NA,NA,NA,NA,NA,NA,NA,NA,NA,NA,NA,NA,NA,NA,NA,NA,NA,NA,NA,NA,NA,NA,NA,NA,NA,NA,NA,NA,NA,NA,NA,NA,NA,NA,NA,NA,NA,NA,NA,NA,NA,NA,NA,NA,NA,NA,NA,NA,NA,NA,NA,NA,NA,NA,NA,NA,NA,NA,NA,NA,NA,NA,NA,NA,NA,NA,NA,NA,NA,NA,NA,NA,NA,NA,NA,NA,NA,NA,NA,NA,NA,NA,NA,NA,NA,NA,NA,NA,NA,NA,NA,NA,NA,NA,NA,NA,NA,NA,NA,NA,NA,NA,NA,NA,NA,NA,NA,NA,NA,NA,NA,NA,NA,NA,NA,NA,NA,NA,NA,NA,NA,NA,NA,NA,NA,NA,NA,"iShares MSCI Frontier 100 ETF","ETF"
"130","549300KM8H17EZ9KOC28","549300KM8H17EZ9KOC28",200,"549300KM8H17EZ9KOC28","Six Circles Credit Opportunities Fund","en",NA,NA,"en","c/o The Corporation Trust Company, CORPORATION TRUST CENTER 1209 ORANGE ST",NA,NA,NA,"Wilmington","US-DE","US","19801","en","c/o J.P. MORGAN PRIVATE INVESTMENTS INC., c/o THE CORPORATION TRUST COMPANY, CORPORATION TRUST CENTER 1209 ORANGE ST",NA,NA,"c/o J.P. MORGAN PRIVATE INVESTMENTS INC.","Wilmington","US-DE","US","19801","RA000665",NA,"S000068977","US-DE","FUND","4FSX",NA,NA,NA,"ACTIVE",NA,NA,NA,NA,NA,2020-04-30 22:00:00,NA,NA,NA,2020-05-19 14:32:00,2026-04-13 14:05:27,"ISSUED",2027-04-30 09:10:24,"5299000J2N45DDNE4Y28","FULLY_CORROBORATED","RA000665",NA,"S000068977",NA,NA,NA,NA,NA,667996174,"CONFORMING","https://api.gleif.org/api/v1/lei-records/549300KM8H17EZ9KOC28/managing-lou","https://api.gleif.org/api/v1/lei-records/549300KM8H17EZ9KOC28/lei-issuer","https://api.gleif.org/api/v1/lei-records/549300KM8H17EZ9KOC28/field-modifications","https://api.gleif.org/api/v1/lei-records/549300KM8H17EZ9KOC28/direct-parent-reporting-exception","https://api.gleif.org/api/v1/lei-records/549300KM8H17EZ9KOC28/ultimate-parent-reporting-exception","https://api.gleif.org/api/v1/lei-records/549300KM8H17EZ9KOC28/fund-manager","https://api.gleif.org/api/v1/lei-records/549300KM8H17EZ9KOC28/fund-manager-relationship",TRUE,NA,NA,NA,NA,NA,NA,"STANDALONE","SUPPORTING_DOCUMENTS",2026-04-12 22:00:00,2026-04-13 14:05:27,"CHANGE_LEGAL_FORM","COMPLETED","https://api.gleif.org/api/v1/lei-records/549300KM8H17EZ9KOC28/umbrella-fund","https://api.gleif.org/api/v1/lei-records/549300KM8H17EZ9KOC28/umbrella-fund-relationship",NA,NA,NA,NA,NA,NA,NA,"STANDALONE","SUPPORTING_DOCUMENTS",2026-04-12 22:00:00,2026-04-13 14:05:27,"CHANGE_HQ_ADDRESS","COMPLETED",NA,NA,NA,NA,NA,NA,NA,NA,NA,NA,NA,NA,NA,NA,NA,NA,NA,NA,NA,NA,NA,NA,NA,NA,NA,NA,NA,NA,NA,NA,NA,NA,NA,NA,NA,NA,NA,NA,NA,NA,NA,NA,NA,NA,NA,NA,NA,NA,NA,NA,NA,NA,NA,NA,NA,NA,NA,NA,NA,NA,NA,NA,NA,NA,NA,NA,NA,NA,NA,NA,NA,NA,NA,NA,NA,NA,NA,NA,NA,NA,NA,NA,NA,NA,NA,NA,NA,NA,NA,NA,NA,NA,NA,NA,NA,NA,NA,NA,NA,NA,NA,NA,NA,NA,NA,NA,NA,NA,NA,NA,NA,NA,NA,NA,NA,NA,NA,NA,NA,NA,NA,NA,NA,NA,NA,NA,NA,NA,NA,NA,NA,NA,NA,NA,NA,NA,NA,NA,NA,NA,NA,NA,NA,NA,NA,NA,NA,NA,NA,NA,NA,NA,NA,NA,NA,NA,NA,NA,NA,NA,NA,NA,NA,NA,NA,NA,NA,NA,NA,NA,NA,NA,NA,NA,NA,NA,NA,NA,NA,NA,NA,NA,NA,NA,NA,NA,NA,NA,NA,NA,NA,NA,NA,NA,NA,NA,NA,NA,NA,NA,NA,NA,NA,NA,NA,NA,NA,NA,NA,NA,NA,NA,NA,NA,NA,NA,NA,NA,NA,NA,NA,NA,NA,NA,NA,NA,NA,"Six Circles Credit Opportunities Fund","Open-End Mutual Fund"
"131","549300KQNYNNUS6TOH07","549300KQNYNNUS6TOH07",200,"549300KQNYNNUS6TOH07","PIMCO ESG Income Fund","en",NA,NA,"en","C/O C T CORPORATION SYSTEM",NA,NA,NA,"Boston","US-MA","US","02110","en","C/O Pacific Investment Management Company LLC",NA,NA,NA,"Newport Beach","US-CA","US","92660","RA000665",NA,"S000069193","US","FUND","8888","FUND",NA,NA,"ACTIVE",NA,NA,NA,NA,NA,2016-12-31 00:00:00,NA,NA,NA,2020-08-19 14:31:00,2025-12-11 21:20:02,"ISSUED",2026-12-23 21:56:21,"5493001KJTIIGC8Y1R12","FULLY_CORROBORATED","RA000665",NA,"S000069193",NA,NA,NA,NA,NA,677222316,"CONFORMING","https://api.gleif.org/api/v1/lei-records/549300KQNYNNUS6TOH07/managing-lou","https://api.gleif.org/api/v1/lei-records/549300KQNYNNUS6TOH07/lei-issuer","https://api.gleif.org/api/v1/lei-records/549300KQNYNNUS6TOH07/field-modifications","https://api.gleif.org/api/v1/lei-records/549300KQNYNNUS6TOH07/direct-parent-reporting-exception","https://api.gleif.org/api/v1/lei-records/549300KQNYNNUS6TOH07/ultimate-parent-reporting-exception","https://api.gleif.org/api/v1/lei-records/549300KQNYNNUS6TOH07/fund-manager","https://api.gleif.org/api/v1/lei-records/549300KQNYNNUS6TOH07/fund-manager-relationship",TRUE,NA,"PIMCO FUNDS - PIMCO ESG Income Fund","en","PREVIOUS_LEGAL_NAME","155 FEDERAL ST.","650 Newport Center Drive",NA,NA,NA,NA,NA,NA,"https://api.gleif.org/api/v1/lei-records/549300KQNYNNUS6TOH07/umbrella-fund","https://api.gleif.org/api/v1/lei-records/549300KQNYNNUS6TOH07/umbrella-fund-relationship",NA,NA,NA,NA,NA,NA,"SUITE 700",NA,NA,NA,NA,NA,NA,NA,NA,NA,NA,NA,NA,NA,NA,NA,NA,NA,NA,NA,NA,NA,NA,NA,NA,NA,NA,NA,NA,NA,NA,NA,NA,NA,NA,NA,NA,NA,NA,NA,NA,NA,NA,NA,NA,NA,NA,NA,NA,NA,NA,NA,NA,NA,NA,NA,NA,NA,NA,NA,NA,NA,NA,NA,NA,NA,NA,NA,NA,NA,NA,NA,NA,NA,NA,NA,NA,NA,NA,NA,NA,NA,NA,NA,NA,NA,NA,NA,NA,NA,NA,NA,NA,NA,NA,NA,NA,NA,NA,NA,NA,NA,NA,NA,NA,NA,NA,NA,NA,NA,NA,NA,NA,NA,NA,NA,NA,NA,NA,NA,NA,NA,NA,NA,NA,NA,NA,NA,NA,NA,NA,NA,NA,NA,NA,NA,NA,NA,NA,NA,NA,NA,NA,NA,NA,NA,NA,NA,NA,NA,NA,NA,NA,NA,NA,NA,NA,NA,NA,NA,NA,NA,NA,NA,NA,NA,NA,NA,NA,NA,NA,NA,NA,NA,NA,NA,NA,NA,NA,NA,NA,NA,NA,NA,NA,NA,NA,NA,NA,NA,NA,NA,NA,NA,NA,NA,NA,NA,NA,NA,NA,NA,NA,NA,NA,NA,NA,NA,NA,NA,NA,NA,NA,NA,NA,NA,NA,NA,NA,NA,NA,NA,NA,NA,NA,NA,NA,NA,NA,NA,NA,NA,NA,NA,"PIMCO ESG Income Fund","Open-End Mutual Fund"
"132","549300KZ2WFTI4GQ7M77","549300KZ2WFTI4GQ7M77",200,"549300KZ2WFTI4GQ7M77","iShares MSCI ACWI ETF","en",NA,NA,"en","c/o THE CORPORATION TRUST COMPANY; CORPORATION TRUST CENTER 1209 ORANGE ST",NA,NA,NA,"WILMINGTON","US-DE","US","19801","en","c/o BLACKROCK FUND ADVISORS, c/oTERRI SLANE; 400 HOWARD STREET",NA,NA,"c/o BLACKROCK FUND ADVISORS","San Francisco","US-CA","US","94105","RA000665",NA,"S000021461","US-DE","FUND","4FSX",NA,NA,NA,"ACTIVE",NA,NA,NA,NA,NA,2008-03-11 23:00:00,NA,NA,NA,2012-12-24 10:14:00,2025-10-31 09:01:48,"ISSUED",2026-12-01 13:46:36,"5299000J2N45DDNE4Y28","FULLY_CORROBORATED","RA000665",NA,"S000021461",NA,NA,NA,NA,NA,42958701,"CONFORMING","https://api.gleif.org/api/v1/lei-records/549300KZ2WFTI4GQ7M77/managing-lou","https://api.gleif.org/api/v1/lei-records/549300KZ2WFTI4GQ7M77/lei-issuer","https://api.gleif.org/api/v1/lei-records/549300KZ2WFTI4GQ7M77/field-modifications","https://api.gleif.org/api/v1/lei-records/549300KZ2WFTI4GQ7M77/direct-parent-reporting-exception","https://api.gleif.org/api/v1/lei-records/549300KZ2WFTI4GQ7M77/ultimate-parent-reporting-exception","https://api.gleif.org/api/v1/lei-records/549300KZ2WFTI4GQ7M77/fund-manager","https://api.gleif.org/api/v1/lei-records/549300KZ2WFTI4GQ7M77/fund-manager-relationship",TRUE,NA,NA,NA,NA,NA,NA,"STANDALONE","SUPPORTING_DOCUMENTS",2023-11-05 23:00:00,2023-11-06 10:23:29,"CHANGE_HQ_ADDRESS","COMPLETED","https://api.gleif.org/api/v1/lei-records/549300KZ2WFTI4GQ7M77/umbrella-fund","https://api.gleif.org/api/v1/lei-records/549300KZ2WFTI4GQ7M77/umbrella-fund-relationship",NA,NA,NA,NA,NA,NA,NA,"STANDALONE","SUPPORTING_DOCUMENTS",2023-11-05 23:00:00,2023-11-06 10:23:29,"CHANGE_LEGAL_ADDRESS","COMPLETED",NA,NA,NA,NA,NA,NA,NA,NA,NA,NA,NA,NA,NA,NA,NA,NA,NA,NA,NA,NA,NA,NA,NA,NA,NA,NA,NA,NA,NA,NA,NA,NA,NA,NA,NA,NA,NA,NA,NA,NA,NA,NA,NA,NA,NA,NA,NA,NA,NA,NA,NA,NA,NA,NA,NA,NA,NA,NA,NA,NA,NA,NA,NA,NA,NA,NA,NA,NA,NA,NA,NA,NA,NA,NA,NA,NA,NA,NA,NA,NA,NA,NA,NA,NA,NA,NA,NA,NA,NA,NA,NA,NA,NA,NA,NA,NA,NA,NA,NA,NA,NA,NA,NA,NA,NA,NA,NA,NA,NA,NA,NA,NA,NA,NA,NA,NA,NA,NA,NA,NA,NA,NA,NA,NA,NA,NA,NA,NA,NA,NA,NA,NA,NA,NA,NA,NA,NA,NA,NA,NA,NA,NA,NA,NA,NA,NA,NA,NA,NA,NA,NA,NA,NA,NA,NA,NA,NA,NA,NA,NA,NA,NA,NA,NA,NA,NA,NA,NA,NA,NA,NA,NA,NA,NA,NA,NA,NA,NA,NA,NA,NA,NA,NA,NA,NA,NA,NA,NA,NA,NA,NA,NA,NA,NA,NA,NA,NA,NA,NA,NA,NA,NA,NA,NA,NA,NA,NA,NA,NA,NA,NA,NA,NA,NA,NA,NA,NA,NA,NA,NA,NA,NA,NA,NA,NA,NA,NA,"iShares MSCI ACWI ETF","ETF"
"133","549300L3R89PNGQIDE43","549300L3R89PNGQIDE43",200,"549300L3R89PNGQIDE43","Domini Impact Bond Fund","en",NA,NA,"en","44 SCHOOL STREET, SUITE 505",NA,NA,"c/o UNITED CORPORATE SERVICES, INC.","BOSTON","US-MA","US","02108","en","180 MAIDEN LANE SUITE 1302",NA,NA,"c/o DOMINI IMPACT INVESTMENTS LLC","NEW YORK","US-NY","US","10038","RA000665",NA,"S000003424","US-MA","FUND","8888","Fund",NA,NA,"ACTIVE",NA,NA,NA,NA,NA,2000-06-01 00:00:00,NA,NA,NA,2014-11-07 01:54:00,2026-02-16 15:31:06,"ISSUED",2027-03-02 20:33:06,"529900T8BM49AURSDO55","PARTIALLY_CORROBORATED","RA000665",NA,"S000003424",NA,NA,NA,NA,NA,35621049,"CONFORMING","https://api.gleif.org/api/v1/lei-records/549300L3R89PNGQIDE43/managing-lou","https://api.gleif.org/api/v1/lei-records/549300L3R89PNGQIDE43/lei-issuer","https://api.gleif.org/api/v1/lei-records/549300L3R89PNGQIDE43/field-modifications","https://api.gleif.org/api/v1/lei-records/549300L3R89PNGQIDE43/direct-parent-reporting-exception","https://api.gleif.org/api/v1/lei-records/549300L3R89PNGQIDE43/ultimate-parent-reporting-exception","https://api.gleif.org/api/v1/lei-records/549300L3R89PNGQIDE43/fund-manager","https://api.gleif.org/api/v1/lei-records/549300L3R89PNGQIDE43/fund-manager-relationship",TRUE,NA,NA,NA,NA,NA,NA,"STANDALONE","SUPPORTING_DOCUMENTS",2025-05-09 00:00:00,2026-02-16 15:31:06,"CHANGE_LEGAL_ADDRESS","COMPLETED","https://api.gleif.org/api/v1/lei-records/549300L3R89PNGQIDE43/umbrella-fund","https://api.gleif.org/api/v1/lei-records/549300L3R89PNGQIDE43/umbrella-fund-relationship",NA,NA,NA,NA,NA,NA,NA,NA,NA,NA,NA,NA,NA,NA,NA,NA,NA,NA,NA,NA,NA,NA,NA,NA,NA,NA,NA,NA,NA,NA,NA,NA,NA,NA,NA,NA,NA,NA,NA,NA,NA,NA,NA,NA,NA,NA,NA,NA,NA,NA,NA,NA,NA,NA,NA,NA,NA,NA,NA,NA,NA,NA,NA,NA,NA,NA,NA,NA,NA,NA,NA,NA,NA,NA,NA,NA,NA,NA,NA,NA,NA,NA,NA,NA,NA,NA,NA,NA,NA,NA,NA,NA,NA,NA,NA,NA,NA,NA,NA,NA,NA,NA,NA,NA,NA,NA,NA,NA,NA,NA,NA,NA,NA,NA,NA,NA,NA,NA,NA,NA,NA,NA,NA,NA,NA,NA,NA,NA,NA,NA,NA,NA,NA,NA,NA,NA,NA,NA,NA,NA,NA,NA,NA,NA,NA,NA,NA,NA,NA,NA,NA,NA,NA,NA,NA,NA,NA,NA,NA,NA,NA,NA,NA,NA,NA,NA,NA,NA,NA,NA,NA,NA,NA,NA,NA,NA,NA,NA,NA,NA,NA,NA,NA,NA,NA,NA,NA,NA,NA,NA,NA,NA,NA,NA,NA,NA,NA,NA,NA,NA,NA,NA,NA,NA,NA,NA,NA,NA,NA,NA,NA,NA,NA,NA,NA,NA,NA,NA,NA,NA,NA,NA,NA,NA,NA,NA,NA,NA,NA,NA,NA,NA,NA,NA,NA,NA,NA,NA,NA,NA,"Domini Impact Bond Fund","Open-End Mutual Fund"
"134","549300L8V38YP5EMDB42","549300L8V38YP5EMDB42",200,"549300L8V38YP5EMDB42","Strategic Advisers Alternatives Fund","en",NA,NA,"en","C/O DELAWARE CORPORATION ORGANIZERS, INC.",NA,NA,NA,"WILMINGTON","US-DE","US","19801","en","C/O STRATEGIC ADVISERS LLC",NA,NA,NA,"WILMINGTON","US-DE","US","19801","RA000665",NA,"S000076543","US","FUND","8888","Fund",NA,NA,"ACTIVE",NA,NA,NA,NA,NA,2022-04-14 00:00:00,NA,NA,NA,2022-04-21 15:31:00,2026-03-24 20:47:20,"ISSUED",2027-04-18 11:29:31,"5493001KJTIIGC8Y1R12","FULLY_CORROBORATED","RA000665",NA,"S000076543",NA,NA,NA,NA,NA,1778087276,"CONFORMING","https://api.gleif.org/api/v1/lei-records/549300L8V38YP5EMDB42/managing-lou","https://api.gleif.org/api/v1/lei-records/549300L8V38YP5EMDB42/lei-issuer","https://api.gleif.org/api/v1/lei-records/549300L8V38YP5EMDB42/field-modifications","https://api.gleif.org/api/v1/lei-records/549300L8V38YP5EMDB42/direct-parent-reporting-exception","https://api.gleif.org/api/v1/lei-records/549300L8V38YP5EMDB42/ultimate-parent-reporting-exception","https://api.gleif.org/api/v1/lei-records/549300L8V38YP5EMDB42/fund-manager","https://api.gleif.org/api/v1/lei-records/549300L8V38YP5EMDB42/fund-manager-relationship",TRUE,NA,NA,NA,NA,"1201 NORTH MARKET ST FL 18 P.O. BOX 1347","CORPORATION TRUST CENTER","STANDALONE","SUPPORTING_DOCUMENTS",2022-07-07 00:00:00,2022-07-08 07:02:20,"CHANGE_LEGAL_ADDRESS","COMPLETED","https://api.gleif.org/api/v1/lei-records/549300L8V38YP5EMDB42/umbrella-fund","https://api.gleif.org/api/v1/lei-records/549300L8V38YP5EMDB42/umbrella-fund-relationship","1209 ORANGE ST",NA,NA,NA,NA,NA,NA,NA,NA,NA,NA,NA,NA,NA,NA,NA,NA,NA,NA,NA,NA,NA,NA,NA,NA,NA,NA,NA,NA,NA,NA,NA,NA,NA,NA,NA,NA,NA,NA,NA,NA,NA,NA,NA,NA,NA,NA,NA,NA,NA,NA,NA,NA,NA,NA,NA,NA,NA,NA,NA,NA,NA,NA,NA,NA,NA,NA,NA,NA,NA,NA,NA,NA,NA,NA,NA,NA,NA,NA,NA,NA,NA,NA,NA,NA,NA,NA,NA,NA,NA,NA,NA,NA,NA,NA,NA,NA,NA,NA,NA,NA,NA,NA,NA,NA,NA,NA,NA,NA,NA,NA,NA,NA,NA,NA,NA,NA,NA,NA,NA,NA,NA,NA,NA,NA,NA,NA,NA,NA,NA,NA,NA,NA,NA,NA,NA,NA,NA,NA,NA,NA,NA,NA,NA,NA,NA,NA,NA,NA,NA,NA,NA,NA,NA,NA,NA,NA,NA,NA,NA,NA,NA,NA,NA,NA,NA,NA,NA,NA,NA,NA,NA,NA,NA,NA,NA,NA,NA,NA,NA,NA,NA,NA,NA,NA,NA,NA,NA,NA,NA,NA,NA,NA,NA,NA,NA,NA,NA,NA,NA,NA,NA,NA,NA,NA,NA,NA,NA,NA,NA,NA,NA,NA,NA,NA,NA,NA,NA,NA,NA,NA,NA,NA,NA,NA,NA,NA,NA,NA,NA,NA,NA,NA,NA,NA,NA,NA,NA,NA,NA,"Strategic Advisers Alternatives Fund","Open-End Mutual Fund"
"135","549300LP5LXX4EZMGT88","549300LP5LXX4EZMGT88",200,"549300LP5LXX4EZMGT88","Delaware Ivy Emerging Markets Local Currency Debt Fund","en",NA,NA,"en","251 LITTLE FALLS DRIVE",NA,NA,NA,"WILMINGTON","US-DE","US","19808","en","100 Independence",NA,NA,NA,"Philadelphia","US-PA","US","19106-2354","RA000665",NA,"S000043807","US","FUND","8888","FUND",NA,NA,"INACTIVE",NA,NA,NA,NA,NA,2013-12-17 00:00:00,NA,NA,NA,2013-12-18 03:12:00,2024-10-29 11:40:50,"RETIRED",2023-09-12 00:00:00,"5493001KJTIIGC8Y1R12","FULLY_CORROBORATED","RA000665",NA,"S000043807",NA,NA,NA,NA,NA,252038459,"NOT_APPLICABLE","https://api.gleif.org/api/v1/lei-records/549300LP5LXX4EZMGT88/managing-lou","https://api.gleif.org/api/v1/lei-records/549300LP5LXX4EZMGT88/lei-issuer","https://api.gleif.org/api/v1/lei-records/549300LP5LXX4EZMGT88/field-modifications","https://api.gleif.org/api/v1/lei-records/549300LP5LXX4EZMGT88/direct-parent-reporting-exception","https://api.gleif.org/api/v1/lei-records/549300LP5LXX4EZMGT88/ultimate-parent-reporting-exception",NA,NA,TRUE,NA,"IVY FUNDS - Delaware Ivy Pictet Emerging Markets Local Currency Debt Fund","en","PREVIOUS_LEGAL_NAME",NA,"610 Market Street","STANDALONE","REGULATORY_FILING",2023-08-31 00:00:00,2024-10-23 19:21:24,"DISSOLUTION","COMPLETED",NA,NA,NA,NA,NA,"IVY FUNDS - Ivy Emerging Markets Local Currency Debt Fund","en","PREVIOUS_LEGAL_NAME",NA,NA,NA,NA,NA,NA,NA,NA,NA,NA,NA,NA,NA,NA,NA,NA,NA,NA,NA,NA,NA,NA,NA,NA,NA,NA,NA,NA,NA,NA,NA,NA,NA,NA,NA,NA,NA,NA,NA,NA,NA,NA,NA,NA,NA,NA,NA,NA,NA,NA,NA,NA,NA,"IVY FUNDS - Ivy Pictet Emerging Markets Local Currency Debt Fund","en","PREVIOUS_LEGAL_NAME",NA,NA,NA,NA,NA,NA,NA,NA,NA,NA,NA,NA,NA,NA,NA,NA,NA,NA,NA,NA,NA,NA,NA,NA,NA,NA,NA,NA,NA,NA,NA,NA,NA,NA,NA,NA,NA,NA,NA,NA,NA,NA,NA,NA,NA,NA,NA,NA,NA,NA,NA,NA,NA,NA,NA,NA,NA,NA,NA,NA,NA,NA,NA,NA,NA,NA,NA,NA,NA,NA,NA,NA,NA,NA,NA,NA,NA,NA,NA,NA,NA,NA,NA,NA,NA,NA,NA,NA,NA,NA,NA,NA,NA,NA,NA,NA,NA,NA,NA,NA,NA,NA,NA,NA,NA,NA,NA,NA,NA,NA,NA,NA,NA,NA,NA,NA,NA,NA,NA,NA,NA,NA,NA,NA,NA,NA,NA,NA,NA,NA,NA,NA,NA,NA,NA,NA,NA,NA,NA,NA,NA,NA,NA,NA,NA,NA,NA,NA,NA,NA,NA,NA,NA,NA,NA,NA,NA,NA,NA,NA,NA,NA,NA,NA,NA,NA,NA,NA,NA,NA,NA,NA,NA,NA,NA,NA,NA,NA,"Ivy Pictet Emerging Markets Local Currency Debt Fund","Open-End Mutual Fund"
"136","549300LZXJ02CRN4EY55","549300LZXJ02CRN4EY55",200,"549300LZXJ02CRN4EY55","Global Real Estate Portfolio","en",NA,NA,"en","2405 YORK ROAD",NA,NA,NA,"LUTHERVILLE TIMONIUM","US-MD","US","21093-2252","en","C/O MORGAN STANLEY INVESTMENT MANAGEMENT INC.",NA,NA,NA,"WILMINGTON","US-DE","US","19801","RA000665",NA,"S000012825","US","FUND","8888","FUND",NA,NA,"ACTIVE",NA,NA,NA,NA,NA,2012-12-11 00:00:00,NA,NA,NA,2012-12-12 10:31:00,2025-05-08 13:30:04,"LAPSED",2025-05-07 15:14:07,"5493001KJTIIGC8Y1R12","FULLY_CORROBORATED","RA000665",NA,"S000012825",NA,NA,NA,NA,NA,49127320,"NON_CONFORMING","https://api.gleif.org/api/v1/lei-records/549300LZXJ02CRN4EY55/managing-lou","https://api.gleif.org/api/v1/lei-records/549300LZXJ02CRN4EY55/lei-issuer","https://api.gleif.org/api/v1/lei-records/549300LZXJ02CRN4EY55/field-modifications","https://api.gleif.org/api/v1/lei-records/549300LZXJ02CRN4EY55/direct-parent-reporting-exception","https://api.gleif.org/api/v1/lei-records/549300LZXJ02CRN4EY55/ultimate-parent-reporting-exception","https://api.gleif.org/api/v1/lei-records/549300LZXJ02CRN4EY55/fund-manager","https://api.gleif.org/api/v1/lei-records/549300LZXJ02CRN4EY55/fund-manager-relationship",TRUE,NA,"MORGAN STANLEY INSTITUTIONAL FUND INC - Global Real Estate Portfolio","en","PREVIOUS_LEGAL_NAME",NA,"CORPORATION TRUST CENTER",NA,NA,NA,NA,NA,NA,"https://api.gleif.org/api/v1/lei-records/549300LZXJ02CRN4EY55/umbrella-fund","https://api.gleif.org/api/v1/lei-records/549300LZXJ02CRN4EY55/umbrella-fund-relationship","1209 ORANGE ST",NA,NA,NA,NA,NA,NA,NA,NA,NA,NA,NA,NA,NA,NA,NA,NA,NA,NA,NA,NA,NA,NA,NA,NA,NA,NA,NA,NA,NA,NA,NA,NA,NA,NA,NA,NA,NA,NA,NA,NA,NA,NA,NA,NA,NA,NA,NA,NA,NA,NA,NA,NA,NA,NA,NA,NA,NA,NA,NA,NA,NA,NA,NA,NA,NA,NA,NA,NA,NA,NA,NA,NA,NA,NA,NA,NA,NA,NA,NA,NA,NA,NA,NA,NA,NA,NA,NA,NA,NA,NA,NA,NA,NA,NA,NA,NA,NA,NA,NA,NA,NA,NA,NA,NA,NA,NA,NA,NA,NA,NA,NA,NA,NA,NA,NA,NA,NA,NA,NA,NA,NA,NA,NA,NA,NA,NA,NA,NA,NA,NA,NA,NA,NA,NA,NA,NA,NA,NA,NA,NA,NA,NA,NA,NA,NA,NA,NA,NA,NA,NA,NA,NA,NA,NA,NA,NA,NA,NA,NA,NA,NA,NA,NA,NA,NA,NA,NA,NA,NA,NA,NA,NA,NA,NA,NA,NA,NA,NA,NA,NA,NA,NA,NA,NA,NA,NA,NA,NA,NA,NA,NA,NA,NA,NA,NA,NA,NA,NA,NA,NA,NA,NA,NA,NA,NA,NA,NA,NA,NA,NA,NA,NA,NA,NA,NA,NA,NA,NA,NA,NA,NA,NA,NA,NA,NA,NA,NA,NA,NA,NA,NA,NA,NA,NA,NA,NA,NA,NA,NA,"Global Real Estate Portfolio","Open-End Mutual Fund"
"137","549300MOZXYNRRLD4N87","549300MOZXYNRRLD4N87",200,"549300MOZXYNRRLD4N87","PIMCO Income Portfolio","en",NA,NA,"en","C/O THE CORPORATION TRUST COMPANY",NA,NA,NA,"WILMINGTON","US-DE","US","19801","en","C/O Pacific Investment Management Company LLC",NA,NA,NA,"Newport Beach","US-CA","US","92660","RA000665",NA,"S000052997","US","FUND","8888","SUB-FUND",NA,NA,"ACTIVE",NA,NA,NA,NA,NA,2016-01-08 00:00:00,NA,NA,NA,2016-01-09 02:38:00,2025-06-19 17:53:25,"ISSUED",2026-07-07 00:00:00,"5493001KJTIIGC8Y1R12","FULLY_CORROBORATED","RA000665",NA,"S000052997",NA,NA,NA,NA,NA,321827168,"CONFORMING","https://api.gleif.org/api/v1/lei-records/549300MOZXYNRRLD4N87/managing-lou","https://api.gleif.org/api/v1/lei-records/549300MOZXYNRRLD4N87/lei-issuer","https://api.gleif.org/api/v1/lei-records/549300MOZXYNRRLD4N87/field-modifications","https://api.gleif.org/api/v1/lei-records/549300MOZXYNRRLD4N87/direct-parent-reporting-exception","https://api.gleif.org/api/v1/lei-records/549300MOZXYNRRLD4N87/ultimate-parent-reporting-exception","https://api.gleif.org/api/v1/lei-records/549300MOZXYNRRLD4N87/fund-manager","https://api.gleif.org/api/v1/lei-records/549300MOZXYNRRLD4N87/fund-manager-relationship",TRUE,NA,NA,NA,NA,"CORPORATION TRUST CENTER","650 Newport Center Drive",NA,NA,NA,NA,NA,NA,"https://api.gleif.org/api/v1/lei-records/549300MOZXYNRRLD4N87/umbrella-fund","https://api.gleif.org/api/v1/lei-records/549300MOZXYNRRLD4N87/umbrella-fund-relationship",NA,NA,NA,NA,NA,NA,"1209 ORANGE ST",NA,NA,NA,NA,NA,NA,NA,NA,NA,NA,NA,NA,NA,NA,NA,NA,NA,NA,NA,NA,NA,NA,NA,NA,NA,NA,NA,NA,NA,NA,NA,NA,NA,NA,NA,NA,NA,NA,NA,NA,NA,NA,NA,NA,NA,NA,NA,NA,NA,NA,NA,NA,NA,NA,NA,NA,NA,NA,NA,NA,NA,NA,NA,NA,NA,NA,NA,NA,NA,NA,NA,NA,NA,NA,NA,NA,NA,NA,NA,NA,NA,NA,NA,NA,NA,NA,NA,NA,NA,NA,NA,NA,NA,NA,NA,NA,NA,NA,NA,NA,NA,NA,NA,NA,NA,NA,NA,NA,NA,NA,NA,NA,NA,NA,NA,NA,NA,NA,NA,NA,NA,NA,NA,NA,NA,NA,NA,NA,NA,NA,NA,NA,NA,NA,NA,NA,NA,NA,NA,NA,NA,NA,NA,NA,NA,NA,NA,NA,NA,NA,NA,NA,NA,NA,NA,NA,NA,NA,NA,NA,NA,NA,NA,NA,NA,NA,NA,NA,NA,NA,NA,NA,NA,NA,NA,NA,NA,NA,NA,NA,NA,NA,NA,NA,NA,NA,NA,NA,NA,NA,NA,NA,NA,NA,NA,NA,NA,NA,NA,NA,NA,NA,NA,NA,NA,NA,NA,NA,NA,NA,NA,NA,NA,NA,NA,NA,NA,NA,NA,NA,NA,NA,NA,NA,NA,NA,NA,NA,NA,NA,NA,NA,NA,"PIMCO Income Portfolio","Open-End Mutual Fund"
"138","549300MWJBXCL907ZB49","549300MWJBXCL907ZB49",200,"549300MWJBXCL907ZB49","PIMCO DYNAMIC INCOME OPPORTUNITIES FUND","en",NA,NA,"en","C/O CORPORATION SERVICE COMPANY",NA,NA,NA,"BOSTON","US-MA","US","02109","en","C/O Pacific Investment Management Company LLC",NA,NA,NA,"Newport Beach","US-CA","US","92660","RA000665",NA,"0001798618","US","FUND","8888","FUND",NA,NA,"ACTIVE",NA,NA,NA,NA,NA,2019-12-23 00:00:00,NA,NA,NA,2020-10-28 17:54:00,2025-06-19 10:25:06,"ISSUED",2026-07-07 00:00:00,"5493001KJTIIGC8Y1R12","FULLY_CORROBORATED","RA000665",NA,"0001798618",NA,NA,NA,NA,NA,693405871,"CONFORMING","https://api.gleif.org/api/v1/lei-records/549300MWJBXCL907ZB49/managing-lou","https://api.gleif.org/api/v1/lei-records/549300MWJBXCL907ZB49/lei-issuer","https://api.gleif.org/api/v1/lei-records/549300MWJBXCL907ZB49/field-modifications","https://api.gleif.org/api/v1/lei-records/549300MWJBXCL907ZB49/direct-parent-reporting-exception","https://api.gleif.org/api/v1/lei-records/549300MWJBXCL907ZB49/ultimate-parent-reporting-exception","https://api.gleif.org/api/v1/lei-records/549300MWJBXCL907ZB49/fund-manager","https://api.gleif.org/api/v1/lei-records/549300MWJBXCL907ZB49/fund-manager-relationship",TRUE,NA,"PIMCO TACTICAL INCOME FUND","en","PREVIOUS_LEGAL_NAME","84 STATE STREET","650 Newport Center Drive",NA,NA,NA,NA,NA,NA,NA,NA,NA,NA,NA,NA,NA,NA,NA,NA,NA,NA,NA,NA,NA,"https://api.gleif.org/api/v1/lei-records/549300MWJBXCL907ZB49/isins",NA,NA,NA,NA,NA,NA,NA,NA,NA,NA,NA,NA,NA,NA,NA,NA,NA,NA,NA,NA,NA,NA,NA,NA,NA,NA,NA,NA,NA,NA,NA,NA,NA,NA,NA,NA,NA,NA,NA,NA,NA,NA,NA,NA,NA,NA,NA,NA,NA,NA,NA,NA,NA,NA,NA,NA,NA,NA,NA,NA,NA,NA,NA,NA,NA,NA,NA,NA,NA,NA,NA,NA,NA,NA,NA,NA,NA,NA,NA,NA,NA,NA,NA,NA,NA,NA,NA,NA,NA,NA,NA,NA,NA,NA,NA,NA,NA,NA,NA,NA,NA,NA,NA,NA,NA,NA,NA,NA,NA,NA,NA,NA,NA,NA,NA,NA,NA,NA,NA,NA,NA,NA,NA,NA,NA,NA,NA,NA,NA,NA,NA,NA,NA,NA,NA,NA,NA,NA,NA,NA,NA,NA,NA,NA,NA,NA,NA,NA,NA,NA,NA,NA,NA,NA,NA,NA,NA,NA,NA,NA,NA,NA,NA,NA,NA,NA,NA,NA,NA,NA,NA,NA,NA,NA,NA,NA,NA,NA,NA,NA,NA,NA,NA,NA,NA,NA,NA,NA,NA,NA,NA,NA,NA,NA,NA,NA,NA,NA,NA,NA,NA,NA,NA,NA,NA,NA,NA,NA,NA,NA,NA,NA,NA,NA,NA,NA,NA,NA,NA,NA,NA,NA,NA,NA,NA,NA,"PIMCO Dynamic Income Opportunities Fund","Closed-End Fund"
"139","549300N7WFXPO5N0PY84","549300N7WFXPO5N0PY84",200,"549300N7WFXPO5N0PY84","Partners Group Private Equity Fund, LLC","en",NA,NA,"en","C/O CORPORATION SERVICE COMPANY",NA,NA,NA,"WILMINGTON","US-DE","US","19808","en","C/O PARTNERS GROUP (USA) INC.",NA,NA,NA,"WILMINGTON","US-DE","US","19801","RA000602",NA,"4583626","US-DE","GENERAL","HZEH",NA,NA,NA,"ACTIVE",NA,NA,NA,NA,NA,2008-08-04 00:00:00,NA,NA,NA,2013-04-08 18:06:00,2026-01-30 15:03:49,"ISSUED",2027-02-26 08:36:18,"5493001KJTIIGC8Y1R12","FULLY_CORROBORATED","RA000602",NA,"4583626",NA,NA,NA,"us_de/4583626",NA,111261748,"CONFORMING","https://api.gleif.org/api/v1/lei-records/549300N7WFXPO5N0PY84/managing-lou","https://api.gleif.org/api/v1/lei-records/549300N7WFXPO5N0PY84/lei-issuer","https://api.gleif.org/api/v1/lei-records/549300N7WFXPO5N0PY84/field-modifications","https://api.gleif.org/api/v1/lei-records/549300N7WFXPO5N0PY84/direct-parent-reporting-exception","https://api.gleif.org/api/v1/lei-records/549300N7WFXPO5N0PY84/ultimate-parent-reporting-exception",NA,NA,TRUE,NA,"PARTNERS GROUP PRIVATE EQUITY (MASTER FUND), LLC","en","PREVIOUS_LEGAL_NAME","251 LITTLE FALLS DRIVE","CORPORATION TRUST CENTER","CHANGE_LEGAL_FORM_AND_NAME","SUPPORTING_DOCUMENTS",2025-12-16 00:00:00,2026-01-30 03:59:32,"CHANGE_LEGAL_NAME","COMPLETED",NA,NA,"1209 ORANGE STREET",NA,NA,NA,NA,NA,NA,NA,NA,NA,NA,NA,NA,"https://api.gleif.org/api/v1/lei-records/549300N7WFXPO5N0PY84/isins",NA,NA,NA,NA,NA,NA,NA,NA,NA,NA,NA,NA,NA,NA,NA,NA,NA,NA,NA,NA,NA,NA,NA,NA,NA,NA,NA,NA,NA,NA,NA,NA,NA,NA,NA,NA,NA,NA,NA,NA,NA,NA,NA,NA,NA,NA,NA,NA,NA,NA,NA,NA,NA,NA,NA,NA,NA,NA,NA,NA,NA,NA,NA,NA,NA,NA,NA,NA,NA,NA,NA,NA,NA,NA,NA,NA,NA,NA,NA,NA,NA,NA,NA,NA,NA,NA,NA,NA,NA,NA,NA,NA,NA,NA,NA,NA,NA,NA,NA,NA,NA,NA,NA,NA,NA,NA,NA,NA,NA,NA,NA,NA,NA,NA,NA,NA,NA,NA,NA,NA,NA,NA,NA,NA,NA,NA,NA,NA,NA,NA,NA,NA,NA,NA,NA,"SUPPORTING_DOCUMENTS",2025-12-16 00:00:00,2026-01-30 03:59:32,"CHANGE_LEGAL_FORM","COMPLETED",NA,NA,NA,NA,NA,NA,NA,NA,NA,NA,NA,NA,NA,NA,NA,NA,NA,NA,NA,NA,NA,NA,NA,NA,NA,NA,NA,NA,NA,NA,NA,NA,NA,NA,NA,NA,NA,NA,NA,NA,NA,NA,NA,NA,NA,NA,NA,NA,NA,NA,NA,NA,NA,NA,NA,NA,NA,NA,NA,NA,NA,NA,NA,NA,NA,NA,NA,NA,NA,NA,NA,NA,NA,NA,NA,NA,NA,NA,NA,NA,NA,NA,NA,NA,NA,NA,"Partners Group Private Equity (Master Fund), LLC","Closed-End Fund"
"140","549300NBLWYBHQJNZR73","549300NBLWYBHQJNZR73",200,"549300NBLWYBHQJNZR73","EQ/PIMCO Total Return ESG Portfolio","en",NA,NA,"en","c/o The Corporation Trust Company, CORPORATION TRUST CENTER 1209 ORANGE ST",NA,NA,NA,"Wilmington","US-DE","US","19801","en","c/o Equitable Investment Management Group, LLC, c/o CORPORATION SERVICE COMPANY, 251 LITTLE FALLS DRIVE",NA,NA,"c/o Equitable Investment Management Group, LLC","WILMINGTON","US-DE","US","19808","RA000665",NA,"S000062647","US-DE","FUND","4FSX",NA,NA,NA,"ACTIVE",NA,NA,NA,NA,NA,2018-05-17 22:00:00,NA,NA,NA,2018-03-07 15:32:00,2026-04-20 12:49:34,"ISSUED",2027-04-24 15:37:40,"5299000J2N45DDNE4Y28","FULLY_CORROBORATED","RA000665",NA,"S000062647",NA,NA,NA,NA,NA,555033361,"CONFORMING","https://api.gleif.org/api/v1/lei-records/549300NBLWYBHQJNZR73/managing-lou","https://api.gleif.org/api/v1/lei-records/549300NBLWYBHQJNZR73/lei-issuer","https://api.gleif.org/api/v1/lei-records/549300NBLWYBHQJNZR73/field-modifications","https://api.gleif.org/api/v1/lei-records/549300NBLWYBHQJNZR73/direct-parent-reporting-exception","https://api.gleif.org/api/v1/lei-records/549300NBLWYBHQJNZR73/ultimate-parent-reporting-exception","https://api.gleif.org/api/v1/lei-records/549300NBLWYBHQJNZR73/fund-manager","https://api.gleif.org/api/v1/lei-records/549300NBLWYBHQJNZR73/fund-manager-relationship",TRUE,NA,NA,NA,NA,NA,NA,"STANDALONE","SUPPORTING_DOCUMENTS",2025-04-23 22:00:00,2025-04-24 15:37:41,"CHANGE_LEGAL_FORM","COMPLETED","https://api.gleif.org/api/v1/lei-records/549300NBLWYBHQJNZR73/umbrella-fund","https://api.gleif.org/api/v1/lei-records/549300NBLWYBHQJNZR73/umbrella-fund-relationship",NA,NA,NA,NA,NA,NA,NA,NA,NA,NA,NA,NA,NA,NA,NA,NA,NA,NA,NA,NA,NA,NA,NA,NA,NA,NA,NA,NA,NA,NA,NA,NA,NA,NA,NA,NA,NA,NA,NA,NA,NA,NA,NA,NA,NA,NA,NA,NA,NA,NA,NA,NA,NA,NA,NA,NA,NA,NA,NA,NA,NA,NA,NA,NA,NA,NA,NA,NA,NA,NA,NA,NA,NA,NA,NA,NA,NA,NA,NA,NA,NA,NA,NA,NA,NA,NA,NA,NA,NA,NA,NA,NA,NA,NA,NA,NA,NA,NA,NA,NA,NA,NA,NA,NA,NA,NA,NA,NA,NA,NA,NA,NA,NA,NA,NA,NA,NA,NA,NA,NA,NA,NA,NA,NA,NA,NA,NA,NA,NA,NA,NA,NA,NA,NA,NA,NA,NA,NA,NA,NA,NA,NA,NA,NA,NA,NA,NA,NA,NA,NA,NA,NA,NA,NA,NA,NA,NA,NA,NA,NA,NA,NA,NA,NA,NA,NA,NA,NA,NA,NA,NA,NA,NA,NA,NA,NA,NA,NA,NA,NA,NA,NA,NA,NA,NA,NA,NA,NA,NA,NA,NA,NA,NA,NA,NA,NA,NA,NA,NA,NA,NA,NA,NA,NA,NA,NA,NA,NA,NA,NA,NA,NA,NA,NA,NA,NA,NA,NA,NA,NA,NA,NA,NA,NA,NA,NA,NA,NA,NA,NA,NA,NA,NA,NA,NA,NA,NA,NA,NA,NA,"EQ/PIMCO Total Return Portfolio","Open-End Mutual Fund"
"141","549300NE2HMUK172AW26","549300NE2HMUK172AW26",200,"549300NE2HMUK172AW26","PIMCO All Asset: Multi-Short PLUS Fund","en",NA,NA,"en","155 FEDERAL ST., SUITE 700",NA,NA,NA,"BOSTON","US-MA","US","02110","en","c/o PACIFIC INVESTMENT MANAGEMENT COMPANY LLC",NA,NA,NA,"Newport Beach","US-CA","US","92660","RA000665",NA,"S000069548","US-MA","FUND","8888","FUND",NA,NA,"ACTIVE",NA,NA,NA,NA,NA,2016-12-31 05:00:00,NA,NA,NA,2020-07-07 14:29:00,2023-08-11 12:12:35,"LAPSED",2023-05-12 00:00:00,"5493001KJTIIGC8Y1R12","FULLY_CORROBORATED","RA000665",NA,"S000069548",NA,NA,NA,NA,NA,675780989,"NON_CONFORMING","https://api.gleif.org/api/v1/lei-records/549300NE2HMUK172AW26/managing-lou","https://api.gleif.org/api/v1/lei-records/549300NE2HMUK172AW26/lei-issuer","https://api.gleif.org/api/v1/lei-records/549300NE2HMUK172AW26/field-modifications","https://api.gleif.org/api/v1/lei-records/549300NE2HMUK172AW26/direct-parent-reporting-exception","https://api.gleif.org/api/v1/lei-records/549300NE2HMUK172AW26/ultimate-parent-reporting-exception","https://api.gleif.org/api/v1/lei-records/549300NE2HMUK172AW26/fund-manager","https://api.gleif.org/api/v1/lei-records/549300NE2HMUK172AW26/fund-manager-relationship",TRUE,NA,NA,NA,NA,NA,"650 Newport Center Drive",NA,NA,NA,NA,NA,NA,"https://api.gleif.org/api/v1/lei-records/549300NE2HMUK172AW26/umbrella-fund","https://api.gleif.org/api/v1/lei-records/549300NE2HMUK172AW26/umbrella-fund-relationship",NA,NA,NA,NA,NA,NA,NA,NA,NA,NA,NA,NA,NA,NA,NA,NA,NA,NA,NA,NA,NA,NA,NA,NA,NA,NA,NA,NA,NA,NA,NA,NA,NA,NA,NA,NA,NA,NA,NA,NA,NA,NA,NA,NA,NA,NA,NA,NA,NA,NA,NA,NA,NA,NA,NA,NA,NA,NA,NA,NA,NA,NA,NA,NA,NA,NA,NA,NA,NA,NA,NA,NA,NA,NA,NA,NA,NA,NA,NA,NA,NA,NA,NA,NA,NA,NA,NA,NA,NA,NA,NA,NA,NA,NA,NA,NA,NA,NA,NA,NA,NA,NA,NA,NA,NA,NA,NA,NA,NA,NA,NA,NA,NA,NA,NA,NA,NA,NA,NA,NA,NA,NA,NA,NA,NA,NA,NA,NA,NA,NA,NA,NA,NA,NA,NA,NA,NA,NA,NA,NA,NA,NA,NA,NA,NA,NA,NA,NA,NA,NA,NA,NA,NA,NA,NA,NA,NA,NA,NA,NA,NA,NA,NA,NA,NA,NA,NA,NA,NA,NA,NA,NA,NA,NA,NA,NA,NA,NA,NA,NA,NA,NA,NA,NA,NA,NA,NA,NA,NA,NA,NA,NA,NA,NA,NA,NA,NA,NA,NA,NA,NA,NA,NA,NA,NA,NA,NA,NA,NA,NA,NA,NA,NA,NA,NA,NA,NA,NA,NA,NA,NA,NA,NA,NA,NA,NA,NA,NA,NA,NA,NA,NA,NA,NA,NA,NA,NA,NA,NA,NA,"PIMCO All Asset: Multi-Short PLUS Fund","Open-End Mutual Fund"
"142","549300NEZ72NVUM4S865","549300NEZ72NVUM4S865",200,"549300NEZ72NVUM4S865","GMO Alternative Allocation Fund","en",NA,NA,"en","53 State Street",NA,NA,NA,"Boston","US-MA","US","02109","en","C/O Grantham, Mayo, Van Otterloo & Co. Llc",NA,NA,NA,"Boston","US-MA","US","02109","RA000665",NA,"S000065268","US","FUND","8888","Fund",NA,NA,"ACTIVE",NA,NA,NA,NA,NA,2019-05-01 00:00:00,NA,NA,NA,2019-02-06 15:32:00,2025-12-16 08:29:02,"ISSUED",2027-01-07 05:13:19,"5493001KJTIIGC8Y1R12","FULLY_CORROBORATED","RA000665",NA,"S000065268",NA,NA,NA,NA,NA,601380835,"CONFORMING","https://api.gleif.org/api/v1/lei-records/549300NEZ72NVUM4S865/managing-lou","https://api.gleif.org/api/v1/lei-records/549300NEZ72NVUM4S865/lei-issuer","https://api.gleif.org/api/v1/lei-records/549300NEZ72NVUM4S865/field-modifications","https://api.gleif.org/api/v1/lei-records/549300NEZ72NVUM4S865/direct-parent-reporting-exception","https://api.gleif.org/api/v1/lei-records/549300NEZ72NVUM4S865/ultimate-parent-reporting-exception","https://api.gleif.org/api/v1/lei-records/549300NEZ72NVUM4S865/fund-manager","https://api.gleif.org/api/v1/lei-records/549300NEZ72NVUM4S865/fund-manager-relationship",TRUE,NA,NA,NA,NA,"Suite 3300","53 State Street","STANDALONE","SUPPORTING_DOCUMENTS",2023-04-10 00:00:00,2023-06-16 09:24:49,"CHANGE_LEGAL_ADDRESS","COMPLETED","https://api.gleif.org/api/v1/lei-records/549300NEZ72NVUM4S865/umbrella-fund","https://api.gleif.org/api/v1/lei-records/549300NEZ72NVUM4S865/umbrella-fund-relationship","Floor 33",NA,NA,NA,NA,NA,NA,NA,NA,NA,NA,NA,NA,NA,NA,NA,NA,NA,NA,NA,NA,NA,NA,NA,NA,NA,NA,NA,NA,NA,NA,NA,NA,NA,NA,NA,NA,NA,NA,NA,NA,NA,NA,NA,NA,NA,NA,NA,NA,NA,NA,NA,NA,NA,NA,NA,NA,NA,NA,NA,NA,NA,NA,NA,NA,NA,NA,NA,NA,NA,NA,NA,NA,NA,NA,NA,NA,NA,NA,NA,NA,NA,NA,NA,NA,NA,NA,NA,NA,NA,NA,NA,NA,NA,NA,NA,NA,NA,NA,NA,NA,NA,NA,NA,NA,NA,NA,NA,NA,NA,NA,NA,NA,NA,NA,NA,NA,NA,NA,NA,NA,NA,NA,NA,NA,NA,NA,NA,NA,NA,NA,NA,NA,NA,NA,NA,NA,NA,NA,NA,NA,NA,NA,NA,NA,NA,NA,NA,NA,NA,NA,NA,NA,NA,NA,NA,NA,NA,NA,NA,NA,NA,NA,NA,NA,NA,NA,NA,NA,NA,NA,NA,NA,NA,NA,NA,NA,NA,NA,NA,NA,NA,NA,NA,NA,NA,NA,NA,NA,NA,NA,NA,NA,NA,NA,NA,NA,NA,NA,NA,NA,NA,NA,NA,NA,NA,NA,NA,NA,NA,NA,NA,NA,NA,NA,NA,NA,NA,NA,NA,NA,NA,NA,NA,NA,NA,NA,NA,NA,NA,NA,NA,NA,NA,NA,NA,NA,NA,NA,NA,"GMO Alternative Allocation Fund","Open-End Mutual Fund"
"143","549300NKFMDROHVOFA80","549300NKFMDROHVOFA80",200,"549300NKFMDROHVOFA80","BLACKROCK HPS CREDIT STRATEGIES FUND","en",NA,NA,"en","C/O THE CORPORATION TRUST COMPANY CORPORATION TRUST CENTER 1209 ORANGE ST",NA,NA,NA,"WILMINGTON","US-DE","US","19801","en","c/o BLACKROCK ADVISORS, LLC, C/O THE CORPORATION TRUST COMPANY CORPORATION TRUST CENTER 1209 ORANGE ST",NA,NA,"c/o BLACKROCK ADVISORS, LLC","Wilmington","US-DE","US","19801","RA000602",NA,"7032347","US-DE","FUND","4FSX",NA,NA,NA,"ACTIVE",NA,NA,NA,NA,NA,2018-08-26 22:00:00,NA,NA,NA,2018-10-10 14:31:00,2025-12-01 05:27:30,"ISSUED",2026-12-01 13:32:38,"5299000J2N45DDNE4Y28","FULLY_CORROBORATED","RA000602",NA,"7032347",NA,NA,NA,NA,NA,582270620,"CONFORMING","https://api.gleif.org/api/v1/lei-records/549300NKFMDROHVOFA80/managing-lou","https://api.gleif.org/api/v1/lei-records/549300NKFMDROHVOFA80/lei-issuer","https://api.gleif.org/api/v1/lei-records/549300NKFMDROHVOFA80/field-modifications","https://api.gleif.org/api/v1/lei-records/549300NKFMDROHVOFA80/direct-parent-reporting-exception","https://api.gleif.org/api/v1/lei-records/549300NKFMDROHVOFA80/ultimate-parent-reporting-exception","https://api.gleif.org/api/v1/lei-records/549300NKFMDROHVOFA80/fund-manager","https://api.gleif.org/api/v1/lei-records/549300NKFMDROHVOFA80/fund-manager-relationship",TRUE,NA,"BLACKROCK CREDIT STRATEGIES FUND","en","PREVIOUS_LEGAL_NAME",NA,NA,"CHANGE_LEGAL_FORM_AND_NAME","SUPPORTING_DOCUMENTS",2025-11-30 23:00:00,2025-12-01 05:27:30,"CHANGE_LEGAL_FORM","COMPLETED",NA,NA,NA,NA,NA,NA,NA,NA,NA,NA,NA,NA,NA,NA,NA,"https://api.gleif.org/api/v1/lei-records/549300NKFMDROHVOFA80/isins",NA,NA,NA,NA,NA,NA,NA,NA,NA,NA,NA,NA,NA,NA,NA,NA,NA,NA,NA,NA,NA,NA,NA,NA,NA,NA,NA,NA,NA,NA,NA,NA,NA,NA,NA,NA,NA,NA,NA,NA,NA,NA,NA,NA,NA,NA,NA,NA,NA,NA,NA,NA,NA,NA,NA,NA,NA,NA,NA,NA,NA,NA,NA,NA,NA,NA,NA,NA,NA,NA,NA,NA,NA,NA,NA,NA,NA,NA,NA,NA,NA,NA,NA,NA,NA,NA,NA,NA,NA,NA,NA,NA,NA,NA,NA,NA,NA,NA,NA,NA,NA,NA,NA,NA,NA,NA,NA,NA,NA,NA,NA,NA,NA,NA,NA,NA,NA,NA,NA,NA,NA,NA,NA,NA,NA,NA,NA,NA,NA,NA,NA,NA,NA,NA,NA,"SUPPORTING_DOCUMENTS",2025-11-30 23:00:00,2025-12-01 05:27:30,"CHANGE_LEGAL_NAME","COMPLETED",NA,NA,NA,NA,NA,NA,NA,NA,NA,NA,NA,NA,NA,NA,NA,NA,NA,NA,NA,NA,NA,NA,NA,NA,NA,NA,NA,NA,NA,NA,NA,NA,NA,NA,NA,NA,NA,NA,NA,NA,NA,NA,NA,NA,NA,NA,NA,NA,NA,NA,NA,NA,NA,NA,NA,NA,NA,NA,NA,NA,NA,NA,NA,NA,NA,NA,NA,NA,NA,NA,NA,NA,NA,NA,NA,NA,NA,NA,NA,NA,NA,NA,NA,NA,NA,NA,"BlackRock Credit Strategies Fund","Closed-End Fund"
"144","549300NKY72DZUNDF872","549300NKY72DZUNDF872",200,"549300NKY72DZUNDF872","PIMCO International Bond Fund (U.S. Dollar-Hedged)","en",NA,NA,"en","C/O C T CORPORATION SYSTEM",NA,NA,NA,"BOSTON","US-MA","US","02110","en","C/O Pacific Investment Management Company LLC",NA,NA,NA,"Newport Beach","US-CA","US","92660","RA000665",NA,"S000009678","US","FUND","8888","FUND",NA,NA,"ACTIVE",NA,NA,NA,NA,NA,2014-02-06 00:00:00,NA,NA,NA,2014-02-07 01:34:00,2025-06-19 13:33:08,"ISSUED",2026-07-07 00:00:00,"5493001KJTIIGC8Y1R12","FULLY_CORROBORATED","RA000665",NA,"S000009678",NA,NA,NA,NA,NA,9559333,"CONFORMING","https://api.gleif.org/api/v1/lei-records/549300NKY72DZUNDF872/managing-lou","https://api.gleif.org/api/v1/lei-records/549300NKY72DZUNDF872/lei-issuer","https://api.gleif.org/api/v1/lei-records/549300NKY72DZUNDF872/field-modifications","https://api.gleif.org/api/v1/lei-records/549300NKY72DZUNDF872/direct-parent-reporting-exception","https://api.gleif.org/api/v1/lei-records/549300NKY72DZUNDF872/ultimate-parent-reporting-exception","https://api.gleif.org/api/v1/lei-records/549300NKY72DZUNDF872/fund-manager","https://api.gleif.org/api/v1/lei-records/549300NKY72DZUNDF872/fund-manager-relationship",TRUE,NA,"PIMCO Funds - PIMCO Foreign Bond Fund (U.S. Dollar-Hedged)","en","PREVIOUS_LEGAL_NAME","155 FEDERAL ST.","650 Newport Center Drive",NA,NA,NA,NA,NA,NA,"https://api.gleif.org/api/v1/lei-records/549300NKY72DZUNDF872/umbrella-fund","https://api.gleif.org/api/v1/lei-records/549300NKY72DZUNDF872/umbrella-fund-relationship",NA,NA,NA,NA,NA,NA,"SUITE 700",NA,NA,NA,NA,NA,NA,NA,NA,NA,NA,NA,NA,NA,NA,NA,NA,NA,NA,NA,NA,NA,NA,NA,NA,NA,NA,NA,NA,NA,NA,NA,NA,NA,NA,NA,NA,NA,NA,NA,NA,NA,NA,NA,NA,NA,NA,NA,NA,NA,NA,NA,NA,NA,NA,NA,NA,NA,NA,NA,NA,NA,NA,NA,NA,NA,NA,NA,NA,NA,NA,NA,NA,NA,NA,NA,NA,NA,NA,NA,NA,NA,NA,NA,NA,NA,NA,NA,NA,NA,NA,NA,NA,NA,NA,NA,NA,NA,NA,NA,NA,NA,NA,NA,NA,NA,NA,NA,NA,NA,NA,NA,NA,NA,NA,NA,NA,NA,NA,NA,NA,NA,NA,NA,NA,NA,NA,NA,NA,NA,NA,NA,NA,NA,NA,NA,NA,NA,NA,NA,NA,NA,NA,NA,NA,NA,NA,NA,NA,NA,NA,NA,NA,NA,NA,NA,NA,NA,NA,NA,NA,NA,NA,NA,NA,NA,NA,NA,NA,NA,NA,NA,NA,NA,NA,NA,NA,NA,NA,NA,NA,NA,NA,NA,NA,NA,NA,NA,NA,NA,NA,NA,NA,NA,NA,NA,NA,NA,NA,NA,NA,NA,NA,NA,NA,NA,NA,NA,NA,NA,NA,NA,NA,NA,NA,NA,NA,NA,NA,NA,NA,NA,NA,NA,NA,NA,NA,NA,NA,NA,NA,NA,NA,NA,"PIMCO International Bond Fund (U.S. Dollar-Hedged)","Open-End Mutual Fund"
"145","549300NSJTG65C45IN82","549300NSJTG65C45IN82",200,"549300NSJTG65C45IN82","PIMCO StocksPLUS Global Portfolio","en",NA,NA,"en","C/O THE CORPORATION TRUST COMPANY",NA,NA,NA,"WILMINGTON","US-DE","US","19801","en","C/O PACIFIC INVESTMENT MANAGEMENT COMPANY LLC",NA,NA,NA,"DOVER","US-DE","US","19904","RA000665",NA,"S000028118","US","FUND","8888","SUB-FUND",NA,NA,"ACTIVE",NA,NA,NA,NA,NA,2012-12-27 00:00:00,NA,NA,NA,2012-12-28 12:00:00,2025-06-19 16:50:11,"ISSUED",2026-07-07 00:00:00,"5493001KJTIIGC8Y1R12","FULLY_CORROBORATED","RA000665",NA,"S000028118",NA,NA,NA,NA,NA,206642093,"CONFORMING","https://api.gleif.org/api/v1/lei-records/549300NSJTG65C45IN82/managing-lou","https://api.gleif.org/api/v1/lei-records/549300NSJTG65C45IN82/lei-issuer","https://api.gleif.org/api/v1/lei-records/549300NSJTG65C45IN82/field-modifications","https://api.gleif.org/api/v1/lei-records/549300NSJTG65C45IN82/direct-parent-reporting-exception","https://api.gleif.org/api/v1/lei-records/549300NSJTG65C45IN82/ultimate-parent-reporting-exception","https://api.gleif.org/api/v1/lei-records/549300NSJTG65C45IN82/fund-manager","https://api.gleif.org/api/v1/lei-records/549300NSJTG65C45IN82/fund-manager-relationship",TRUE,NA,NA,NA,NA,"CORPORATION TRUST CENTER","838 WALKER ROAD",NA,NA,NA,NA,NA,NA,"https://api.gleif.org/api/v1/lei-records/549300NSJTG65C45IN82/umbrella-fund","https://api.gleif.org/api/v1/lei-records/549300NSJTG65C45IN82/umbrella-fund-relationship","SUITE 21-2",NA,NA,NA,NA,NA,"1209 ORANGE ST",NA,NA,NA,NA,NA,NA,NA,NA,NA,NA,NA,NA,NA,NA,NA,NA,NA,NA,NA,NA,NA,NA,NA,NA,NA,NA,NA,NA,NA,NA,NA,NA,NA,NA,NA,NA,NA,NA,NA,NA,NA,NA,NA,NA,NA,NA,NA,NA,NA,NA,NA,NA,NA,NA,NA,NA,NA,NA,NA,NA,NA,NA,NA,NA,NA,NA,NA,NA,NA,NA,NA,NA,NA,NA,NA,NA,NA,NA,NA,NA,NA,NA,NA,NA,NA,NA,NA,NA,NA,NA,NA,NA,NA,NA,NA,NA,NA,NA,NA,NA,NA,NA,NA,NA,NA,NA,NA,NA,NA,NA,NA,NA,NA,NA,NA,NA,NA,NA,NA,NA,NA,NA,NA,NA,NA,NA,NA,NA,NA,NA,NA,NA,NA,NA,NA,NA,NA,NA,NA,NA,NA,NA,NA,NA,NA,NA,NA,NA,NA,NA,NA,NA,NA,NA,NA,NA,NA,NA,NA,NA,NA,NA,NA,NA,NA,NA,NA,NA,NA,NA,NA,NA,NA,NA,NA,NA,NA,NA,NA,NA,NA,NA,NA,NA,NA,NA,NA,NA,NA,NA,NA,NA,NA,NA,NA,NA,NA,NA,NA,NA,NA,NA,NA,NA,NA,NA,NA,NA,NA,NA,NA,NA,NA,NA,NA,NA,NA,NA,NA,NA,NA,NA,NA,NA,NA,NA,NA,NA,NA,NA,NA,NA,NA,"PIMCO StocksPLUS Global Portfolio","Open-End Mutual Fund"
"146","549300NT0MZ5KBM4NN14","549300NT0MZ5KBM4NN14",200,"549300NT0MZ5KBM4NN14","PIMCO REALPATH Blend 2060 Fund","en",NA,NA,"en","C/O THE CORPORATION TRUST COMPANY",NA,NA,NA,"WILMINGTON","US-DE","US","19801","en","C/O PACIFIC INVESTMENT MANAGEMENT COMPANY LLC",NA,NA,NA,"NEWPORT BEACH","US-CA","US","92660","RA000665",NA,"S000067033","US","FUND","8888","FUND",NA,NA,"ACTIVE",NA,NA,NA,NA,NA,2016-12-31 00:00:00,NA,NA,NA,2019-10-25 14:32:00,2025-06-20 14:44:39,"ISSUED",2026-07-07 00:00:00,"5493001KJTIIGC8Y1R12","FULLY_CORROBORATED","RA000665",NA,"S000067033",NA,NA,NA,NA,NA,636811435,"CONFORMING","https://api.gleif.org/api/v1/lei-records/549300NT0MZ5KBM4NN14/managing-lou","https://api.gleif.org/api/v1/lei-records/549300NT0MZ5KBM4NN14/lei-issuer","https://api.gleif.org/api/v1/lei-records/549300NT0MZ5KBM4NN14/field-modifications","https://api.gleif.org/api/v1/lei-records/549300NT0MZ5KBM4NN14/direct-parent-reporting-exception","https://api.gleif.org/api/v1/lei-records/549300NT0MZ5KBM4NN14/ultimate-parent-reporting-exception","https://api.gleif.org/api/v1/lei-records/549300NT0MZ5KBM4NN14/fund-manager","https://api.gleif.org/api/v1/lei-records/549300NT0MZ5KBM4NN14/fund-manager-relationship",TRUE,NA,NA,NA,NA,"CORPORATION TRUST CENTER","650 NEWPORT CENTER DRIVE",NA,NA,NA,NA,NA,NA,"https://api.gleif.org/api/v1/lei-records/549300NT0MZ5KBM4NN14/umbrella-fund","https://api.gleif.org/api/v1/lei-records/549300NT0MZ5KBM4NN14/umbrella-fund-relationship",NA,NA,NA,NA,NA,NA,"1209 ORANGE ST",NA,NA,NA,NA,NA,NA,NA,NA,NA,NA,NA,NA,NA,NA,NA,NA,NA,NA,NA,NA,NA,NA,NA,NA,NA,NA,NA,NA,NA,NA,NA,NA,NA,NA,NA,NA,NA,NA,NA,NA,NA,NA,NA,NA,NA,NA,NA,NA,NA,NA,NA,NA,NA,NA,NA,NA,NA,NA,NA,NA,NA,NA,NA,NA,NA,NA,NA,NA,NA,NA,NA,NA,NA,NA,NA,NA,NA,NA,NA,NA,NA,NA,NA,NA,NA,NA,NA,NA,NA,NA,NA,NA,NA,NA,NA,NA,NA,NA,NA,NA,NA,NA,NA,NA,NA,NA,NA,NA,NA,NA,NA,NA,NA,NA,NA,NA,NA,NA,NA,NA,NA,NA,NA,NA,NA,NA,NA,NA,NA,NA,NA,NA,NA,NA,NA,NA,NA,NA,NA,NA,NA,NA,NA,NA,NA,NA,NA,NA,NA,NA,NA,NA,NA,NA,NA,NA,NA,NA,NA,NA,NA,NA,NA,NA,NA,NA,NA,NA,NA,NA,NA,NA,NA,NA,NA,NA,NA,NA,NA,NA,NA,NA,NA,NA,NA,NA,NA,NA,NA,NA,NA,NA,NA,NA,NA,NA,NA,NA,NA,NA,NA,NA,NA,NA,NA,NA,NA,NA,NA,NA,NA,NA,NA,NA,NA,NA,NA,NA,NA,NA,NA,NA,NA,NA,NA,NA,NA,NA,NA,NA,NA,NA,NA,"PIMCO REALPATH Blend 2060 Fund","Target Date Fund"
"147","549300NY4O5JZN7Z5678","549300NY4O5JZN7Z5678",200,"549300NY4O5JZN7Z5678","Global Real Estate Portfolio","en",NA,NA,"en","C/O THE CORPORATION TRUST INCORPORATED",NA,NA,NA,"LUTHERVILLE TIMONIUM","US-MD","US","21093-2252","en","C/O MORGAN STANLEY INVESTMENT MANAGEMENT INC.",NA,NA,NA,"WILMINGTON","US-DE","US","19801","RA000665",NA,"S000010224","US","FUND","8888","FUND",NA,NA,"INACTIVE",NA,NA,NA,NA,NA,2012-12-19 00:00:00,NA,NA,NA,2012-12-19 13:01:00,2024-12-30 14:49:34,"RETIRED",2025-05-07 15:14:07,"5493001KJTIIGC8Y1R12","FULLY_CORROBORATED","RA000665",NA,"S000010224",NA,NA,NA,NA,NA,44261836,"NOT_APPLICABLE","https://api.gleif.org/api/v1/lei-records/549300NY4O5JZN7Z5678/managing-lou","https://api.gleif.org/api/v1/lei-records/549300NY4O5JZN7Z5678/lei-issuer","https://api.gleif.org/api/v1/lei-records/549300NY4O5JZN7Z5678/field-modifications","https://api.gleif.org/api/v1/lei-records/549300NY4O5JZN7Z5678/direct-parent-reporting-exception","https://api.gleif.org/api/v1/lei-records/549300NY4O5JZN7Z5678/ultimate-parent-reporting-exception",NA,NA,TRUE,NA,"MORGAN STANLEY VARIABLE INSURANCE FUND, INC. - Global Real Estate Portfolio","en","PREVIOUS_LEGAL_NAME","2405 YORK ROAD","CORPORATION TRUST CENTER","STANDALONE","SUPPORTING_DOCUMENTS",2024-12-06 00:00:00,2024-12-30 00:00:00,"LIQUIDATION","COMPLETED",NA,NA,"1209 ORANGE ST",NA,NA,"The Universal Institutional Funds, Inc. - Global Real Estate Portfolio","en","PREVIOUS_LEGAL_NAME","SUITE 201",NA,NA,NA,NA,NA,NA,NA,NA,NA,NA,NA,NA,NA,NA,NA,NA,NA,NA,NA,NA,NA,NA,NA,NA,NA,NA,NA,NA,NA,NA,NA,NA,NA,NA,NA,NA,NA,NA,NA,NA,NA,NA,NA,NA,NA,NA,NA,NA,NA,NA,NA,NA,NA,NA,NA,NA,NA,NA,NA,NA,NA,NA,NA,NA,NA,NA,NA,NA,NA,NA,NA,NA,NA,NA,NA,NA,NA,NA,NA,NA,NA,NA,NA,NA,NA,NA,NA,NA,NA,NA,NA,NA,NA,NA,NA,NA,NA,NA,NA,NA,NA,NA,NA,NA,NA,NA,NA,NA,NA,NA,NA,NA,NA,NA,NA,NA,NA,NA,NA,NA,NA,NA,NA,NA,NA,NA,NA,NA,NA,NA,NA,NA,NA,NA,NA,NA,NA,NA,NA,NA,NA,NA,NA,NA,NA,NA,NA,NA,NA,NA,NA,NA,NA,NA,NA,NA,NA,NA,NA,NA,NA,NA,NA,NA,NA,NA,NA,NA,NA,NA,NA,NA,NA,NA,NA,NA,NA,NA,NA,NA,NA,NA,NA,NA,NA,NA,NA,NA,NA,NA,NA,NA,NA,NA,NA,NA,NA,NA,NA,NA,NA,NA,NA,NA,NA,NA,NA,NA,NA,NA,NA,NA,NA,NA,NA,NA,NA,NA,NA,NA,NA,NA,NA,NA,NA,NA,NA,NA,NA,NA,NA,NA,NA,"Global Real Estate Portfolio","Open-End Mutual Fund"
"148","549300O68KVNSTMTZ725","549300O68KVNSTMTZ725",200,"549300O68KVNSTMTZ725","Goldman Sachs Multi-Strategy Alternatives Portfolio","en",NA,NA,"en","1201 NORTH MARKET ST FL 18 P.O. BOX 1347",NA,NA,"c/o DELAWARE CORPORATION ORGANIZERS, INC.","WILMINGTON","US-DE","US","19801","en","200 West Street",NA,NA,"c/o GOLDMAN SACHS ASSET MANAGEMENT, L.P.","New York","US-NY","US","10282","RA000665",NA,"S000044541","US-DE","FUND","8888","Fund",NA,NA,"INACTIVE",NA,NA,NA,NA,NA,2014-02-11 00:00:00,NA,NA,NA,2014-01-30 00:49:00,2026-01-24 14:10:41,"RETIRED",2026-05-02 17:11:33,"529900T8BM49AURSDO55","PARTIALLY_CORROBORATED","RA000665",NA,"S000044541",NA,NA,NA,NA,NA,254618405,"NOT_APPLICABLE","https://api.gleif.org/api/v1/lei-records/549300O68KVNSTMTZ725/managing-lou","https://api.gleif.org/api/v1/lei-records/549300O68KVNSTMTZ725/lei-issuer","https://api.gleif.org/api/v1/lei-records/549300O68KVNSTMTZ725/field-modifications","https://api.gleif.org/api/v1/lei-records/549300O68KVNSTMTZ725/direct-parent-reporting-exception","https://api.gleif.org/api/v1/lei-records/549300O68KVNSTMTZ725/ultimate-parent-reporting-exception","https://api.gleif.org/api/v1/lei-records/549300O68KVNSTMTZ725/fund-manager","https://api.gleif.org/api/v1/lei-records/549300O68KVNSTMTZ725/fund-manager-relationship",TRUE,NA,NA,NA,NA,NA,NA,"STANDALONE","SUPPORTING_DOCUMENTS",2025-04-11 00:00:00,2025-05-16 10:19:06,"DISSOLUTION","COMPLETED","https://api.gleif.org/api/v1/lei-records/549300O68KVNSTMTZ725/umbrella-fund","https://api.gleif.org/api/v1/lei-records/549300O68KVNSTMTZ725/umbrella-fund-relationship",NA,NA,NA,NA,NA,NA,NA,NA,NA,NA,NA,NA,NA,NA,NA,NA,NA,NA,NA,NA,NA,NA,NA,NA,NA,NA,NA,NA,NA,NA,NA,NA,NA,NA,NA,NA,NA,NA,NA,NA,NA,NA,NA,NA,NA,NA,NA,NA,NA,NA,NA,NA,NA,NA,NA,NA,NA,NA,NA,NA,NA,NA,NA,NA,NA,NA,NA,NA,NA,NA,NA,NA,NA,NA,NA,NA,NA,NA,NA,NA,NA,NA,NA,NA,NA,NA,NA,NA,NA,NA,NA,NA,NA,NA,NA,NA,NA,NA,NA,NA,NA,NA,NA,NA,NA,NA,NA,NA,NA,NA,NA,NA,NA,NA,NA,NA,NA,NA,NA,NA,NA,NA,NA,NA,NA,NA,NA,NA,NA,NA,NA,NA,NA,NA,NA,NA,NA,NA,NA,NA,NA,NA,NA,NA,NA,NA,NA,NA,NA,NA,NA,NA,NA,NA,NA,NA,NA,NA,NA,NA,NA,NA,NA,NA,NA,NA,NA,NA,NA,NA,NA,NA,NA,NA,NA,NA,NA,NA,NA,NA,NA,NA,NA,NA,NA,NA,NA,NA,NA,NA,NA,NA,NA,NA,NA,NA,NA,NA,NA,NA,NA,NA,NA,NA,NA,NA,NA,NA,NA,NA,NA,NA,NA,NA,NA,NA,NA,NA,NA,NA,NA,NA,NA,NA,NA,NA,NA,NA,NA,NA,NA,NA,NA,NA,NA,NA,NA,NA,NA,NA,"Goldman Sachs Variable Insurance Trust Multi-Strategy Alternatives Portfolio Fund","Open-End Mutual Fund"
"149","549300OI3WMTZBXIMM32","549300OI3WMTZBXIMM32",200,"549300OI3WMTZBXIMM32","PIMCO Sector Fund Series - I","en",NA,NA,"en","C/O C T CORPORATION SYSTEM",NA,NA,NA,"BOSTON","US-MA","US","02110","en","C/O PACIFIC INVESTMENT MANAGEMENT COMPANY LLC",NA,NA,NA,"NEWPORT BEACH","US-CA","US","92660","RA000665",NA,"S000071788","US","FUND","8888","FUND",NA,NA,"ACTIVE",NA,NA,NA,NA,NA,2016-12-31 00:00:00,NA,NA,NA,2021-03-01 15:29:00,2025-09-04 05:40:03,"ISSUED",2026-09-16 00:00:00,"5493001KJTIIGC8Y1R12","FULLY_CORROBORATED","RA000665",NA,"S000071788",NA,NA,NA,NA,NA,706092276,"CONFORMING","https://api.gleif.org/api/v1/lei-records/549300OI3WMTZBXIMM32/managing-lou","https://api.gleif.org/api/v1/lei-records/549300OI3WMTZBXIMM32/lei-issuer","https://api.gleif.org/api/v1/lei-records/549300OI3WMTZBXIMM32/field-modifications","https://api.gleif.org/api/v1/lei-records/549300OI3WMTZBXIMM32/direct-parent-reporting-exception","https://api.gleif.org/api/v1/lei-records/549300OI3WMTZBXIMM32/ultimate-parent-reporting-exception","https://api.gleif.org/api/v1/lei-records/549300OI3WMTZBXIMM32/fund-manager","https://api.gleif.org/api/v1/lei-records/549300OI3WMTZBXIMM32/fund-manager-relationship",TRUE,NA,NA,NA,NA,"155 FEDERAL ST.","650 NEWPORT CENTER DRIVE",NA,NA,NA,NA,NA,NA,"https://api.gleif.org/api/v1/lei-records/549300OI3WMTZBXIMM32/umbrella-fund","https://api.gleif.org/api/v1/lei-records/549300OI3WMTZBXIMM32/umbrella-fund-relationship",NA,NA,NA,NA,NA,NA,"SUITE 700",NA,NA,NA,NA,NA,NA,NA,NA,NA,NA,NA,NA,NA,NA,NA,NA,NA,NA,NA,NA,NA,NA,NA,NA,NA,NA,NA,NA,NA,NA,NA,NA,NA,NA,NA,NA,NA,NA,NA,NA,NA,NA,NA,NA,NA,NA,NA,NA,NA,NA,NA,NA,NA,NA,NA,NA,NA,NA,NA,NA,NA,NA,NA,NA,NA,NA,NA,NA,NA,NA,NA,NA,NA,NA,NA,NA,NA,NA,NA,NA,NA,NA,NA,NA,NA,NA,NA,NA,NA,NA,NA,NA,NA,NA,NA,NA,NA,NA,NA,NA,NA,NA,NA,NA,NA,NA,NA,NA,NA,NA,NA,NA,NA,NA,NA,NA,NA,NA,NA,NA,NA,NA,NA,NA,NA,NA,NA,NA,NA,NA,NA,NA,NA,NA,NA,NA,NA,NA,NA,NA,NA,NA,NA,NA,NA,NA,NA,NA,NA,NA,NA,NA,NA,NA,NA,NA,NA,NA,NA,NA,NA,NA,NA,NA,NA,NA,NA,NA,NA,NA,NA,NA,NA,NA,NA,NA,NA,NA,NA,NA,NA,NA,NA,NA,NA,NA,NA,NA,NA,NA,NA,NA,NA,NA,NA,NA,NA,NA,NA,NA,NA,NA,NA,NA,NA,NA,NA,NA,NA,NA,NA,NA,NA,NA,NA,NA,NA,NA,NA,NA,NA,NA,NA,NA,NA,NA,NA,NA,NA,NA,NA,NA,NA,"PIMCO Sector Fund Series - I","Open-End Mutual Fund"
"150","549300OO3LEZN53XCB15","549300OO3LEZN53XCB15",200,"549300OO3LEZN53XCB15","iShares MSCI Emerging Markets ex China ETF","en",NA,NA,"en","c/o THE CORPORATION TRUST INCORPORATED, 2405 YORK ROAD, SUITE 201",NA,NA,NA,"LUTHERVILLE TIMONIUM","US-MD","US","21093-2264","en","c/o BLACKROCK FUND ADVISORS, c/o TERRI SLANE, 400 HOWARD STREET",NA,NA,"c/o BLACKROCK FUND ADVISORS","SAN FRANCISCO","US-CA","US","94105","RA000665",NA,"S000057835","US-MD","FUND","8888","Trust",NA,NA,"ACTIVE",NA,NA,NA,NA,NA,2017-07-17 22:00:00,NA,NA,NA,2017-04-06 02:20:00,2025-10-31 16:44:18,"ISSUED",2026-12-01 13:49:18,"5299000J2N45DDNE4Y28","FULLY_CORROBORATED","RA000665",NA,"S000057835",NA,NA,NA,NA,NA,426357095,"CONFORMING","https://api.gleif.org/api/v1/lei-records/549300OO3LEZN53XCB15/managing-lou","https://api.gleif.org/api/v1/lei-records/549300OO3LEZN53XCB15/lei-issuer","https://api.gleif.org/api/v1/lei-records/549300OO3LEZN53XCB15/field-modifications","https://api.gleif.org/api/v1/lei-records/549300OO3LEZN53XCB15/direct-parent-reporting-exception","https://api.gleif.org/api/v1/lei-records/549300OO3LEZN53XCB15/ultimate-parent-reporting-exception","https://api.gleif.org/api/v1/lei-records/549300OO3LEZN53XCB15/fund-manager","https://api.gleif.org/api/v1/lei-records/549300OO3LEZN53XCB15/fund-manager-relationship",TRUE,NA,"iShares, Inc. - iShares MSCI Emerging Markets ex China ETF","en","PREVIOUS_LEGAL_NAME",NA,NA,"STANDALONE","SUPPORTING_DOCUMENTS",2023-11-02 23:00:00,2023-11-03 13:10:19,"CHANGE_LEGAL_ADDRESS","COMPLETED","https://api.gleif.org/api/v1/lei-records/549300OO3LEZN53XCB15/umbrella-fund","https://api.gleif.org/api/v1/lei-records/549300OO3LEZN53XCB15/umbrella-fund-relationship",NA,NA,NA,NA,NA,NA,NA,"STANDALONE","SUPPORTING_DOCUMENTS",2023-02-13 23:00:00,2023-02-14 10:50:20,"CHANGE_HQ_ADDRESS","COMPLETED",NA,NA,NA,NA,NA,NA,NA,NA,NA,NA,NA,NA,NA,NA,NA,NA,NA,NA,NA,NA,"STANDALONE","SUPPORTING_DOCUMENTS",2023-02-13 23:00:00,2023-02-14 10:50:20,"CHANGE_LEGAL_ADDRESS","COMPLETED","STANDALONE","SUPPORTING_DOCUMENTS",2023-02-13 23:00:00,2023-02-14 10:50:20,"CHANGE_LEGAL_NAME","COMPLETED",NA,NA,NA,NA,NA,NA,NA,NA,NA,NA,NA,NA,NA,NA,NA,NA,NA,NA,NA,NA,NA,NA,NA,NA,NA,NA,NA,NA,NA,NA,NA,NA,NA,NA,NA,NA,NA,NA,NA,NA,NA,NA,NA,NA,NA,NA,NA,NA,NA,NA,NA,NA,NA,NA,NA,NA,NA,NA,NA,NA,NA,NA,NA,NA,NA,NA,NA,NA,NA,NA,NA,NA,NA,NA,NA,NA,NA,NA,NA,NA,NA,NA,NA,NA,NA,NA,NA,NA,NA,NA,NA,NA,NA,NA,NA,NA,NA,NA,NA,NA,NA,NA,NA,NA,NA,NA,NA,NA,NA,NA,NA,NA,NA,NA,NA,NA,NA,NA,NA,NA,NA,NA,NA,NA,NA,NA,NA,NA,NA,NA,NA,NA,NA,NA,NA,NA,NA,NA,NA,NA,NA,NA,NA,NA,NA,NA,NA,NA,NA,NA,NA,NA,NA,NA,NA,NA,NA,NA,NA,NA,NA,NA,NA,NA,NA,NA,NA,NA,NA,NA,NA,NA,NA,NA,NA,NA,NA,NA,NA,NA,NA,NA,NA,NA,NA,NA,NA,NA,NA,NA,NA,NA,NA,NA,NA,"iShares MSCI Emerging Markets ex China ETF","ETF"
"151","549300OOWWGW13TF0P06","549300OOWWGW13TF0P06",200,"549300OOWWGW13TF0P06","Calvert Emerging Markets Advancement Fund","en",NA,NA,"en","C/O THE CORPORATION TRUST INCORPORATED",NA,NA,NA,"LUTHERVILLE TIMONIUM","US-MD","US","21093","en","C/O CALVERT RESEARCH AND MANAGEMENT",NA,NA,NA,"WASHINGTON","US-MA","US","02110","RA000665",NA,"S000066644","US","FUND","8888","FUND",NA,NA,"ACTIVE",NA,NA,NA,NA,NA,2019-08-30 00:00:00,NA,NA,NA,2019-08-30 14:31:00,2025-10-24 21:01:01,"ISSUED",2026-11-22 18:17:00,"5493001KJTIIGC8Y1R12","FULLY_CORROBORATED","RA000665",NA,"S000066644",NA,NA,NA,NA,NA,633323471,"CONFORMING","https://api.gleif.org/api/v1/lei-records/549300OOWWGW13TF0P06/managing-lou","https://api.gleif.org/api/v1/lei-records/549300OOWWGW13TF0P06/lei-issuer","https://api.gleif.org/api/v1/lei-records/549300OOWWGW13TF0P06/field-modifications","https://api.gleif.org/api/v1/lei-records/549300OOWWGW13TF0P06/direct-parent-reporting-exception","https://api.gleif.org/api/v1/lei-records/549300OOWWGW13TF0P06/ultimate-parent-reporting-exception","https://api.gleif.org/api/v1/lei-records/549300OOWWGW13TF0P06/fund-manager","https://api.gleif.org/api/v1/lei-records/549300OOWWGW13TF0P06/fund-manager-relationship",TRUE,NA,"CALVERT WORLD VALUES FUND INC. - Calvert Emerging Markets Advancement Fund","en","PREVIOUS_LEGAL_NAME","2405 YORK ROAD","155 FEDERAL ST SUITE 700",NA,NA,NA,NA,NA,NA,"https://api.gleif.org/api/v1/lei-records/549300OOWWGW13TF0P06/umbrella-fund","https://api.gleif.org/api/v1/lei-records/549300OOWWGW13TF0P06/umbrella-fund-relationship",NA,NA,NA,NA,NA,NA,"SUITE 201",NA,NA,NA,NA,NA,NA,NA,NA,NA,NA,NA,NA,NA,NA,NA,NA,NA,NA,NA,NA,NA,NA,NA,NA,NA,NA,NA,NA,NA,NA,NA,NA,NA,NA,NA,NA,NA,NA,NA,NA,NA,NA,NA,NA,NA,NA,NA,NA,NA,NA,NA,NA,NA,NA,NA,NA,NA,NA,NA,NA,NA,NA,NA,NA,NA,NA,NA,NA,NA,NA,NA,NA,NA,NA,NA,NA,NA,NA,NA,NA,NA,NA,NA,NA,NA,NA,NA,NA,NA,NA,NA,NA,NA,NA,NA,NA,NA,NA,NA,NA,NA,NA,NA,NA,NA,NA,NA,NA,NA,NA,NA,NA,NA,NA,NA,NA,NA,NA,NA,NA,NA,NA,NA,NA,NA,NA,NA,NA,NA,NA,NA,NA,NA,NA,NA,NA,NA,NA,NA,NA,NA,NA,NA,NA,NA,NA,NA,NA,NA,NA,NA,NA,NA,NA,NA,NA,NA,NA,NA,NA,NA,NA,NA,NA,NA,NA,NA,NA,NA,NA,NA,NA,NA,NA,NA,NA,NA,NA,NA,NA,NA,NA,NA,NA,NA,NA,NA,NA,NA,NA,NA,NA,NA,NA,NA,NA,NA,NA,NA,NA,NA,NA,NA,NA,NA,NA,NA,NA,NA,NA,NA,NA,NA,NA,NA,NA,NA,NA,NA,NA,NA,NA,NA,NA,NA,NA,NA,NA,NA,NA,NA,NA,NA,"Calvert Emerging Markets Advancement Fund","Open-End Mutual Fund"
"152","549300OQTGOMBCM7FT39","549300OQTGOMBCM7FT39",200,"549300OQTGOMBCM7FT39","Transamerica Capital Growth","en",NA,NA,"en","C/O THE CORPORATION TRUST COMPANY",NA,NA,NA,"WILMINGTON","US-DE","US","19801","en","C/O TRANSAMERICA ASSET MANAGEMENT, INC.",NA,NA,NA,"DENVER","US-CO","US","80202","RA000665",NA,"S000007785","US","FUND","8888","SUB-FUND",NA,NA,"ACTIVE",NA,NA,NA,NA,NA,2012-12-04 00:00:00,NA,NA,NA,2012-12-05 19:48:00,2026-01-21 19:37:19,"ISSUED",2027-02-04 15:14:19,"5493001KJTIIGC8Y1R12","FULLY_CORROBORATED","RA000665",NA,"S000007785",NA,NA,NA,NA,NA,28211096,"CONFORMING","https://api.gleif.org/api/v1/lei-records/549300OQTGOMBCM7FT39/managing-lou","https://api.gleif.org/api/v1/lei-records/549300OQTGOMBCM7FT39/lei-issuer","https://api.gleif.org/api/v1/lei-records/549300OQTGOMBCM7FT39/field-modifications","https://api.gleif.org/api/v1/lei-records/549300OQTGOMBCM7FT39/direct-parent-reporting-exception","https://api.gleif.org/api/v1/lei-records/549300OQTGOMBCM7FT39/ultimate-parent-reporting-exception","https://api.gleif.org/api/v1/lei-records/549300OQTGOMBCM7FT39/fund-manager","https://api.gleif.org/api/v1/lei-records/549300OQTGOMBCM7FT39/fund-manager-relationship",TRUE,NA,"Transamerica Funds - Transamerica Legg Mason Partners All Cap","en","PREVIOUS_LEGAL_NAME","CORPORATION TRUST CENTER","1801 CALIFORNIA STREET","STANDALONE","SUPPORTING_DOCUMENTS",2025-01-21 00:00:00,2025-01-21 00:00:00,"CHANGE_LEGAL_NAME","COMPLETED","https://api.gleif.org/api/v1/lei-records/549300OQTGOMBCM7FT39/umbrella-fund","https://api.gleif.org/api/v1/lei-records/549300OQTGOMBCM7FT39/umbrella-fund-relationship","SUITE 3700",NA,NA,"Transamerica Idex Mutual Funds - TA IDEX Legg Mason Partners All Cap","en","PREVIOUS_LEGAL_NAME","1209 ORANGE ST","STANDALONE","SUPPORTING_DOCUMENTS",2023-01-21 00:00:00,2025-01-21 00:00:00,"CHANGE_LEGAL_NAME","COMPLETED",NA,NA,NA,NA,NA,NA,NA,NA,NA,NA,NA,NA,NA,NA,NA,NA,NA,NA,NA,NA,NA,NA,NA,NA,NA,NA,NA,NA,NA,NA,NA,NA,NA,NA,NA,NA,NA,NA,NA,NA,NA,NA,NA,NA,NA,NA,NA,NA,NA,NA,NA,NA,NA,NA,NA,NA,NA,NA,NA,NA,NA,NA,NA,NA,NA,NA,NA,NA,NA,NA,NA,NA,NA,NA,NA,NA,NA,NA,NA,NA,NA,NA,NA,NA,NA,NA,NA,NA,NA,NA,NA,NA,NA,NA,NA,NA,NA,NA,NA,NA,NA,NA,NA,NA,NA,NA,NA,NA,NA,NA,NA,NA,NA,NA,NA,NA,NA,NA,NA,NA,NA,NA,NA,NA,NA,NA,NA,NA,NA,NA,NA,NA,NA,NA,NA,NA,NA,NA,NA,NA,NA,NA,NA,NA,NA,NA,NA,NA,NA,NA,NA,NA,NA,NA,NA,NA,NA,NA,NA,NA,NA,NA,NA,NA,NA,NA,NA,NA,NA,NA,NA,NA,NA,NA,NA,NA,NA,NA,NA,NA,NA,NA,NA,NA,NA,NA,NA,NA,NA,NA,NA,NA,NA,NA,NA,NA,NA,NA,NA,NA,NA,NA,NA,NA,NA,NA,NA,NA,NA,NA,NA,NA,NA,NA,NA,NA,NA,NA,NA,NA,NA,NA,NA,NA,NA,NA,NA,"Transamerica Capital Growth","Open-End Mutual Fund"
"153","549300P9300R3FCSTO42","549300P9300R3FCSTO42",200,"549300P9300R3FCSTO42","PIMCO International Bond Portfolio (U.S. Dollar-Hedged)","en",NA,NA,"en","C/O THE CORPORATION TRUST COMPANY",NA,NA,NA,"WILMINGTON","US-DE","US","19801","en","C/O PACIFIC INVESTMENT MANAGEMENT COMPANY LLC",NA,NA,NA,"NEWPORT BEACH","US-CA","US","92660","RA000665",NA,"S000009669","US","FUND","8888","FUND",NA,NA,"ACTIVE",NA,NA,NA,NA,NA,2012-12-26 00:00:00,NA,NA,NA,2012-12-27 16:02:00,2025-06-19 20:50:45,"ISSUED",2026-07-07 00:00:00,"5493001KJTIIGC8Y1R12","FULLY_CORROBORATED","RA000665",NA,"S000009669",NA,NA,NA,NA,NA,33661399,"CONFORMING","https://api.gleif.org/api/v1/lei-records/549300P9300R3FCSTO42/managing-lou","https://api.gleif.org/api/v1/lei-records/549300P9300R3FCSTO42/lei-issuer","https://api.gleif.org/api/v1/lei-records/549300P9300R3FCSTO42/field-modifications","https://api.gleif.org/api/v1/lei-records/549300P9300R3FCSTO42/direct-parent-reporting-exception","https://api.gleif.org/api/v1/lei-records/549300P9300R3FCSTO42/ultimate-parent-reporting-exception","https://api.gleif.org/api/v1/lei-records/549300P9300R3FCSTO42/fund-manager","https://api.gleif.org/api/v1/lei-records/549300P9300R3FCSTO42/fund-manager-relationship",TRUE,NA,NA,NA,NA,"CORPORATION TRUST CENTER","650 NEWPORT CENTER DRIVE",NA,NA,NA,NA,NA,NA,"https://api.gleif.org/api/v1/lei-records/549300P9300R3FCSTO42/umbrella-fund","https://api.gleif.org/api/v1/lei-records/549300P9300R3FCSTO42/umbrella-fund-relationship",NA,NA,NA,NA,NA,NA,"1209 ORANGE ST",NA,NA,NA,NA,NA,NA,NA,NA,NA,NA,NA,NA,NA,NA,NA,NA,NA,NA,NA,NA,NA,NA,NA,NA,NA,NA,NA,NA,NA,NA,NA,NA,NA,NA,NA,NA,NA,NA,NA,NA,NA,NA,NA,NA,NA,NA,NA,NA,NA,NA,NA,NA,NA,NA,NA,NA,NA,NA,NA,NA,NA,NA,NA,NA,NA,NA,NA,NA,NA,NA,NA,NA,NA,NA,NA,NA,NA,NA,NA,NA,NA,NA,NA,NA,NA,NA,NA,NA,NA,NA,NA,NA,NA,NA,NA,NA,NA,NA,NA,NA,NA,NA,NA,NA,NA,NA,NA,NA,NA,NA,NA,NA,NA,NA,NA,NA,NA,NA,NA,NA,NA,NA,NA,NA,NA,NA,NA,NA,NA,NA,NA,NA,NA,NA,NA,NA,NA,NA,NA,NA,NA,NA,NA,NA,NA,NA,NA,NA,NA,NA,NA,NA,NA,NA,NA,NA,NA,NA,NA,NA,NA,NA,NA,NA,NA,NA,NA,NA,NA,NA,NA,NA,NA,NA,NA,NA,NA,NA,NA,NA,NA,NA,NA,NA,NA,NA,NA,NA,NA,NA,NA,NA,NA,NA,NA,NA,NA,NA,NA,NA,NA,NA,NA,NA,NA,NA,NA,NA,NA,NA,NA,NA,NA,NA,NA,NA,NA,NA,NA,NA,NA,NA,NA,NA,NA,NA,NA,NA,NA,NA,NA,NA,NA,"PIMCO International Bond Portfolio (U.S. Dollar-Hedged)","Open-End Mutual Fund"
"154","549300Q2U4FH3O95W808","549300Q2U4FH3O95W808",200,"549300Q2U4FH3O95W808","PF Emerging Markets Debt Fund","en",NA,NA,"en","CORPORATION TRUST CENTER 1209 ORANGE ST",NA,NA,NA,"WILMINGTON","US-DE","US","19801","en","c/o PACIFIC LIFE FUND ADVISORS LLC",NA,NA,NA,"Newport Beach","US-CA","US","92660","RA000665",NA,"S000037221","US","FUND","8888","FUND",NA,NA,"INACTIVE",NA,NA,NA,NA,NA,2012-12-17 00:00:00,NA,NA,NA,2012-12-18 12:56:00,2025-01-28 20:39:36,"RETIRED",2023-07-11 00:00:00,"5493001KJTIIGC8Y1R12","FULLY_CORROBORATED","RA000665",NA,"S000037221",NA,NA,NA,NA,NA,207121596,"NOT_APPLICABLE","https://api.gleif.org/api/v1/lei-records/549300Q2U4FH3O95W808/managing-lou","https://api.gleif.org/api/v1/lei-records/549300Q2U4FH3O95W808/lei-issuer","https://api.gleif.org/api/v1/lei-records/549300Q2U4FH3O95W808/field-modifications","https://api.gleif.org/api/v1/lei-records/549300Q2U4FH3O95W808/direct-parent-reporting-exception","https://api.gleif.org/api/v1/lei-records/549300Q2U4FH3O95W808/ultimate-parent-reporting-exception",NA,NA,TRUE,NA,NA,NA,NA,NA,"700 Newport Center Drive","STANDALONE","SUPPORTING_DOCUMENTS",2023-04-15 00:00:00,2025-01-28 00:00:00,"DISSOLUTION","COMPLETED",NA,NA,NA,NA,NA,NA,NA,NA,NA,NA,NA,NA,NA,NA,NA,NA,NA,NA,NA,NA,NA,NA,NA,NA,NA,NA,NA,NA,NA,NA,NA,NA,NA,NA,NA,NA,NA,NA,NA,NA,NA,NA,NA,NA,NA,NA,NA,NA,NA,NA,NA,NA,NA,NA,NA,NA,NA,NA,NA,NA,NA,NA,NA,NA,NA,NA,NA,NA,NA,NA,NA,NA,NA,NA,NA,NA,NA,NA,NA,NA,NA,NA,NA,NA,NA,NA,NA,NA,NA,NA,NA,NA,NA,NA,NA,NA,NA,NA,NA,NA,NA,NA,NA,NA,NA,NA,NA,NA,NA,NA,NA,NA,NA,NA,NA,NA,NA,NA,NA,NA,NA,NA,NA,NA,NA,NA,NA,NA,NA,NA,NA,NA,NA,NA,NA,NA,NA,NA,NA,NA,NA,NA,NA,NA,NA,NA,NA,NA,NA,NA,NA,NA,NA,NA,NA,NA,NA,NA,NA,NA,NA,NA,NA,NA,NA,NA,NA,NA,NA,NA,NA,NA,NA,NA,NA,NA,NA,NA,NA,NA,NA,NA,NA,NA,NA,NA,NA,NA,NA,NA,NA,NA,NA,NA,NA,NA,NA,NA,NA,NA,NA,NA,NA,NA,NA,NA,NA,NA,NA,NA,NA,NA,NA,NA,NA,NA,NA,NA,NA,NA,NA,NA,NA,NA,NA,NA,NA,NA,NA,NA,NA,NA,NA,NA,NA,NA,NA,NA,NA,NA,NA,NA,"PF Emerging Markets Debt Fund","Open-End Mutual Fund"
"155","549300QHLLRZMTBIWN70","549300QHLLRZMTBIWN70",200,"549300QHLLRZMTBIWN70","iShares Emergent Food and AgTech Multisector ETF","en",NA,NA,"en","c/o THE CORPORATION TRUST COMPANY, CORPORATION TRUST CENTER 1209 ORANGE ST",NA,NA,NA,"WILMINGTON","US-DE","US","19801","en","c/o BLACKROCK FUND ADVISORS, c/o TERRI SLANE, 400 Howard Street",NA,NA,"c/o BLACKROCK FUND ADVISORS","San Francisco","US-CA","US","94105","RA000665",NA,"S000075506","US-DE","FUND","4FSX",NA,NA,NA,"ACTIVE",NA,NA,NA,NA,NA,2022-04-24 22:00:00,NA,NA,NA,2022-02-10 21:31:00,2025-11-08 09:24:37,"ISSUED",2026-12-15 12:13:48,"5299000J2N45DDNE4Y28","FULLY_CORROBORATED","RA000665",NA,"S000075506",NA,NA,NA,NA,NA,1762380363,"CONFORMING","https://api.gleif.org/api/v1/lei-records/549300QHLLRZMTBIWN70/managing-lou","https://api.gleif.org/api/v1/lei-records/549300QHLLRZMTBIWN70/lei-issuer","https://api.gleif.org/api/v1/lei-records/549300QHLLRZMTBIWN70/field-modifications","https://api.gleif.org/api/v1/lei-records/549300QHLLRZMTBIWN70/direct-parent-reporting-exception","https://api.gleif.org/api/v1/lei-records/549300QHLLRZMTBIWN70/ultimate-parent-reporting-exception","https://api.gleif.org/api/v1/lei-records/549300QHLLRZMTBIWN70/fund-manager","https://api.gleif.org/api/v1/lei-records/549300QHLLRZMTBIWN70/fund-manager-relationship",TRUE,NA,NA,NA,NA,NA,NA,"STANDALONE","SUPPORTING_DOCUMENTS",2024-11-13 23:00:00,2024-11-14 17:25:52,"CHANGE_LEGAL_FORM","COMPLETED","https://api.gleif.org/api/v1/lei-records/549300QHLLRZMTBIWN70/umbrella-fund","https://api.gleif.org/api/v1/lei-records/549300QHLLRZMTBIWN70/umbrella-fund-relationship",NA,NA,NA,NA,NA,NA,NA,"STANDALONE","SUPPORTING_DOCUMENTS",2024-11-13 23:00:00,2024-11-14 17:25:52,"CHANGE_HQ_ADDRESS","COMPLETED",NA,NA,NA,NA,NA,NA,NA,NA,NA,NA,NA,NA,NA,NA,NA,NA,NA,NA,NA,NA,"STANDALONE","SUPPORTING_DOCUMENTS",2024-11-13 23:00:00,2024-11-14 17:25:52,"CHANGE_LEGAL_ADDRESS","COMPLETED","STANDALONE","SUPPORTING_DOCUMENTS",2023-11-08 23:00:00,2023-11-09 12:31:17,"CHANGE_HQ_ADDRESS","COMPLETED",NA,NA,NA,NA,NA,NA,NA,NA,NA,NA,NA,NA,NA,NA,NA,NA,NA,NA,NA,NA,NA,NA,NA,NA,NA,NA,NA,NA,NA,NA,NA,NA,NA,NA,NA,NA,NA,NA,NA,NA,NA,NA,NA,"STANDALONE","SUPPORTING_DOCUMENTS",2023-11-08 23:00:00,2023-11-09 12:31:17,"CHANGE_LEGAL_ADDRESS","COMPLETED",NA,NA,NA,NA,NA,NA,NA,NA,NA,NA,NA,NA,NA,NA,NA,NA,NA,NA,NA,NA,NA,NA,NA,NA,NA,NA,NA,NA,NA,NA,NA,NA,NA,NA,NA,NA,NA,NA,NA,NA,NA,NA,NA,NA,NA,NA,NA,NA,NA,NA,NA,NA,NA,NA,NA,NA,NA,NA,NA,NA,NA,NA,NA,NA,NA,NA,NA,NA,NA,NA,NA,NA,NA,NA,NA,NA,NA,NA,NA,NA,NA,NA,NA,NA,NA,NA,NA,NA,NA,NA,NA,NA,NA,NA,NA,NA,NA,NA,NA,NA,NA,NA,NA,NA,NA,NA,NA,NA,NA,NA,NA,NA,NA,NA,NA,NA,NA,NA,NA,NA,NA,NA,NA,NA,NA,NA,NA,NA,NA,NA,NA,NA,NA,NA,NA,NA,NA,NA,NA,NA,NA,NA,NA,NA,NA,NA,"iShares Emergent Food and AgTech Multisector ETF","ETF"
"156","549300QLS00MSCRQU042","549300QLS00MSCRQU042",200,"549300QLS00MSCRQU042","Eaton Vance Multi-Asset Credit Fund","en",NA,NA,"en","ONE POST OFFICE SQUARE",NA,NA,NA,"BOSTON","US-MA","US","02110","en","C/O EATON VANCE MANAGEMENT",NA,NA,NA,"BOSTON","US-MA","US","02110","RA000665",NA,"S000033949","US","FUND","8888","FUND",NA,NA,"ACTIVE",NA,NA,NA,NA,NA,2014-02-06 00:00:00,NA,NA,NA,2014-02-07 20:10:00,2025-12-15 17:04:24,"ISSUED",2027-01-10 00:00:00,"5493001KJTIIGC8Y1R12","FULLY_CORROBORATED","RA000665",NA,"S000033949",NA,NA,NA,NA,NA,141487008,"CONFORMING","https://api.gleif.org/api/v1/lei-records/549300QLS00MSCRQU042/managing-lou","https://api.gleif.org/api/v1/lei-records/549300QLS00MSCRQU042/lei-issuer","https://api.gleif.org/api/v1/lei-records/549300QLS00MSCRQU042/field-modifications","https://api.gleif.org/api/v1/lei-records/549300QLS00MSCRQU042/direct-parent-reporting-exception","https://api.gleif.org/api/v1/lei-records/549300QLS00MSCRQU042/ultimate-parent-reporting-exception","https://api.gleif.org/api/v1/lei-records/549300QLS00MSCRQU042/fund-manager","https://api.gleif.org/api/v1/lei-records/549300QLS00MSCRQU042/fund-manager-relationship",TRUE,NA,NA,NA,NA,NA,"ONE POST OFFICE SQUARE",NA,NA,NA,NA,NA,NA,"https://api.gleif.org/api/v1/lei-records/549300QLS00MSCRQU042/umbrella-fund","https://api.gleif.org/api/v1/lei-records/549300QLS00MSCRQU042/umbrella-fund-relationship",NA,NA,NA,NA,NA,NA,NA,NA,NA,NA,NA,NA,NA,"https://api.gleif.org/api/v1/lei-records/549300QLS00MSCRQU042/isins",NA,NA,NA,NA,NA,NA,NA,NA,NA,NA,NA,NA,NA,NA,NA,NA,NA,NA,NA,NA,NA,NA,NA,NA,NA,NA,NA,NA,NA,NA,NA,NA,NA,NA,NA,NA,NA,NA,NA,NA,NA,NA,NA,NA,NA,NA,NA,NA,NA,NA,NA,NA,NA,NA,NA,NA,NA,NA,NA,NA,NA,NA,NA,NA,NA,NA,NA,NA,NA,NA,NA,NA,NA,NA,NA,NA,NA,NA,NA,NA,NA,NA,NA,NA,NA,NA,NA,NA,NA,NA,NA,NA,NA,NA,NA,NA,NA,NA,NA,NA,NA,NA,NA,NA,NA,NA,NA,NA,NA,NA,NA,NA,NA,NA,NA,NA,NA,NA,NA,NA,NA,NA,NA,NA,NA,NA,NA,NA,NA,NA,NA,NA,NA,NA,NA,NA,NA,NA,NA,NA,NA,NA,NA,NA,NA,NA,NA,NA,NA,NA,NA,NA,NA,NA,NA,NA,NA,NA,NA,NA,NA,NA,NA,NA,NA,NA,NA,NA,NA,NA,NA,NA,NA,NA,NA,NA,NA,NA,NA,NA,NA,NA,NA,NA,NA,NA,NA,NA,NA,NA,NA,NA,NA,NA,NA,NA,NA,NA,NA,NA,NA,NA,NA,NA,NA,NA,NA,NA,NA,NA,NA,NA,NA,NA,NA,NA,NA,NA,NA,NA,NA,NA,NA,NA,NA,NA,"Eaton Vance Multi-Asset Credit Fund","Open-End Mutual Fund"
"157","549300QNROXHZ53JWF91","549300QNROXHZ53JWF91",200,"549300QNROXHZ53JWF91","iShares MSCI Emerging Markets Asia ETF","en",NA,NA,"en","c/o THE CORPORATION TRUST INCORPORATED, 2405 YORK ROAD, SUITE 201",NA,NA,NA,"LUTHERVILLE TIMONIUM","US-MD","US","21093-2264","en","c/o BLACKROCK FUND ADVISORS, c/o TERRI SLANE, 400 Howard Street",NA,NA,"c/o BLACKROCK FUND ADVISORS","San Francisco","US-CA","US","94105","RA000665",NA,"S000034697","US-MD","FUND","HLR4",NA,NA,NA,"ACTIVE",NA,NA,NA,NA,NA,2012-02-07 23:00:00,NA,NA,NA,2012-12-24 10:14:00,2025-11-21 13:05:15,"ISSUED",2027-01-06 09:59:04,"5299000J2N45DDNE4Y28","FULLY_CORROBORATED","RA000665",NA,"S000034697",NA,NA,NA,NA,NA,169246672,"CONFORMING","https://api.gleif.org/api/v1/lei-records/549300QNROXHZ53JWF91/managing-lou","https://api.gleif.org/api/v1/lei-records/549300QNROXHZ53JWF91/lei-issuer","https://api.gleif.org/api/v1/lei-records/549300QNROXHZ53JWF91/field-modifications","https://api.gleif.org/api/v1/lei-records/549300QNROXHZ53JWF91/direct-parent-reporting-exception","https://api.gleif.org/api/v1/lei-records/549300QNROXHZ53JWF91/ultimate-parent-reporting-exception","https://api.gleif.org/api/v1/lei-records/549300QNROXHZ53JWF91/fund-manager","https://api.gleif.org/api/v1/lei-records/549300QNROXHZ53JWF91/fund-manager-relationship",TRUE,NA,"iShares, Inc. - iShares MSCI Emerging Markets Asia ETF","en","PREVIOUS_LEGAL_NAME",NA,NA,"STANDALONE","SUPPORTING_DOCUMENTS",2023-12-07 23:00:00,2023-12-08 10:48:18,"CHANGE_HQ_ADDRESS","COMPLETED","https://api.gleif.org/api/v1/lei-records/549300QNROXHZ53JWF91/umbrella-fund","https://api.gleif.org/api/v1/lei-records/549300QNROXHZ53JWF91/umbrella-fund-relationship",NA,NA,NA,NA,NA,NA,NA,"STANDALONE","SUPPORTING_DOCUMENTS",2023-12-07 23:00:00,2023-12-08 10:48:18,"CHANGE_LEGAL_ADDRESS","COMPLETED",NA,NA,NA,NA,NA,NA,NA,NA,NA,NA,NA,NA,NA,NA,NA,NA,NA,NA,NA,NA,"STANDALONE","SUPPORTING_DOCUMENTS",2023-12-07 23:00:00,2023-12-08 10:48:18,"CHANGE_LEGAL_NAME","COMPLETED",NA,NA,NA,NA,NA,NA,NA,NA,NA,NA,NA,NA,NA,NA,NA,NA,NA,NA,NA,NA,NA,NA,NA,NA,NA,NA,NA,NA,NA,NA,NA,NA,NA,NA,NA,NA,NA,NA,NA,NA,NA,NA,NA,NA,NA,NA,NA,NA,NA,NA,NA,NA,NA,NA,NA,NA,NA,NA,NA,NA,NA,NA,NA,NA,NA,NA,NA,NA,NA,NA,NA,NA,NA,NA,NA,NA,NA,NA,NA,NA,NA,NA,NA,NA,NA,NA,NA,NA,NA,NA,NA,NA,NA,NA,NA,NA,NA,NA,NA,NA,NA,NA,NA,NA,NA,NA,NA,NA,NA,NA,NA,NA,NA,NA,NA,NA,NA,NA,NA,NA,NA,NA,NA,NA,NA,NA,NA,NA,NA,NA,NA,NA,NA,NA,NA,NA,NA,NA,NA,NA,NA,NA,NA,NA,NA,NA,NA,NA,NA,NA,NA,NA,NA,NA,NA,NA,NA,NA,NA,NA,NA,NA,NA,NA,NA,NA,NA,NA,NA,NA,NA,NA,NA,NA,NA,NA,NA,NA,NA,NA,NA,NA,NA,NA,NA,NA,NA,NA,NA,NA,NA,NA,NA,NA,NA,NA,NA,NA,NA,NA,NA,"iShares MSCI Emerging Markets Asia ETF","ETF"
"158","549300R4RJB5MTHXES88","549300R4RJB5MTHXES88",200,"549300R4RJB5MTHXES88","PIMCO FLEXIBLE CREDIT INCOME FUND","en",NA,NA,"en","C/o CT CORPORATION SYSTEM",NA,NA,NA,"BOSTON","US-MA","US","02109","en","C/O PACIFIC INVESTMENT MANAGEMENT COMPANY LLC",NA,NA,NA,"NEWPORT BEACH","US-CA","US","92660","RA000665",NA,"0001688554","US","FUND","8888","FUND",NA,NA,"ACTIVE",NA,NA,NA,NA,NA,2016-10-25 00:00:00,NA,NA,NA,2016-11-19 01:50:00,2025-06-19 21:00:47,"ISSUED",2026-07-07 00:00:00,"5493001KJTIIGC8Y1R12","FULLY_CORROBORATED","RA000665",NA,"0001688554",NA,NA,NA,NA,NA,408539722,"CONFORMING","https://api.gleif.org/api/v1/lei-records/549300R4RJB5MTHXES88/managing-lou","https://api.gleif.org/api/v1/lei-records/549300R4RJB5MTHXES88/lei-issuer","https://api.gleif.org/api/v1/lei-records/549300R4RJB5MTHXES88/field-modifications","https://api.gleif.org/api/v1/lei-records/549300R4RJB5MTHXES88/direct-parent-reporting-exception","https://api.gleif.org/api/v1/lei-records/549300R4RJB5MTHXES88/ultimate-parent-reporting-exception","https://api.gleif.org/api/v1/lei-records/549300R4RJB5MTHXES88/fund-manager","https://api.gleif.org/api/v1/lei-records/549300R4RJB5MTHXES88/fund-manager-relationship",TRUE,NA,NA,NA,NA,"84 STATE ST.","650 NEWPORT CENTER DRIVE",NA,NA,NA,NA,NA,NA,NA,NA,NA,NA,NA,NA,NA,NA,NA,NA,NA,NA,NA,NA,NA,"https://api.gleif.org/api/v1/lei-records/549300R4RJB5MTHXES88/isins",NA,NA,NA,NA,NA,NA,NA,NA,NA,NA,NA,NA,NA,NA,NA,NA,NA,NA,NA,NA,NA,NA,NA,NA,NA,NA,NA,NA,NA,NA,NA,NA,NA,NA,NA,NA,NA,NA,NA,NA,NA,NA,NA,NA,NA,NA,NA,NA,NA,NA,NA,NA,NA,NA,NA,NA,NA,NA,NA,NA,NA,NA,NA,NA,NA,NA,NA,NA,NA,NA,NA,NA,NA,NA,NA,NA,NA,NA,NA,NA,NA,NA,NA,NA,NA,NA,NA,NA,NA,NA,NA,NA,NA,NA,NA,NA,NA,NA,NA,NA,NA,NA,NA,NA,NA,NA,NA,NA,NA,NA,NA,NA,NA,NA,NA,NA,NA,NA,NA,NA,NA,NA,NA,NA,NA,NA,NA,NA,NA,NA,NA,NA,NA,NA,NA,NA,NA,NA,NA,NA,NA,NA,NA,NA,NA,NA,NA,NA,NA,NA,NA,NA,NA,NA,NA,NA,NA,NA,NA,NA,NA,NA,NA,NA,NA,NA,NA,NA,NA,NA,NA,NA,NA,NA,NA,NA,NA,NA,NA,NA,NA,NA,NA,NA,NA,NA,NA,NA,NA,NA,NA,NA,NA,NA,NA,NA,NA,NA,NA,NA,NA,NA,NA,NA,NA,NA,NA,NA,NA,NA,NA,NA,NA,NA,NA,NA,NA,NA,NA,NA,NA,NA,NA,NA,NA,NA,"PIMCO Flexible Credit Income Fund","Closed-End Fund"
"159","549300RBL73KV0WZZF27","549300RBL73KV0WZZF27",200,"549300RBL73KV0WZZF27","T. Rowe Price Dynamic Global Bond Fund","en",NA,NA,"en","C/O CSC-LAWYERS INCORPORATING SERVICE COMPANY",NA,NA,NA,"BALTIMORE","US-MD","US","21202","en","C/O T. Rowe Price Associates, Inc.",NA,NA,NA,"Baltimore","US-MD","US","21231","RA000665",NA,"S000047983","US","FUND","8888","Sub-Fund",NA,NA,"ACTIVE",NA,NA,NA,NA,NA,2015-06-10 00:00:00,NA,NA,NA,2014-12-30 02:31:00,2025-09-25 17:22:16,"ISSUED",2026-10-04 00:00:00,"5493001KJTIIGC8Y1R12","FULLY_CORROBORATED","RA000665",NA,"S000047983",NA,NA,NA,NA,NA,280622410,"CONFORMING","https://api.gleif.org/api/v1/lei-records/549300RBL73KV0WZZF27/managing-lou","https://api.gleif.org/api/v1/lei-records/549300RBL73KV0WZZF27/lei-issuer","https://api.gleif.org/api/v1/lei-records/549300RBL73KV0WZZF27/field-modifications","https://api.gleif.org/api/v1/lei-records/549300RBL73KV0WZZF27/direct-parent-reporting-exception","https://api.gleif.org/api/v1/lei-records/549300RBL73KV0WZZF27/ultimate-parent-reporting-exception","https://api.gleif.org/api/v1/lei-records/549300RBL73KV0WZZF27/fund-manager","https://api.gleif.org/api/v1/lei-records/549300RBL73KV0WZZF27/fund-manager-relationship",TRUE,NA,"T. Rowe Price International Funds, Inc. - T. Rowe Price Global Unconstrained Bond Fund","en","PREVIOUS_LEGAL_NAME","7 ST. PAUL STREET","1307 Point St",NA,NA,NA,NA,NA,NA,"https://api.gleif.org/api/v1/lei-records/549300RBL73KV0WZZF27/umbrella-fund","https://api.gleif.org/api/v1/lei-records/549300RBL73KV0WZZF27/umbrella-fund-relationship",NA,NA,NA,NA,NA,NA,"SUITE 820",NA,NA,NA,NA,NA,NA,NA,NA,NA,NA,NA,NA,NA,NA,NA,NA,NA,NA,NA,NA,NA,NA,NA,NA,NA,NA,NA,NA,NA,NA,NA,NA,NA,NA,NA,NA,NA,NA,NA,NA,NA,NA,NA,NA,NA,NA,NA,NA,NA,NA,NA,NA,NA,NA,NA,NA,NA,NA,NA,NA,NA,NA,NA,NA,NA,NA,NA,NA,NA,NA,NA,NA,NA,NA,NA,NA,NA,NA,NA,NA,NA,NA,NA,NA,NA,NA,NA,NA,NA,NA,NA,NA,NA,NA,NA,NA,NA,NA,NA,NA,NA,NA,NA,NA,NA,NA,NA,NA,NA,NA,NA,NA,NA,NA,NA,NA,NA,NA,NA,NA,NA,NA,NA,NA,NA,NA,NA,NA,NA,NA,NA,NA,NA,NA,NA,NA,NA,NA,NA,NA,NA,NA,NA,NA,NA,NA,NA,NA,NA,NA,NA,NA,NA,NA,NA,NA,NA,NA,NA,NA,NA,NA,NA,NA,NA,NA,NA,NA,NA,NA,NA,NA,NA,NA,NA,NA,NA,NA,NA,NA,NA,NA,NA,NA,NA,NA,NA,NA,NA,NA,NA,NA,NA,NA,NA,NA,NA,NA,NA,NA,NA,NA,NA,NA,NA,NA,NA,NA,NA,NA,NA,NA,NA,NA,NA,NA,NA,NA,NA,NA,NA,NA,NA,NA,NA,NA,NA,NA,NA,NA,NA,NA,NA,"T. Rowe Price Dynamic Global Bond Fund","Open-End Mutual Fund"
"160","549300RCSLWCTPOHZZ51","549300RCSLWCTPOHZZ51",200,"549300RCSLWCTPOHZZ51","Eaton Vance Emerging Markets Debt Opportunities Fund","en",NA,NA,"en","C/O THE CORPORATION TRUST INCORPORATED",NA,NA,NA,"BALTIMORE","US-MD","US","21093","en","C/O EATON VANCE MANAGEMENT",NA,NA,NA,"BOSTON","US-MA","US","02110","RA000665",NA,"S000038184","US","FUND","8888","FUND",NA,NA,"ACTIVE",NA,NA,NA,NA,NA,2012-12-04 00:00:00,NA,NA,NA,2012-12-05 21:18:00,2025-09-17 20:25:33,"ISSUED",2026-10-03 00:00:00,"5493001KJTIIGC8Y1R12","FULLY_CORROBORATED","RA000665",NA,"S000038184",NA,NA,NA,NA,NA,228085127,"CONFORMING","https://api.gleif.org/api/v1/lei-records/549300RCSLWCTPOHZZ51/managing-lou","https://api.gleif.org/api/v1/lei-records/549300RCSLWCTPOHZZ51/lei-issuer","https://api.gleif.org/api/v1/lei-records/549300RCSLWCTPOHZZ51/field-modifications","https://api.gleif.org/api/v1/lei-records/549300RCSLWCTPOHZZ51/direct-parent-reporting-exception","https://api.gleif.org/api/v1/lei-records/549300RCSLWCTPOHZZ51/ultimate-parent-reporting-exception","https://api.gleif.org/api/v1/lei-records/549300RCSLWCTPOHZZ51/fund-manager","https://api.gleif.org/api/v1/lei-records/549300RCSLWCTPOHZZ51/fund-manager-relationship",TRUE,NA,NA,NA,NA,"2405 YORK ROAD","ONE POST OFFICE SQUARE",NA,NA,NA,NA,NA,NA,"https://api.gleif.org/api/v1/lei-records/549300RCSLWCTPOHZZ51/umbrella-fund","https://api.gleif.org/api/v1/lei-records/549300RCSLWCTPOHZZ51/umbrella-fund-relationship",NA,NA,NA,NA,NA,NA,"SUITE 201",NA,NA,NA,NA,NA,NA,NA,NA,NA,NA,NA,NA,NA,NA,NA,NA,NA,NA,NA,NA,NA,NA,NA,NA,NA,NA,NA,NA,NA,NA,NA,NA,NA,NA,NA,NA,NA,NA,NA,NA,NA,NA,NA,NA,NA,NA,NA,NA,NA,NA,NA,"LUTHERVILLE TIMONIUM",NA,NA,NA,NA,NA,NA,NA,NA,NA,NA,NA,NA,NA,NA,NA,NA,NA,NA,NA,NA,NA,NA,NA,NA,NA,NA,NA,NA,NA,NA,NA,NA,NA,NA,NA,NA,NA,NA,NA,NA,NA,NA,NA,NA,NA,NA,NA,NA,NA,NA,NA,NA,NA,NA,NA,NA,NA,NA,NA,NA,NA,NA,NA,NA,NA,NA,NA,NA,NA,NA,NA,NA,NA,NA,NA,NA,NA,NA,NA,NA,NA,NA,NA,NA,NA,NA,NA,NA,NA,NA,NA,NA,NA,NA,NA,NA,NA,NA,NA,NA,NA,NA,NA,NA,NA,NA,NA,NA,NA,NA,NA,NA,NA,NA,NA,NA,NA,NA,NA,NA,NA,NA,NA,NA,NA,NA,NA,NA,NA,NA,NA,NA,NA,NA,NA,NA,NA,NA,NA,NA,NA,NA,NA,NA,NA,NA,NA,NA,NA,NA,NA,NA,NA,NA,NA,NA,NA,NA,NA,NA,NA,NA,NA,NA,NA,NA,NA,NA,NA,NA,NA,NA,NA,NA,NA,NA,NA,NA,NA,NA,NA,"Eaton Vance Emerging Markets Debt Opportunities Fund","Open-End Mutual Fund"
"161","549300RL7KOTSEEMNY12","549300RL7KOTSEEMNY12",200,"549300RL7KOTSEEMNY12","SA Wellington Strategic Multi-Asset Portfolio","en",NA,NA,"en","C/O THE PRENTICE-HALL CORPORATION SYSTEM, INC.",NA,NA,NA,"BOSTON","US-MA","US","02109","en","C/O SunAmerica Asset Management, LLC",NA,NA,NA,"Jersey City","US-NJ","US","07302","RA000665",NA,"S000072729","US","FUND","8888","FUND",NA,NA,"ACTIVE",NA,NA,NA,NA,NA,2016-09-26 00:00:00,NA,NA,NA,2021-11-05 21:32:00,2025-10-24 11:53:16,"ISSUED",2026-11-03 00:00:00,"5493001KJTIIGC8Y1R12","FULLY_CORROBORATED","RA000665",NA,"S000072729",NA,NA,NA,NA,NA,28140151,"CONFORMING","https://api.gleif.org/api/v1/lei-records/549300RL7KOTSEEMNY12/managing-lou","https://api.gleif.org/api/v1/lei-records/549300RL7KOTSEEMNY12/lei-issuer","https://api.gleif.org/api/v1/lei-records/549300RL7KOTSEEMNY12/field-modifications","https://api.gleif.org/api/v1/lei-records/549300RL7KOTSEEMNY12/direct-parent-reporting-exception","https://api.gleif.org/api/v1/lei-records/549300RL7KOTSEEMNY12/ultimate-parent-reporting-exception","https://api.gleif.org/api/v1/lei-records/549300RL7KOTSEEMNY12/fund-manager","https://api.gleif.org/api/v1/lei-records/549300RL7KOTSEEMNY12/fund-manager-relationship",TRUE,NA,NA,NA,NA,"84 STATE ST.","30 Hudson Street",NA,NA,NA,NA,NA,NA,"https://api.gleif.org/api/v1/lei-records/549300RL7KOTSEEMNY12/umbrella-fund","https://api.gleif.org/api/v1/lei-records/549300RL7KOTSEEMNY12/umbrella-fund-relationship","16th Floor",NA,NA,NA,NA,NA,NA,NA,NA,NA,NA,NA,NA,NA,NA,NA,NA,NA,NA,NA,NA,NA,NA,NA,NA,NA,NA,NA,NA,NA,NA,NA,NA,NA,NA,NA,NA,NA,NA,NA,NA,NA,NA,NA,NA,NA,NA,NA,NA,NA,NA,NA,NA,NA,NA,NA,NA,NA,NA,NA,NA,NA,NA,NA,NA,NA,NA,NA,NA,NA,NA,NA,NA,NA,NA,NA,NA,NA,NA,NA,NA,NA,NA,NA,NA,NA,NA,NA,NA,NA,NA,NA,NA,NA,NA,NA,NA,NA,NA,NA,NA,NA,NA,NA,NA,NA,NA,NA,NA,NA,NA,NA,NA,NA,NA,NA,NA,NA,NA,NA,NA,NA,NA,NA,NA,NA,NA,NA,NA,NA,NA,NA,NA,NA,NA,NA,NA,NA,NA,NA,NA,NA,NA,NA,NA,NA,NA,NA,NA,NA,NA,NA,NA,NA,NA,NA,NA,NA,NA,NA,NA,NA,NA,NA,NA,NA,NA,NA,NA,NA,NA,NA,NA,NA,NA,NA,NA,NA,NA,NA,NA,NA,NA,NA,NA,NA,NA,NA,NA,NA,NA,NA,NA,NA,NA,NA,NA,NA,NA,NA,NA,NA,NA,NA,NA,NA,NA,NA,NA,NA,NA,NA,NA,NA,NA,NA,NA,NA,NA,NA,NA,NA,NA,NA,NA,NA,NA,NA,NA,NA,NA,NA,NA,NA,NA,NA,NA,NA,NA,NA,"SA Wellington Strategic Multi-Asset Portfolio","Open-End Mutual Fund"
"162","549300ROYBGCYUJI4283","549300ROYBGCYUJI4283",200,"549300ROYBGCYUJI4283","Vanguard Total International Bond II Index Fund","en",NA,NA,"en","c/o CORPORATION SERVICE COMPANY, 251 LITTLE FALLS DRIVE",NA,NA,NA,"WILMINGTON","US-DE","US","19808","en","c/o THE VANGUARD GROUP, INC., 100 VANGUARD BLVD",NA,NA,"c/o THE VANGUARD GROUP, INC.","MALVERN","US-PA","US","19355","RA000665",NA,"S000067956","US-DE","FUND","4FSX",NA,NA,NA,"ACTIVE",NA,NA,NA,NA,NA,2019-12-04 23:00:00,NA,NA,NA,2019-12-11 21:31:00,2025-05-07 13:32:27,"ISSUED",2026-06-24 10:49:21,"5299000J2N45DDNE4Y28","FULLY_CORROBORATED","RA000665",NA,"S000067956",NA,NA,NA,NA,NA,647645215,"CONFORMING","https://api.gleif.org/api/v1/lei-records/549300ROYBGCYUJI4283/managing-lou","https://api.gleif.org/api/v1/lei-records/549300ROYBGCYUJI4283/lei-issuer","https://api.gleif.org/api/v1/lei-records/549300ROYBGCYUJI4283/field-modifications","https://api.gleif.org/api/v1/lei-records/549300ROYBGCYUJI4283/direct-parent-reporting-exception","https://api.gleif.org/api/v1/lei-records/549300ROYBGCYUJI4283/ultimate-parent-reporting-exception","https://api.gleif.org/api/v1/lei-records/549300ROYBGCYUJI4283/fund-manager","https://api.gleif.org/api/v1/lei-records/549300ROYBGCYUJI4283/fund-manager-relationship",TRUE,NA,NA,NA,NA,NA,NA,NA,NA,NA,NA,NA,NA,"https://api.gleif.org/api/v1/lei-records/549300ROYBGCYUJI4283/umbrella-fund","https://api.gleif.org/api/v1/lei-records/549300ROYBGCYUJI4283/umbrella-fund-relationship",NA,NA,NA,NA,NA,NA,NA,NA,NA,NA,NA,NA,NA,"https://api.gleif.org/api/v1/lei-records/549300ROYBGCYUJI4283/isins",NA,NA,NA,NA,NA,NA,NA,NA,NA,NA,NA,NA,NA,NA,NA,NA,NA,NA,NA,NA,NA,NA,NA,NA,NA,NA,NA,NA,NA,NA,NA,NA,NA,NA,NA,NA,NA,NA,NA,NA,NA,NA,NA,NA,NA,NA,NA,NA,NA,NA,NA,NA,NA,NA,NA,NA,NA,NA,NA,NA,NA,NA,NA,NA,NA,NA,NA,NA,NA,NA,NA,NA,NA,NA,NA,NA,NA,NA,NA,NA,NA,NA,NA,NA,NA,NA,NA,NA,NA,NA,NA,NA,NA,NA,NA,NA,NA,NA,NA,NA,NA,NA,NA,NA,NA,NA,NA,NA,NA,NA,NA,NA,NA,NA,NA,NA,NA,NA,NA,NA,NA,NA,NA,NA,NA,NA,NA,NA,NA,NA,NA,NA,NA,NA,NA,NA,NA,NA,NA,NA,NA,NA,NA,NA,NA,NA,NA,NA,NA,NA,NA,NA,NA,NA,NA,NA,NA,NA,NA,NA,NA,NA,NA,NA,NA,NA,NA,NA,NA,NA,NA,NA,NA,NA,NA,NA,NA,NA,NA,NA,NA,NA,NA,NA,NA,NA,NA,NA,NA,NA,NA,NA,NA,NA,NA,NA,NA,NA,NA,NA,NA,NA,NA,NA,NA,NA,NA,NA,NA,NA,NA,NA,NA,NA,NA,NA,NA,NA,NA,NA,NA,NA,NA,NA,NA,NA,"VANGUARD TOTAL INTERNATIONAL BOND II INDEX FUND","Index Fund"
"163","549300S81G7J3BKSIV79","549300S81G7J3BKSIV79",200,"549300S81G7J3BKSIV79","PIMCO TRENDS Managed Futures Strategy Fund","en",NA,NA,"en","C/O C T CORPORATION SYSTEM",NA,NA,NA,"BOSTON","US-MA","US","02110","en","C/O PACIFIC INVESTMENT MANAGEMENT COMPANY LLC",NA,NA,NA,"NEWPORT BEACH","US-CA","US","92660","RA000665",NA,"S000042791","US","FUND","8888","FUND",NA,NA,"ACTIVE",NA,NA,NA,NA,NA,2013-09-09 00:00:00,NA,NA,NA,2013-09-10 16:19:00,2025-06-19 14:20:18,"ISSUED",2026-07-07 00:00:00,"5493001KJTIIGC8Y1R12","FULLY_CORROBORATED","RA000665",NA,"S000042791",NA,NA,NA,NA,NA,246247377,"CONFORMING","https://api.gleif.org/api/v1/lei-records/549300S81G7J3BKSIV79/managing-lou","https://api.gleif.org/api/v1/lei-records/549300S81G7J3BKSIV79/lei-issuer","https://api.gleif.org/api/v1/lei-records/549300S81G7J3BKSIV79/field-modifications","https://api.gleif.org/api/v1/lei-records/549300S81G7J3BKSIV79/direct-parent-reporting-exception","https://api.gleif.org/api/v1/lei-records/549300S81G7J3BKSIV79/ultimate-parent-reporting-exception","https://api.gleif.org/api/v1/lei-records/549300S81G7J3BKSIV79/fund-manager","https://api.gleif.org/api/v1/lei-records/549300S81G7J3BKSIV79/fund-manager-relationship",TRUE,NA,NA,NA,NA,"155 FEDERAL ST","650 NEWPORT CENTER DRIVE",NA,NA,NA,NA,NA,NA,"https://api.gleif.org/api/v1/lei-records/549300S81G7J3BKSIV79/umbrella-fund","https://api.gleif.org/api/v1/lei-records/549300S81G7J3BKSIV79/umbrella-fund-relationship",NA,NA,NA,NA,NA,NA,"SUITE 700",NA,NA,NA,NA,NA,NA,NA,NA,NA,NA,NA,NA,NA,NA,NA,NA,NA,NA,NA,NA,NA,NA,NA,NA,NA,NA,NA,NA,NA,NA,NA,NA,NA,NA,NA,NA,NA,NA,NA,NA,NA,NA,NA,NA,NA,NA,NA,NA,NA,NA,NA,NA,NA,NA,NA,NA,NA,NA,NA,NA,NA,NA,NA,NA,NA,NA,NA,NA,NA,NA,NA,NA,NA,NA,NA,NA,NA,NA,NA,NA,NA,NA,NA,NA,NA,NA,NA,NA,NA,NA,NA,NA,NA,NA,NA,NA,NA,NA,NA,NA,NA,NA,NA,NA,NA,NA,NA,NA,NA,NA,NA,NA,NA,NA,NA,NA,NA,NA,NA,NA,NA,NA,NA,NA,NA,NA,NA,NA,NA,NA,NA,NA,NA,NA,NA,NA,NA,NA,NA,NA,NA,NA,NA,NA,NA,NA,NA,NA,NA,NA,NA,NA,NA,NA,NA,NA,NA,NA,NA,NA,NA,NA,NA,NA,NA,NA,NA,NA,NA,NA,NA,NA,NA,NA,NA,NA,NA,NA,NA,NA,NA,NA,NA,NA,NA,NA,NA,NA,NA,NA,NA,NA,NA,NA,NA,NA,NA,NA,NA,NA,NA,NA,NA,NA,NA,NA,NA,NA,NA,NA,NA,NA,NA,NA,NA,NA,NA,NA,NA,NA,NA,NA,NA,NA,NA,NA,NA,NA,NA,NA,NA,NA,NA,"PIMCO TRENDS Managed Futures Strategy Fund","Open-End Mutual Fund"
"164","549300SEQK2DPV0R7O94","549300SEQK2DPV0R7O94",200,"549300SEQK2DPV0R7O94","BlackRock Diversified Fixed Income Fund","en",NA,NA,"en","c/o THE CORPORATION TRUST COMPANY, CORPORATION TRUST CENTER 1209 ORANGE ST",NA,NA,NA,"Wilmington","US-DE","US","19801","en","c/o BLACKROCK FUND ADVISORS, TERRI SLANE, 400 HOWARD STREET",NA,NA,"c/o BLACKROCK FUND ADVISORS","San Francisco","US-CA","US","94105","RA000665",NA,"S000079204","US-DE","FUND","8888","Trust",NA,NA,"ACTIVE",NA,NA,NA,NA,NA,2022-09-29 22:00:00,NA,NA,NA,2022-12-02 15:34:00,2025-12-06 10:15:51,"ISSUED",2027-01-30 08:51:30,"5299000J2N45DDNE4Y28","FULLY_CORROBORATED","RA000665",NA,"S000079204",NA,NA,NA,NA,NA,1804536443,"CONFORMING","https://api.gleif.org/api/v1/lei-records/549300SEQK2DPV0R7O94/managing-lou","https://api.gleif.org/api/v1/lei-records/549300SEQK2DPV0R7O94/lei-issuer","https://api.gleif.org/api/v1/lei-records/549300SEQK2DPV0R7O94/field-modifications","https://api.gleif.org/api/v1/lei-records/549300SEQK2DPV0R7O94/direct-parent-reporting-exception","https://api.gleif.org/api/v1/lei-records/549300SEQK2DPV0R7O94/ultimate-parent-reporting-exception","https://api.gleif.org/api/v1/lei-records/549300SEQK2DPV0R7O94/fund-manager","https://api.gleif.org/api/v1/lei-records/549300SEQK2DPV0R7O94/fund-manager-relationship",TRUE,NA,NA,NA,NA,NA,NA,"STANDALONE","SUPPORTING_DOCUMENTS",2024-01-09 23:00:00,2024-01-10 10:54:53,"CHANGE_HQ_ADDRESS","COMPLETED","https://api.gleif.org/api/v1/lei-records/549300SEQK2DPV0R7O94/umbrella-fund","https://api.gleif.org/api/v1/lei-records/549300SEQK2DPV0R7O94/umbrella-fund-relationship",NA,NA,NA,NA,NA,NA,NA,"STANDALONE","SUPPORTING_DOCUMENTS",2024-01-09 23:00:00,2024-01-10 10:54:53,"CHANGE_LEGAL_ADDRESS","COMPLETED",NA,NA,NA,NA,NA,NA,NA,NA,NA,NA,NA,NA,NA,NA,NA,NA,NA,NA,NA,NA,NA,NA,NA,NA,NA,NA,NA,NA,NA,NA,NA,NA,NA,NA,NA,NA,NA,NA,NA,NA,NA,NA,NA,NA,NA,NA,NA,NA,NA,NA,NA,NA,NA,NA,NA,NA,NA,NA,NA,NA,NA,NA,NA,NA,NA,NA,NA,NA,NA,NA,NA,NA,NA,NA,NA,NA,NA,NA,NA,NA,NA,NA,NA,NA,NA,NA,NA,NA,NA,NA,NA,NA,NA,NA,NA,NA,NA,NA,NA,NA,NA,NA,NA,NA,NA,NA,NA,NA,NA,NA,NA,NA,NA,NA,NA,NA,NA,NA,NA,NA,NA,NA,NA,NA,NA,NA,NA,NA,NA,NA,NA,NA,NA,NA,NA,NA,NA,NA,NA,NA,NA,NA,NA,NA,NA,NA,NA,NA,NA,NA,NA,NA,NA,NA,NA,NA,NA,NA,NA,NA,NA,NA,NA,NA,NA,NA,NA,NA,NA,NA,NA,NA,NA,NA,NA,NA,NA,NA,NA,NA,NA,NA,NA,NA,NA,NA,NA,NA,NA,NA,NA,NA,NA,NA,NA,NA,NA,NA,NA,NA,NA,NA,NA,NA,NA,NA,NA,NA,NA,NA,NA,NA,NA,NA,NA,NA,NA,NA,NA,NA,NA,NA,NA,NA,NA,NA,NA,"BlackRock Diversified Fixed Income Fund","Open-End Mutual Fund"
"165","549300SF6KHJDIL4FS48","549300SF6KHJDIL4FS48",200,"549300SF6KHJDIL4FS48","AST Global Bond Portfolio","en",NA,NA,"en","C/o Corporation Service Company",NA,NA,NA,"Boston","US-MA","US","02109","en","c/o PGIM Investments LLC",NA,NA,NA,"New York","US-NY","US","10005","RA000665",NA,"S000050071","US","FUND","8888","Sub-Fund",NA,NA,"ACTIVE",NA,NA,NA,NA,NA,2015-07-13 00:00:00,NA,NA,NA,2015-05-01 01:39:00,2025-04-22 13:30:07,"LAPSED",2025-04-21 15:23:48,"5493001KJTIIGC8Y1R12","FULLY_CORROBORATED","RA000665",NA,"S000050071",NA,NA,NA,NA,NA,292676753,"NON_CONFORMING","https://api.gleif.org/api/v1/lei-records/549300SF6KHJDIL4FS48/managing-lou","https://api.gleif.org/api/v1/lei-records/549300SF6KHJDIL4FS48/lei-issuer","https://api.gleif.org/api/v1/lei-records/549300SF6KHJDIL4FS48/field-modifications","https://api.gleif.org/api/v1/lei-records/549300SF6KHJDIL4FS48/direct-parent-reporting-exception","https://api.gleif.org/api/v1/lei-records/549300SF6KHJDIL4FS48/ultimate-parent-reporting-exception","https://api.gleif.org/api/v1/lei-records/549300SF6KHJDIL4FS48/fund-manager","https://api.gleif.org/api/v1/lei-records/549300SF6KHJDIL4FS48/fund-manager-relationship",TRUE,NA,NA,NA,NA,"84 State Street","28 Liberty Street",NA,NA,NA,NA,NA,NA,"https://api.gleif.org/api/v1/lei-records/549300SF6KHJDIL4FS48/umbrella-fund","https://api.gleif.org/api/v1/lei-records/549300SF6KHJDIL4FS48/umbrella-fund-relationship",NA,NA,NA,NA,NA,NA,NA,NA,NA,NA,NA,NA,NA,NA,NA,NA,NA,NA,NA,NA,NA,NA,NA,NA,NA,NA,NA,NA,NA,NA,NA,NA,NA,NA,NA,NA,NA,NA,NA,NA,NA,NA,NA,NA,NA,NA,NA,NA,NA,NA,NA,NA,NA,NA,NA,NA,NA,NA,NA,NA,NA,NA,NA,NA,NA,NA,NA,NA,NA,NA,NA,NA,NA,NA,NA,NA,NA,NA,NA,NA,NA,NA,NA,NA,NA,NA,NA,NA,NA,NA,NA,NA,NA,NA,NA,NA,NA,NA,NA,NA,NA,NA,NA,NA,NA,NA,NA,NA,NA,NA,NA,NA,NA,NA,NA,NA,NA,NA,NA,NA,NA,NA,NA,NA,NA,NA,NA,NA,NA,NA,NA,NA,NA,NA,NA,NA,NA,NA,NA,NA,NA,NA,NA,NA,NA,NA,NA,NA,NA,NA,NA,NA,NA,NA,NA,NA,NA,NA,NA,NA,NA,NA,NA,NA,NA,NA,NA,NA,NA,NA,NA,NA,NA,NA,NA,NA,NA,NA,NA,NA,NA,NA,NA,NA,NA,NA,NA,NA,NA,NA,NA,NA,NA,NA,NA,NA,NA,NA,NA,NA,NA,NA,NA,NA,NA,NA,NA,NA,NA,NA,NA,NA,NA,NA,NA,NA,NA,NA,NA,NA,NA,NA,NA,NA,NA,NA,NA,NA,NA,NA,NA,NA,NA,NA,NA,NA,NA,NA,NA,NA,"AST Wellington Management Global Bond Portfolio","Open-End Mutual Fund"
"166","549300SI0W8VMRSNVL85","549300SI0W8VMRSNVL85",200,"549300SI0W8VMRSNVL85","iShares Asia 50 ETF","en",NA,NA,"en","c/o THE CORPORATION TRUST COMPANY; CORPORATION TRUST CENTER 1209 ORANGE ST",NA,NA,NA,"WILMINGTON","US-DE","US","19801","en","c/o BLACKROCK FUND ADVISORS, c/o TERRI SLANE, 400 Howard Street",NA,NA,"c/o BLACKROCK FUND ADVISORS","San Francisco","US-CA","US","94105","RA000665",NA,"S000017778","US-DE","FUND","4FSX",NA,NA,NA,"ACTIVE",NA,NA,NA,NA,NA,2007-10-25 22:00:00,NA,NA,NA,2012-12-24 10:16:00,2025-11-26 15:11:12,"ISSUED",2027-01-19 08:23:44,"5299000J2N45DDNE4Y28","FULLY_CORROBORATED","RA000665",NA,"S000017778",NA,NA,NA,NA,NA,39036966,"CONFORMING","https://api.gleif.org/api/v1/lei-records/549300SI0W8VMRSNVL85/managing-lou","https://api.gleif.org/api/v1/lei-records/549300SI0W8VMRSNVL85/lei-issuer","https://api.gleif.org/api/v1/lei-records/549300SI0W8VMRSNVL85/field-modifications","https://api.gleif.org/api/v1/lei-records/549300SI0W8VMRSNVL85/direct-parent-reporting-exception","https://api.gleif.org/api/v1/lei-records/549300SI0W8VMRSNVL85/ultimate-parent-reporting-exception","https://api.gleif.org/api/v1/lei-records/549300SI0W8VMRSNVL85/fund-manager","https://api.gleif.org/api/v1/lei-records/549300SI0W8VMRSNVL85/fund-manager-relationship",TRUE,NA,NA,NA,NA,NA,NA,"STANDALONE","SUPPORTING_DOCUMENTS",2025-11-25 23:00:00,2025-11-26 15:11:12,"CHANGE_HQ_ADDRESS","COMPLETED","https://api.gleif.org/api/v1/lei-records/549300SI0W8VMRSNVL85/umbrella-fund","https://api.gleif.org/api/v1/lei-records/549300SI0W8VMRSNVL85/umbrella-fund-relationship",NA,NA,NA,NA,NA,NA,NA,NA,NA,NA,NA,NA,NA,NA,NA,NA,NA,NA,NA,NA,NA,NA,NA,NA,NA,NA,NA,NA,NA,NA,NA,NA,NA,NA,NA,NA,NA,NA,NA,NA,NA,NA,NA,NA,NA,NA,NA,NA,NA,NA,NA,NA,NA,NA,NA,NA,NA,NA,NA,NA,NA,NA,NA,NA,NA,NA,NA,NA,NA,NA,NA,NA,NA,NA,NA,NA,NA,NA,NA,NA,NA,NA,NA,NA,NA,NA,NA,NA,NA,NA,NA,NA,NA,NA,NA,NA,NA,NA,NA,NA,NA,NA,NA,NA,NA,NA,NA,NA,NA,NA,NA,NA,NA,NA,NA,NA,NA,NA,NA,NA,NA,NA,NA,NA,NA,NA,NA,NA,NA,NA,NA,NA,NA,NA,NA,NA,NA,NA,NA,NA,NA,NA,NA,NA,NA,NA,NA,NA,NA,NA,NA,NA,NA,NA,NA,NA,NA,NA,NA,NA,NA,NA,NA,NA,NA,NA,NA,NA,NA,NA,NA,NA,NA,NA,NA,NA,NA,NA,NA,NA,NA,NA,NA,NA,NA,NA,NA,NA,NA,NA,NA,NA,NA,NA,NA,NA,NA,NA,NA,NA,NA,NA,NA,NA,NA,NA,NA,NA,NA,NA,NA,NA,NA,NA,NA,NA,NA,NA,NA,NA,NA,NA,NA,NA,NA,NA,NA,NA,NA,NA,NA,NA,NA,NA,NA,NA,NA,NA,NA,NA,"iShares Asia 50 ETF","ETF"
"167","549300SKGAQ18F9L3O15","549300SKGAQ18F9L3O15",200,"549300SKGAQ18F9L3O15","GLOBAL MACRO CAPITAL OPPORTUNITIES PORTFOLIO","en",NA,NA,"en","ONE POST OFFICE SQUARE",NA,NA,NA,"BOSTON","US-MA","US","02109","en","C/O EATON VANCE MANAGEMENT",NA,NA,NA,"BOSTON","US-MA","US","02109","RA000665",NA,"0001588812","US","FUND","8888","FUND",NA,NA,"ACTIVE",NA,NA,NA,NA,NA,2013-10-04 00:00:00,NA,NA,NA,2013-10-15 03:06:00,2026-04-15 14:30:15,"ISSUED",2027-05-08 15:26:38,"5493001KJTIIGC8Y1R12","FULLY_CORROBORATED","RA000665",NA,"0001588812",NA,NA,NA,NA,NA,248385633,"CONFORMING","https://api.gleif.org/api/v1/lei-records/549300SKGAQ18F9L3O15/managing-lou","https://api.gleif.org/api/v1/lei-records/549300SKGAQ18F9L3O15/lei-issuer","https://api.gleif.org/api/v1/lei-records/549300SKGAQ18F9L3O15/field-modifications","https://api.gleif.org/api/v1/lei-records/549300SKGAQ18F9L3O15/direct-parent-reporting-exception","https://api.gleif.org/api/v1/lei-records/549300SKGAQ18F9L3O15/ultimate-parent-reporting-exception","https://api.gleif.org/api/v1/lei-records/549300SKGAQ18F9L3O15/fund-manager","https://api.gleif.org/api/v1/lei-records/549300SKGAQ18F9L3O15/fund-manager-relationship",TRUE,NA,NA,NA,NA,NA,"ONE POST OFFICE SQUARE","STANDALONE","REGULATORY_FILING",2024-03-03 00:00:00,2024-04-12 18:25:16,"CHANGE_LEGAL_ADDRESS","COMPLETED",NA,NA,NA,NA,NA,NA,NA,NA,NA,"STANDALONE","REGULATORY_FILING",2024-03-03 00:00:00,2024-04-12 18:25:16,"CHANGE_HQ_ADDRESS","COMPLETED",NA,NA,NA,NA,NA,NA,NA,NA,NA,NA,NA,NA,NA,NA,NA,NA,NA,NA,NA,NA,NA,NA,NA,NA,NA,NA,NA,NA,NA,NA,NA,NA,NA,NA,NA,NA,NA,NA,NA,NA,NA,NA,NA,NA,NA,NA,NA,NA,NA,NA,NA,NA,NA,NA,NA,NA,NA,NA,NA,NA,NA,NA,NA,NA,NA,NA,NA,NA,NA,NA,NA,NA,NA,NA,NA,NA,NA,NA,NA,NA,NA,NA,NA,NA,NA,NA,NA,NA,NA,NA,NA,NA,NA,NA,NA,NA,NA,NA,NA,NA,NA,NA,NA,NA,NA,NA,NA,NA,NA,NA,NA,NA,NA,NA,NA,NA,NA,NA,NA,NA,NA,NA,NA,NA,NA,NA,NA,NA,NA,NA,NA,NA,NA,NA,NA,NA,NA,NA,NA,NA,NA,NA,NA,NA,NA,NA,NA,NA,NA,NA,NA,NA,NA,NA,NA,NA,NA,NA,NA,NA,NA,NA,NA,NA,NA,NA,NA,NA,NA,NA,NA,NA,NA,NA,NA,NA,NA,NA,NA,NA,NA,NA,NA,NA,NA,NA,NA,NA,NA,NA,NA,NA,NA,NA,NA,NA,NA,NA,NA,NA,NA,NA,NA,NA,NA,NA,NA,NA,NA,NA,NA,NA,NA,NA,NA,NA,NA,NA,NA,NA,NA,NA,NA,NA,NA,NA,NA,"Global Macro Capital Opportunities Portfolio","Open-End Mutual Fund"
"168","549300SSSIFRKGSSGN94","549300SSSIFRKGSSGN94",200,"549300SSSIFRKGSSGN94","Six Circles Global Bond Fund","en",NA,NA,"en","c/o THE CORPORATION TRUST COMPANY, CORPORATION TRUST CENTER 1209 ORANGE ST",NA,NA,NA,"Wilmington","US-DE","US","19801","en","c/o J.P. Morgan Private Investments Inc., c/o THE CORPORATION TRUST COMPANY, CORPORATION TRUST CENTER 1209 ORANGE ST",NA,NA,"c/o J.P. Morgan Private Investments Inc.","Wilmington","US-DE","US","19801","RA000665",NA,"S000068181","US-DE","FUND","4FSX",NA,NA,NA,"ACTIVE",NA,NA,NA,NA,NA,2019-12-22 23:00:00,NA,NA,NA,2020-01-15 21:31:00,2025-11-21 08:08:19,"ISSUED",2026-12-11 10:08:44,"5299000J2N45DDNE4Y28","FULLY_CORROBORATED","RA000665",NA,"S000068181",NA,NA,NA,NA,NA,651179360,"CONFORMING","https://api.gleif.org/api/v1/lei-records/549300SSSIFRKGSSGN94/managing-lou","https://api.gleif.org/api/v1/lei-records/549300SSSIFRKGSSGN94/lei-issuer","https://api.gleif.org/api/v1/lei-records/549300SSSIFRKGSSGN94/field-modifications","https://api.gleif.org/api/v1/lei-records/549300SSSIFRKGSSGN94/direct-parent-reporting-exception","https://api.gleif.org/api/v1/lei-records/549300SSSIFRKGSSGN94/ultimate-parent-reporting-exception","https://api.gleif.org/api/v1/lei-records/549300SSSIFRKGSSGN94/fund-manager","https://api.gleif.org/api/v1/lei-records/549300SSSIFRKGSSGN94/fund-manager-relationship",TRUE,NA,NA,NA,NA,NA,NA,NA,NA,NA,NA,NA,NA,"https://api.gleif.org/api/v1/lei-records/549300SSSIFRKGSSGN94/umbrella-fund","https://api.gleif.org/api/v1/lei-records/549300SSSIFRKGSSGN94/umbrella-fund-relationship",NA,NA,NA,NA,NA,NA,NA,NA,NA,NA,NA,NA,NA,NA,NA,NA,NA,NA,NA,NA,NA,NA,NA,NA,NA,NA,NA,NA,NA,NA,NA,NA,NA,NA,NA,NA,NA,NA,NA,NA,NA,NA,NA,NA,NA,NA,NA,NA,NA,NA,NA,NA,NA,NA,NA,NA,NA,NA,NA,NA,NA,NA,NA,NA,NA,NA,NA,NA,NA,NA,NA,NA,NA,NA,NA,NA,NA,NA,NA,NA,NA,NA,NA,NA,NA,NA,NA,NA,NA,NA,NA,NA,NA,NA,NA,NA,NA,NA,NA,NA,NA,NA,NA,NA,NA,NA,NA,NA,NA,NA,NA,NA,NA,NA,NA,NA,NA,NA,NA,NA,NA,NA,NA,NA,NA,NA,NA,NA,NA,NA,NA,NA,NA,NA,NA,NA,NA,NA,NA,NA,NA,NA,NA,NA,NA,NA,NA,NA,NA,NA,NA,NA,NA,NA,NA,NA,NA,NA,NA,NA,NA,NA,NA,NA,NA,NA,NA,NA,NA,NA,NA,NA,NA,NA,NA,NA,NA,NA,NA,NA,NA,NA,NA,NA,NA,NA,NA,NA,NA,NA,NA,NA,NA,NA,NA,NA,NA,NA,NA,NA,NA,NA,NA,NA,NA,NA,NA,NA,NA,NA,NA,NA,NA,NA,NA,NA,NA,NA,NA,NA,NA,NA,NA,NA,NA,NA,NA,NA,NA,NA,NA,NA,NA,NA,NA,NA,NA,NA,NA,NA,"Six Circles Global Bond Fund","Open-End Mutual Fund"
"169","549300SWBKZ41SJTBV02","549300SWBKZ41SJTBV02",200,"549300SWBKZ41SJTBV02","BLACKROCK MULTI-SECTOR OPPORTUNITIES TRUST","en",NA,NA,"en","c/o THE CORPORATION TRUST COMPANY, CORPORATION TRUST CENTER 1209 ORANGE ST",NA,NA,NA,"WILMINGTON","US-DE","US","19801","en","c/o BLACKROCK ADVISORS, LLC, c/o CORPORATION SERVICE COMPANY, 251 LITTLE FALLS DRIVE",NA,NA,"c/o BLACKROCK ADVISORS, LLC","WILMINGTON","US-DE","US","19808","RA000602",NA,"6520422","US-DE","FUND","4FSX",NA,NA,NA,"ACTIVE",NA,NA,NA,NA,NA,2017-08-22 22:00:00,NA,NA,NA,2017-11-09 22:14:00,2025-11-21 15:18:40,"ISSUED",2027-01-06 10:19:28,"5299000J2N45DDNE4Y28","FULLY_CORROBORATED","RA000665",NA,"0001715467",NA,NA,NA,NA,NA,536111874,"CONFORMING","https://api.gleif.org/api/v1/lei-records/549300SWBKZ41SJTBV02/managing-lou","https://api.gleif.org/api/v1/lei-records/549300SWBKZ41SJTBV02/lei-issuer","https://api.gleif.org/api/v1/lei-records/549300SWBKZ41SJTBV02/field-modifications","https://api.gleif.org/api/v1/lei-records/549300SWBKZ41SJTBV02/direct-parent-reporting-exception","https://api.gleif.org/api/v1/lei-records/549300SWBKZ41SJTBV02/ultimate-parent-reporting-exception","https://api.gleif.org/api/v1/lei-records/549300SWBKZ41SJTBV02/fund-manager","https://api.gleif.org/api/v1/lei-records/549300SWBKZ41SJTBV02/fund-manager-relationship",TRUE,NA,NA,NA,NA,NA,NA,NA,NA,NA,NA,NA,NA,NA,NA,NA,NA,NA,NA,NA,NA,NA,NA,NA,NA,NA,NA,NA,NA,NA,NA,NA,NA,NA,NA,NA,NA,NA,NA,NA,NA,NA,NA,NA,NA,NA,NA,NA,NA,NA,NA,NA,NA,NA,NA,NA,NA,NA,NA,NA,NA,NA,NA,NA,NA,NA,NA,NA,NA,NA,NA,NA,NA,NA,NA,NA,NA,NA,NA,NA,NA,NA,NA,NA,NA,NA,NA,NA,NA,NA,NA,NA,NA,NA,NA,NA,NA,NA,NA,NA,NA,NA,NA,NA,NA,NA,NA,NA,NA,NA,NA,NA,NA,NA,NA,NA,NA,NA,NA,NA,NA,NA,NA,NA,NA,NA,NA,NA,NA,NA,NA,NA,NA,NA,NA,NA,NA,NA,NA,NA,NA,NA,NA,NA,NA,NA,NA,NA,NA,NA,NA,NA,NA,NA,NA,NA,NA,NA,NA,NA,NA,NA,NA,NA,NA,NA,NA,NA,NA,NA,NA,NA,NA,NA,NA,NA,NA,NA,NA,NA,NA,NA,NA,NA,NA,NA,NA,NA,NA,NA,NA,NA,NA,NA,NA,NA,NA,NA,NA,NA,NA,NA,NA,NA,NA,NA,NA,NA,NA,NA,NA,NA,NA,NA,NA,NA,NA,NA,NA,NA,NA,NA,NA,NA,NA,NA,NA,NA,NA,NA,NA,NA,NA,NA,NA,NA,NA,NA,NA,NA,NA,NA,NA,NA,NA,NA,NA,NA,NA,NA,NA,NA,NA,NA,NA,"BlackRock Multi-Sector Opportunities Trust","Closed-End Fund"
"170","549300TQ6P33JKID5Q67","549300TQ6P33JKID5Q67",200,"549300TQ6P33JKID5Q67","Hartford Schroders International Multi-Cap Value Fund","en",NA,NA,"en","C/O The Corporation Trust Incorporated",NA,NA,NA,"Baltimore","US-MD","US","21093","en","C/O Hartford Funds Management Company, LLC",NA,NA,NA,"Philadelphia","US-PA","US","19087","RA000665",NA,"S000054858","US","FUND","8888","Sub-Fund",NA,NA,"ACTIVE",NA,NA,NA,NA,NA,2003-05-27 00:00:00,NA,NA,NA,2012-12-11 17:47:00,2025-08-07 09:28:19,"ISSUED",2026-08-13 00:00:00,"5493001KJTIIGC8Y1R12","FULLY_CORROBORATED","RA000665",NA,"S000054858",NA,NA,NA,NA,NA,47603161,"CONFORMING","https://api.gleif.org/api/v1/lei-records/549300TQ6P33JKID5Q67/managing-lou","https://api.gleif.org/api/v1/lei-records/549300TQ6P33JKID5Q67/lei-issuer","https://api.gleif.org/api/v1/lei-records/549300TQ6P33JKID5Q67/field-modifications","https://api.gleif.org/api/v1/lei-records/549300TQ6P33JKID5Q67/direct-parent-reporting-exception","https://api.gleif.org/api/v1/lei-records/549300TQ6P33JKID5Q67/ultimate-parent-reporting-exception","https://api.gleif.org/api/v1/lei-records/549300TQ6P33JKID5Q67/fund-manager","https://api.gleif.org/api/v1/lei-records/549300TQ6P33JKID5Q67/fund-manager-relationship",TRUE,NA,"Schroder Series Trust - Schroder International Diversified Value Fund","en","PREVIOUS_LEGAL_NAME","2405 York Road","690 Lee Road",NA,NA,NA,NA,NA,NA,"https://api.gleif.org/api/v1/lei-records/549300TQ6P33JKID5Q67/umbrella-fund","https://api.gleif.org/api/v1/lei-records/549300TQ6P33JKID5Q67/umbrella-fund-relationship","Wayne",NA,NA,NA,NA,NA,"Suite 201",NA,NA,NA,NA,NA,NA,NA,NA,NA,NA,NA,NA,NA,NA,NA,NA,NA,NA,NA,NA,NA,NA,NA,NA,NA,NA,NA,NA,NA,NA,NA,NA,NA,NA,NA,NA,NA,NA,NA,NA,NA,NA,NA,NA,NA,NA,NA,NA,NA,NA,NA,"Lutherville Timonium",NA,NA,NA,NA,NA,NA,NA,NA,NA,NA,NA,NA,NA,NA,NA,NA,NA,NA,NA,NA,NA,NA,NA,NA,NA,NA,NA,NA,NA,NA,NA,NA,NA,NA,NA,NA,NA,NA,NA,NA,NA,NA,NA,NA,NA,NA,NA,NA,NA,NA,NA,NA,NA,NA,NA,NA,NA,NA,NA,NA,NA,NA,NA,NA,NA,NA,NA,NA,NA,NA,NA,NA,NA,NA,NA,NA,NA,NA,NA,NA,NA,NA,NA,NA,NA,NA,NA,NA,NA,NA,NA,NA,NA,NA,NA,NA,NA,NA,NA,NA,NA,NA,NA,NA,NA,NA,NA,NA,NA,NA,NA,NA,NA,NA,NA,NA,NA,NA,NA,NA,NA,NA,NA,NA,NA,NA,NA,NA,NA,NA,NA,NA,NA,NA,NA,NA,NA,NA,NA,NA,NA,NA,NA,NA,NA,NA,NA,NA,NA,NA,NA,NA,NA,NA,NA,NA,NA,NA,NA,NA,NA,NA,NA,NA,NA,NA,NA,NA,NA,NA,NA,NA,NA,NA,NA,NA,NA,NA,NA,NA,NA,"Hartford Schroders International Multi-Cap Value Fund","Open-End Mutual Fund"
"171","549300TQEEE2ZHP5EH15","549300TQEEE2ZHP5EH15",200,"549300TQEEE2ZHP5EH15","iShares Emerging Markets Equity Factor ETF","en",NA,NA,"en","c/o THE CORPORATION TRUST, INCORPORATED, 2405 YORK ROAD, SUITE 201",NA,NA,NA,"LUTHERVILLE TIMONIUM","US-MD","US","21093-2264","en","c/o BlackRock Fund Advisors, c/o TERRI SLANE; 400 HOWARD STREET",NA,NA,"c/o BlackRock Fund Advisors","San Francisco","US-CA","US","94105","RA000665",NA,"S000049021","US-MD","FUND","8888","Trust",NA,NA,"ACTIVE",NA,NA,NA,NA,NA,2015-12-07 23:00:00,NA,NA,NA,2016-08-25 01:59:00,2025-11-27 14:54:55,"ISSUED",2027-01-19 10:42:28,"5299000J2N45DDNE4Y28","FULLY_CORROBORATED","RA000665",NA,"S000049021",NA,NA,NA,NA,NA,285065157,"CONFORMING","https://api.gleif.org/api/v1/lei-records/549300TQEEE2ZHP5EH15/managing-lou","https://api.gleif.org/api/v1/lei-records/549300TQEEE2ZHP5EH15/lei-issuer","https://api.gleif.org/api/v1/lei-records/549300TQEEE2ZHP5EH15/field-modifications","https://api.gleif.org/api/v1/lei-records/549300TQEEE2ZHP5EH15/direct-parent-reporting-exception","https://api.gleif.org/api/v1/lei-records/549300TQEEE2ZHP5EH15/ultimate-parent-reporting-exception","https://api.gleif.org/api/v1/lei-records/549300TQEEE2ZHP5EH15/fund-manager","https://api.gleif.org/api/v1/lei-records/549300TQEEE2ZHP5EH15/fund-manager-relationship",TRUE,NA,"iShares MSCI Emerging Markets Multifactor ETF","en","PREVIOUS_LEGAL_NAME",NA,NA,"STANDALONE","SUPPORTING_DOCUMENTS",2024-01-14 23:00:00,2024-01-15 10:18:32,"CHANGE_HQ_ADDRESS","COMPLETED","https://api.gleif.org/api/v1/lei-records/549300TQEEE2ZHP5EH15/umbrella-fund","https://api.gleif.org/api/v1/lei-records/549300TQEEE2ZHP5EH15/umbrella-fund-relationship",NA,NA,NA,NA,NA,NA,NA,"STANDALONE","SUPPORTING_DOCUMENTS",2024-01-14 23:00:00,2024-01-15 10:18:32,"CHANGE_LEGAL_ADDRESS","COMPLETED",NA,NA,NA,NA,NA,NA,NA,NA,NA,NA,NA,NA,NA,NA,NA,NA,NA,NA,NA,NA,"STANDALONE","SUPPORTING_DOCUMENTS",2023-02-28 23:00:00,2023-03-01 14:56:50,"CHANGE_LEGAL_NAME","COMPLETED",NA,NA,NA,NA,NA,NA,NA,NA,NA,NA,NA,NA,NA,NA,NA,NA,NA,NA,NA,NA,NA,NA,NA,NA,NA,NA,NA,NA,NA,NA,NA,NA,NA,NA,NA,NA,NA,NA,NA,NA,NA,NA,NA,NA,NA,NA,NA,NA,NA,NA,NA,NA,NA,NA,NA,NA,NA,NA,NA,NA,NA,NA,NA,NA,NA,NA,NA,NA,NA,NA,NA,NA,NA,NA,NA,NA,NA,NA,NA,NA,NA,NA,NA,NA,NA,NA,NA,NA,NA,NA,NA,NA,NA,NA,NA,NA,NA,NA,NA,NA,NA,NA,NA,NA,NA,NA,NA,NA,NA,NA,NA,NA,NA,NA,NA,NA,NA,NA,NA,NA,NA,NA,NA,NA,NA,NA,NA,NA,NA,NA,NA,NA,NA,NA,NA,NA,NA,NA,NA,NA,NA,NA,NA,NA,NA,NA,NA,NA,NA,NA,NA,NA,NA,NA,NA,NA,NA,NA,NA,NA,NA,NA,NA,NA,NA,NA,NA,NA,NA,NA,NA,NA,NA,NA,NA,NA,NA,NA,NA,NA,NA,NA,NA,NA,NA,NA,NA,NA,NA,NA,NA,NA,NA,NA,NA,NA,NA,NA,NA,NA,NA,"iShares Edge MSCI Multifactor Emerging Markets ETF","ETF"
"172","549300TXMIMTONBLXT62","549300TXMIMTONBLXT62",200,"549300TXMIMTONBLXT62","Hartford Total Return Bond ETF","en",NA,NA,"en","C/O CORPORATION SERVICE COMPANY",NA,NA,NA,"WILMINGTON","US-DE","US","19808","en","C/O HARTFORD FUNDS MANAGEMENT COMPANY, LLC",NA,NA,NA,"WAYNE","US-NY","US","19087","RA000665",NA,"S000057958","US","FUND","8888","Sub-fund",NA,NA,"ACTIVE",NA,NA,NA,NA,NA,2016-12-31 00:00:00,NA,NA,NA,2017-04-11 01:55:00,2026-01-16 15:50:25,"ISSUED",2027-02-01 00:00:00,"5493001KJTIIGC8Y1R12","FULLY_CORROBORATED","RA000665",NA,"S000057958",NA,NA,NA,NA,NA,426931743,"CONFORMING","https://api.gleif.org/api/v1/lei-records/549300TXMIMTONBLXT62/managing-lou","https://api.gleif.org/api/v1/lei-records/549300TXMIMTONBLXT62/lei-issuer","https://api.gleif.org/api/v1/lei-records/549300TXMIMTONBLXT62/field-modifications","https://api.gleif.org/api/v1/lei-records/549300TXMIMTONBLXT62/direct-parent-reporting-exception","https://api.gleif.org/api/v1/lei-records/549300TXMIMTONBLXT62/ultimate-parent-reporting-exception","https://api.gleif.org/api/v1/lei-records/549300TXMIMTONBLXT62/fund-manager","https://api.gleif.org/api/v1/lei-records/549300TXMIMTONBLXT62/fund-manager-relationship",TRUE,NA,NA,NA,NA,"251 LITTLE FALLS DRIVE","690 LEE ROAD",NA,NA,NA,NA,NA,NA,"https://api.gleif.org/api/v1/lei-records/549300TXMIMTONBLXT62/umbrella-fund","https://api.gleif.org/api/v1/lei-records/549300TXMIMTONBLXT62/umbrella-fund-relationship",NA,NA,NA,NA,NA,NA,NA,NA,NA,NA,NA,NA,NA,NA,NA,NA,NA,NA,NA,NA,NA,NA,NA,NA,NA,NA,NA,NA,NA,NA,NA,NA,NA,NA,NA,NA,NA,NA,NA,NA,NA,NA,NA,NA,NA,NA,NA,NA,NA,NA,NA,NA,NA,NA,NA,NA,NA,NA,NA,NA,NA,NA,NA,NA,NA,NA,NA,NA,NA,NA,NA,NA,NA,NA,NA,NA,NA,NA,NA,NA,NA,NA,NA,NA,NA,NA,NA,NA,NA,NA,NA,NA,NA,NA,NA,NA,NA,NA,NA,NA,NA,NA,NA,NA,NA,NA,NA,NA,NA,NA,NA,NA,NA,NA,NA,NA,NA,NA,NA,NA,NA,NA,NA,NA,NA,NA,NA,NA,NA,NA,NA,NA,NA,NA,NA,NA,NA,NA,NA,NA,NA,NA,NA,NA,NA,NA,NA,NA,NA,NA,NA,NA,NA,NA,NA,NA,NA,NA,NA,NA,NA,NA,NA,NA,NA,NA,NA,NA,NA,NA,NA,NA,NA,NA,NA,NA,NA,NA,NA,NA,NA,NA,NA,NA,NA,NA,NA,NA,NA,NA,NA,NA,NA,NA,NA,NA,NA,NA,NA,NA,NA,NA,NA,NA,NA,NA,NA,NA,NA,NA,NA,NA,NA,NA,NA,NA,NA,NA,NA,NA,NA,NA,NA,NA,NA,NA,NA,NA,NA,NA,NA,NA,NA,NA,NA,NA,NA,NA,NA,NA,"Hartford Total Return Bond ETF","ETF"
"173","549300TZLZANM68Q9A51","549300TZLZANM68Q9A51",200,"549300TZLZANM68Q9A51","Fixed Income SHares: Series LD","en",NA,NA,"en","C/O CORPORATION SERVICE COMPANY",NA,NA,NA,"BOSTON","US-MA","US","02109","en","C/O PACIFIC INVESTMENT MANAGEMENT COMPANY LLC",NA,NA,NA,"NEWPORT BEACH","US-CA","US","92660","RA000665",NA,"S000043031","US","FUND","8888","FUND",NA,NA,"ACTIVE",NA,NA,NA,NA,NA,2013-10-23 00:00:00,NA,NA,NA,2013-10-24 03:07:00,2025-06-20 17:30:14,"ISSUED",2026-07-07 00:00:00,"5493001KJTIIGC8Y1R12","FULLY_CORROBORATED","RA000665",NA,"S000043031",NA,NA,NA,NA,NA,247677352,"CONFORMING","https://api.gleif.org/api/v1/lei-records/549300TZLZANM68Q9A51/managing-lou","https://api.gleif.org/api/v1/lei-records/549300TZLZANM68Q9A51/lei-issuer","https://api.gleif.org/api/v1/lei-records/549300TZLZANM68Q9A51/field-modifications","https://api.gleif.org/api/v1/lei-records/549300TZLZANM68Q9A51/direct-parent-reporting-exception","https://api.gleif.org/api/v1/lei-records/549300TZLZANM68Q9A51/ultimate-parent-reporting-exception","https://api.gleif.org/api/v1/lei-records/549300TZLZANM68Q9A51/fund-manager","https://api.gleif.org/api/v1/lei-records/549300TZLZANM68Q9A51/fund-manager-relationship",TRUE,NA,"AllianzGI Managed Accounts Trust - Fixed Income Shares: Series LD","en","PREVIOUS_LEGAL_NAME","84 STATE STREET","650 NEWPORT CENTER DRIVE",NA,NA,NA,NA,NA,NA,"https://api.gleif.org/api/v1/lei-records/549300TZLZANM68Q9A51/umbrella-fund","https://api.gleif.org/api/v1/lei-records/549300TZLZANM68Q9A51/umbrella-fund-relationship",NA,NA,NA,NA,NA,NA,NA,NA,NA,NA,NA,NA,NA,NA,NA,NA,NA,NA,NA,NA,NA,NA,NA,NA,NA,NA,NA,NA,NA,NA,NA,NA,NA,NA,NA,NA,NA,NA,NA,NA,NA,NA,NA,NA,NA,NA,NA,NA,NA,NA,NA,NA,NA,NA,NA,NA,NA,NA,NA,NA,NA,NA,NA,NA,NA,NA,NA,NA,NA,NA,NA,NA,NA,NA,NA,NA,NA,NA,NA,NA,NA,NA,NA,NA,NA,NA,NA,NA,NA,NA,NA,NA,NA,NA,NA,NA,NA,NA,NA,NA,NA,NA,NA,NA,NA,NA,NA,NA,NA,NA,NA,NA,NA,NA,NA,NA,NA,NA,NA,NA,NA,NA,NA,NA,NA,NA,NA,NA,NA,NA,NA,NA,NA,NA,NA,NA,NA,NA,NA,NA,NA,NA,NA,NA,NA,NA,NA,NA,NA,NA,NA,NA,NA,NA,NA,NA,NA,NA,NA,NA,NA,NA,NA,NA,NA,NA,NA,NA,NA,NA,NA,NA,NA,NA,NA,NA,NA,NA,NA,NA,NA,NA,NA,NA,NA,NA,NA,NA,NA,NA,NA,NA,NA,NA,NA,NA,NA,NA,NA,NA,NA,NA,NA,NA,NA,NA,NA,NA,NA,NA,NA,NA,NA,NA,NA,NA,NA,NA,NA,NA,NA,NA,NA,NA,NA,NA,NA,NA,NA,NA,NA,NA,NA,NA,NA,NA,NA,NA,NA,NA,"PIMCO Fixed Income SHares: Series LD","Open-End Mutual Fund"
"174","549300UBZCC7LD138K71","549300UBZCC7LD138K71",200,"549300UBZCC7LD138K71","Wilshire Income Opportunities Fund","en",NA,NA,"en","C/O THE CORPORATION TRUST INCORPORATED",NA,NA,NA,"BALTIMORE","US-CA","US","21093-2264","en","C/O WILSHIRE ADVISORS LLC",NA,NA,NA,"SANTA MONICA","US-CA","US","90401","RA000665",NA,"S000053356","US","FUND","8888","FUND",NA,NA,"ACTIVE",NA,NA,NA,NA,NA,2016-03-01 00:00:00,NA,NA,NA,2016-03-02 05:26:00,2025-06-24 11:46:57,"ISSUED",2026-06-27 20:03:40,"5493001KJTIIGC8Y1R12","FULLY_CORROBORATED","RA000665",NA,"S000053356",NA,NA,NA,NA,NA,326986403,"CONFORMING","https://api.gleif.org/api/v1/lei-records/549300UBZCC7LD138K71/managing-lou","https://api.gleif.org/api/v1/lei-records/549300UBZCC7LD138K71/lei-issuer","https://api.gleif.org/api/v1/lei-records/549300UBZCC7LD138K71/field-modifications","https://api.gleif.org/api/v1/lei-records/549300UBZCC7LD138K71/direct-parent-reporting-exception","https://api.gleif.org/api/v1/lei-records/549300UBZCC7LD138K71/ultimate-parent-reporting-exception","https://api.gleif.org/api/v1/lei-records/549300UBZCC7LD138K71/fund-manager","https://api.gleif.org/api/v1/lei-records/549300UBZCC7LD138K71/fund-manager-relationship",TRUE,NA,"WILSHIRE MUTUAL FUNDS INC - Wilshire Income Opportunities Fund","en","PREVIOUS_LEGAL_NAME","2405 YORK ROAD","1299 OCEAN AVENUE STE 700",NA,NA,NA,NA,NA,NA,"https://api.gleif.org/api/v1/lei-records/549300UBZCC7LD138K71/umbrella-fund","https://api.gleif.org/api/v1/lei-records/549300UBZCC7LD138K71/umbrella-fund-relationship",NA,NA,NA,NA,NA,NA,"SUITE 201",NA,NA,NA,NA,NA,NA,NA,NA,NA,NA,NA,NA,NA,NA,NA,NA,NA,NA,NA,NA,NA,NA,NA,NA,NA,NA,NA,NA,NA,NA,NA,NA,NA,NA,NA,NA,NA,NA,NA,NA,NA,NA,NA,NA,NA,NA,NA,NA,NA,NA,NA,"LUTHERVILLE TIMONIUM",NA,NA,NA,NA,NA,NA,NA,NA,NA,NA,NA,NA,NA,NA,NA,NA,NA,NA,NA,NA,NA,NA,NA,NA,NA,NA,NA,NA,NA,NA,NA,NA,NA,NA,NA,NA,NA,NA,NA,NA,NA,NA,NA,NA,NA,NA,NA,NA,NA,NA,NA,NA,NA,NA,NA,NA,NA,NA,NA,NA,NA,NA,NA,NA,NA,NA,NA,NA,NA,NA,NA,NA,NA,NA,NA,NA,NA,NA,NA,NA,NA,NA,NA,NA,NA,NA,NA,NA,NA,NA,NA,NA,NA,NA,NA,NA,NA,NA,NA,NA,NA,NA,NA,NA,NA,NA,NA,NA,NA,NA,NA,NA,NA,NA,NA,NA,NA,NA,NA,NA,NA,NA,NA,NA,NA,NA,NA,NA,NA,NA,NA,NA,NA,NA,NA,NA,NA,NA,NA,NA,NA,NA,NA,NA,NA,NA,NA,NA,NA,NA,NA,NA,NA,NA,NA,NA,NA,NA,NA,NA,NA,NA,NA,NA,NA,NA,NA,NA,NA,NA,NA,NA,NA,NA,NA,NA,NA,NA,NA,NA,NA,"Wilshire Income Opportunities Fund","Open-End Mutual Fund"
"175","549300UDNENJLHLCX577","549300UDNENJLHLCX577",200,"549300UDNENJLHLCX577","Nationwide Bond Portfolio","en",NA,NA,"en","C/O CORPORATION SERVICE COMPANY",NA,NA,NA,"WILMINGTON","US-DE","US","19808","en","C/O Nationwide Fund Advisors",NA,NA,NA,"Columbus","US-OH","US","43215","RA000665",NA,"S000071835","US","FUND","8888","FUND",NA,NA,"ACTIVE",NA,NA,NA,NA,NA,2021-02-17 00:00:00,NA,NA,NA,2021-02-17 21:30:00,2025-09-18 13:27:50,"ISSUED",2026-10-02 18:00:00,"5493001KJTIIGC8Y1R12","FULLY_CORROBORATED","RA000665",NA,"S000071835",NA,NA,NA,NA,NA,704218201,"CONFORMING","https://api.gleif.org/api/v1/lei-records/549300UDNENJLHLCX577/managing-lou","https://api.gleif.org/api/v1/lei-records/549300UDNENJLHLCX577/lei-issuer","https://api.gleif.org/api/v1/lei-records/549300UDNENJLHLCX577/field-modifications","https://api.gleif.org/api/v1/lei-records/549300UDNENJLHLCX577/direct-parent-reporting-exception","https://api.gleif.org/api/v1/lei-records/549300UDNENJLHLCX577/ultimate-parent-reporting-exception","https://api.gleif.org/api/v1/lei-records/549300UDNENJLHLCX577/fund-manager","https://api.gleif.org/api/v1/lei-records/549300UDNENJLHLCX577/fund-manager-relationship",TRUE,NA,"NATIONWIDE MUTUAL FUNDS - Nationwide Bond Portfolio","en","PREVIOUS_LEGAL_NAME","251 LITTLE FALLS DRIVE","10 West Nationwide Blvd",NA,NA,NA,NA,NA,NA,"https://api.gleif.org/api/v1/lei-records/549300UDNENJLHLCX577/umbrella-fund","https://api.gleif.org/api/v1/lei-records/549300UDNENJLHLCX577/umbrella-fund-relationship",NA,NA,NA,NA,NA,NA,NA,NA,NA,NA,NA,NA,NA,NA,NA,NA,NA,NA,NA,NA,NA,NA,NA,NA,NA,NA,NA,NA,NA,NA,NA,NA,NA,NA,NA,NA,NA,NA,NA,NA,NA,NA,NA,NA,NA,NA,NA,NA,NA,NA,NA,NA,NA,NA,NA,NA,NA,NA,NA,NA,NA,NA,NA,NA,NA,NA,NA,NA,NA,NA,NA,NA,NA,NA,NA,NA,NA,NA,NA,NA,NA,NA,NA,NA,NA,NA,NA,NA,NA,NA,NA,NA,NA,NA,NA,NA,NA,NA,NA,NA,NA,NA,NA,NA,NA,NA,NA,NA,NA,NA,NA,NA,NA,NA,NA,NA,NA,NA,NA,NA,NA,NA,NA,NA,NA,NA,NA,NA,NA,NA,NA,NA,NA,NA,NA,NA,NA,NA,NA,NA,NA,NA,NA,NA,NA,NA,NA,NA,NA,NA,NA,NA,NA,NA,NA,NA,NA,NA,NA,NA,NA,NA,NA,NA,NA,NA,NA,NA,NA,NA,NA,NA,NA,NA,NA,NA,NA,NA,NA,NA,NA,NA,NA,NA,NA,NA,NA,NA,NA,NA,NA,NA,NA,NA,NA,NA,NA,NA,NA,NA,NA,NA,NA,NA,NA,NA,NA,NA,NA,NA,NA,NA,NA,NA,NA,NA,NA,NA,NA,NA,NA,NA,NA,NA,NA,NA,NA,NA,NA,NA,NA,NA,NA,NA,NA,NA,NA,NA,NA,NA,"Nationwide Bond Portfolio","Open-End Mutual Fund"
"176","549300UH9G275ZOL1I97","549300UH9G275ZOL1I97",200,"549300UH9G275ZOL1I97","SIIT World Select Equity Fund","en",NA,NA,"en","C/O C T CORPORATION SYSTEM",NA,NA,NA,"BOSTON","US-MA","US","02110","en","C/O SEI Investments Management Corporation",NA,NA,NA,"Wilmington","US-DE","US","19808","RA000665",NA,"S000056248","US","FUND","8888","Sub-Fund",NA,NA,"ACTIVE",NA,NA,NA,NA,NA,2017-06-30 00:00:00,NA,NA,NA,2016-12-23 01:54:00,2026-04-09 09:18:50,"ISSUED",2027-04-20 07:11:09,"5493001KJTIIGC8Y1R12","FULLY_CORROBORATED","RA000665",NA,"S000056248",NA,NA,NA,NA,NA,413820290,"CONFORMING","https://api.gleif.org/api/v1/lei-records/549300UH9G275ZOL1I97/managing-lou","https://api.gleif.org/api/v1/lei-records/549300UH9G275ZOL1I97/lei-issuer","https://api.gleif.org/api/v1/lei-records/549300UH9G275ZOL1I97/field-modifications","https://api.gleif.org/api/v1/lei-records/549300UH9G275ZOL1I97/direct-parent-reporting-exception","https://api.gleif.org/api/v1/lei-records/549300UH9G275ZOL1I97/ultimate-parent-reporting-exception","https://api.gleif.org/api/v1/lei-records/549300UH9G275ZOL1I97/fund-manager","https://api.gleif.org/api/v1/lei-records/549300UH9G275ZOL1I97/fund-manager-relationship",TRUE,NA,NA,NA,NA,"155 FEDERAL STREET","251 Little Falls Drive",NA,NA,NA,NA,NA,NA,"https://api.gleif.org/api/v1/lei-records/549300UH9G275ZOL1I97/umbrella-fund","https://api.gleif.org/api/v1/lei-records/549300UH9G275ZOL1I97/umbrella-fund-relationship",NA,NA,NA,NA,NA,NA,"STE 700",NA,NA,NA,NA,NA,NA,NA,NA,NA,NA,NA,NA,NA,NA,NA,NA,NA,NA,NA,NA,NA,NA,NA,NA,NA,NA,NA,NA,NA,NA,NA,NA,NA,NA,NA,NA,NA,NA,NA,NA,NA,NA,NA,NA,NA,NA,NA,NA,NA,NA,NA,NA,NA,NA,NA,NA,NA,NA,NA,NA,NA,NA,NA,NA,NA,NA,NA,NA,NA,NA,NA,NA,NA,NA,NA,NA,NA,NA,NA,NA,NA,NA,NA,NA,NA,NA,NA,NA,NA,NA,NA,NA,NA,NA,NA,NA,NA,NA,NA,NA,NA,NA,NA,NA,NA,NA,NA,NA,NA,NA,NA,NA,NA,NA,NA,NA,NA,NA,NA,NA,NA,NA,NA,NA,NA,NA,NA,NA,NA,NA,NA,NA,NA,NA,NA,NA,NA,NA,NA,NA,NA,NA,NA,NA,NA,NA,NA,NA,NA,NA,NA,NA,NA,NA,NA,NA,NA,NA,NA,NA,NA,NA,NA,NA,NA,NA,NA,NA,NA,NA,NA,NA,NA,NA,NA,NA,NA,NA,NA,NA,NA,NA,NA,NA,NA,NA,NA,NA,NA,NA,NA,NA,NA,NA,NA,NA,NA,NA,NA,NA,NA,NA,NA,NA,NA,NA,NA,NA,NA,NA,NA,NA,NA,NA,NA,NA,NA,NA,NA,NA,NA,NA,NA,NA,NA,NA,NA,NA,NA,NA,NA,NA,NA,"SIIT WORLD SELECT EQUITY FUND","Open-End Mutual Fund"
"177","549300USKPT3IRUFVC23","549300USKPT3IRUFVC23",200,"549300USKPT3IRUFVC23","Hartford Schroders China A Fund","en",NA,NA,"en","c/o The Corporation Trust Incorporated",NA,NA,NA,"Lutherville Timonium","US-MD","US","21093","en","c/o Hartford Funds Management Company, LLC",NA,NA,NA,"Wayne","US-PA","US","19087","RA000665",NA,"S000068240","US","FUND","8888","Sub-Fund",NA,NA,"INACTIVE",NA,NA,NA,NA,NA,2016-12-31 00:00:00,NA,NA,NA,2020-01-16 15:31:00,2025-08-29 20:24:40,"RETIRED",2025-09-03 00:00:00,"5493001KJTIIGC8Y1R12","FULLY_CORROBORATED","RA000665",NA,"S000068240",NA,NA,NA,NA,NA,633960892,"NOT_APPLICABLE","https://api.gleif.org/api/v1/lei-records/549300USKPT3IRUFVC23/managing-lou","https://api.gleif.org/api/v1/lei-records/549300USKPT3IRUFVC23/lei-issuer","https://api.gleif.org/api/v1/lei-records/549300USKPT3IRUFVC23/field-modifications","https://api.gleif.org/api/v1/lei-records/549300USKPT3IRUFVC23/direct-parent-reporting-exception","https://api.gleif.org/api/v1/lei-records/549300USKPT3IRUFVC23/ultimate-parent-reporting-exception",NA,NA,TRUE,NA,NA,NA,NA,"2405 York Road","690 Lee Road","STANDALONE","REGULATORY_FILING",2025-07-18 00:00:00,2025-08-27 15:11:34,"LIQUIDATION","COMPLETED",NA,NA,NA,NA,NA,NA,NA,NA,"Suite 201",NA,NA,NA,NA,NA,NA,NA,NA,NA,NA,NA,NA,NA,NA,NA,NA,NA,NA,NA,NA,NA,NA,NA,NA,NA,NA,NA,NA,NA,NA,NA,NA,NA,NA,NA,NA,NA,NA,NA,NA,NA,NA,NA,NA,NA,NA,NA,NA,NA,NA,NA,NA,NA,NA,NA,NA,NA,NA,NA,NA,NA,NA,NA,NA,NA,NA,NA,NA,NA,NA,NA,NA,NA,NA,NA,NA,NA,NA,NA,NA,NA,NA,NA,NA,NA,NA,NA,NA,NA,NA,NA,NA,NA,NA,NA,NA,NA,NA,NA,NA,NA,NA,NA,NA,NA,NA,NA,NA,NA,NA,NA,NA,NA,NA,NA,NA,NA,NA,NA,NA,NA,NA,NA,NA,NA,NA,NA,NA,NA,NA,NA,NA,NA,NA,NA,NA,NA,NA,NA,NA,NA,NA,NA,NA,NA,NA,NA,NA,NA,NA,NA,NA,NA,NA,NA,NA,NA,NA,NA,NA,NA,NA,NA,NA,NA,NA,NA,NA,NA,NA,NA,NA,NA,NA,NA,NA,NA,NA,NA,NA,NA,NA,NA,NA,NA,NA,NA,NA,NA,NA,NA,NA,NA,NA,NA,NA,NA,NA,NA,NA,NA,NA,NA,NA,NA,NA,NA,NA,NA,NA,NA,NA,NA,NA,NA,NA,NA,NA,NA,NA,NA,NA,NA,NA,NA,NA,NA,NA,NA,NA,NA,NA,NA,"Hartford Schroders China A Fund","Open-End Mutual Fund"
"178","549300V7ZDFLSK6WD203","549300V7ZDFLSK6WD203",200,"549300V7ZDFLSK6WD203","ABRDN GLOBAL INCOME FUND, INC.","en",NA,NA,"en","C/O CSC-LAWYERS INCORPORATING SERVICE COMPANY",NA,NA,NA,"BALTIMORE","US-MD","US","21202","en","1900 MARKET STREET",NA,NA,NA,"PHILADEPHIA","US-PA","US","19103","RA000614",NA,"D03243946","US-MD","GENERAL","HLR4",NA,NA,NA,"ACTIVE",NA,NA,NA,NA,NA,1991-06-28 00:00:00,NA,NA,NA,2012-12-05 18:22:00,2025-09-25 16:16:18,"ISSUED",2026-11-20 00:00:00,"213800WAVVOPS85N2205","FULLY_CORROBORATED","RA000614",NA,"D03243946",NA,NA,NA,"us_md/D03243946",NA,3590650,"CONFORMING","https://api.gleif.org/api/v1/lei-records/549300V7ZDFLSK6WD203/managing-lou","https://api.gleif.org/api/v1/lei-records/549300V7ZDFLSK6WD203/lei-issuer","https://api.gleif.org/api/v1/lei-records/549300V7ZDFLSK6WD203/field-modifications","https://api.gleif.org/api/v1/lei-records/549300V7ZDFLSK6WD203/direct-parent-reporting-exception","https://api.gleif.org/api/v1/lei-records/549300V7ZDFLSK6WD203/ultimate-parent-reporting-exception",NA,NA,TRUE,NA,"ABERDEEN GLOBAL INCOME FUND, INC.","en","PREVIOUS_LEGAL_NAME","7 ST. PAUL STREET SUITE 820","SUITE 200","STANDALONE","ACCOUNTS_FILING",2022-06-14 00:00:00,2022-07-05 09:29:43,"CHANGE_LEGAL_NAME","COMPLETED",NA,NA,NA,NA,NA,NA,NA,NA,NA,NA,NA,NA,NA,NA,NA,"https://api.gleif.org/api/v1/lei-records/549300V7ZDFLSK6WD203/isins",NA,NA,NA,NA,NA,NA,NA,NA,NA,NA,NA,NA,NA,NA,NA,NA,NA,NA,NA,NA,NA,NA,NA,NA,NA,NA,NA,NA,NA,NA,NA,NA,NA,NA,NA,NA,NA,NA,NA,NA,NA,NA,NA,NA,NA,NA,NA,NA,NA,NA,NA,NA,NA,NA,NA,NA,NA,NA,NA,NA,NA,NA,NA,NA,NA,NA,NA,NA,NA,NA,NA,NA,NA,NA,NA,NA,NA,NA,NA,NA,NA,NA,NA,NA,NA,NA,NA,NA,NA,NA,NA,NA,NA,NA,NA,NA,NA,NA,NA,NA,NA,NA,NA,NA,NA,NA,NA,NA,NA,NA,NA,NA,NA,NA,NA,NA,NA,NA,NA,NA,NA,NA,NA,NA,NA,NA,NA,NA,NA,NA,NA,NA,NA,NA,NA,NA,NA,NA,NA,NA,NA,NA,NA,NA,NA,NA,NA,NA,NA,NA,NA,NA,NA,NA,NA,NA,NA,NA,NA,NA,NA,NA,NA,NA,NA,NA,NA,NA,NA,NA,NA,NA,NA,NA,NA,NA,NA,NA,NA,NA,NA,NA,NA,NA,NA,NA,NA,NA,NA,NA,NA,NA,NA,NA,NA,NA,NA,NA,NA,NA,NA,NA,NA,NA,NA,NA,NA,NA,NA,NA,NA,NA,NA,NA,NA,NA,NA,NA,NA,NA,NA,NA,NA,NA,NA,NA,"ABERDEEN GLOBAL INCOME FUND INC","Closed-End Fund"
"179","549300VB9HUVZDK7N866","549300VB9HUVZDK7N866",200,"549300VB9HUVZDK7N866","Delaware Ivy Total Return Bond Fund","en",NA,NA,"en","251 Little Falls Drive",NA,NA,NA,"Wilmington","US-DE","US","19808","en","c/o Macquarie Investment Management Business Trust - Delaware Management Company",NA,NA,NA,"Wilmington","US-DE","US","19890","RA000665",NA,"S000052348","US","FUND","8888","FUND",NA,NA,"INACTIVE",NA,NA,"549300BUZB6CSOP46X59",NA,NA,2016-01-04 00:00:00,NA,NA,NA,2015-10-27 02:05:00,2024-10-25 11:22:09,"RETIRED",2024-09-12 20:51:38,"5493001KJTIIGC8Y1R12","FULLY_CORROBORATED","RA000665",NA,"S000052348",NA,NA,NA,NA,NA,315464871,"NOT_APPLICABLE","https://api.gleif.org/api/v1/lei-records/549300VB9HUVZDK7N866/managing-lou","https://api.gleif.org/api/v1/lei-records/549300VB9HUVZDK7N866/lei-issuer","https://api.gleif.org/api/v1/lei-records/549300VB9HUVZDK7N866/field-modifications","https://api.gleif.org/api/v1/lei-records/549300VB9HUVZDK7N866/direct-parent-reporting-exception","https://api.gleif.org/api/v1/lei-records/549300VB9HUVZDK7N866/ultimate-parent-reporting-exception",NA,NA,TRUE,NA,"IVY FUNDS - Delaware Ivy Pictet Targeted Return Bond Fund","en","PREVIOUS_LEGAL_NAME",NA,"Rodney Square North","STANDALONE","REGULATORY_FILING",2024-04-26 00:00:00,2024-10-24 14:42:26,"MERGERS_AND_ACQUISITIONS","COMPLETED",NA,NA,"1100 N. Market Street",NA,NA,"Ivy Funds Inc.- Ivy Targeted Return Bond Fund","en","PREVIOUS_LEGAL_NAME",NA,NA,NA,NA,NA,NA,NA,NA,NA,NA,NA,NA,NA,NA,NA,NA,NA,NA,NA,NA,NA,NA,NA,NA,NA,NA,NA,NA,NA,NA,NA,NA,NA,NA,NA,NA,NA,NA,NA,NA,NA,NA,NA,NA,"549300BUZB6CSOP46X59",NA,NA,NA,"https://api.gleif.org/api/v1/lei-records/549300VB9HUVZDK7N866/successor-entity","https://api.gleif.org/api/v1/lei-records/549300VB9HUVZDK7N866/successor-entities",NA,NA,NA,"IVY FUNDS - Ivy Pictet Targeted Return Bond Fund","en","PREVIOUS_LEGAL_NAME",NA,NA,NA,NA,NA,NA,NA,NA,NA,NA,NA,NA,NA,NA,NA,NA,NA,NA,NA,NA,NA,NA,NA,NA,"549300BUZB6CSOP46X59","/lei:LEIData/lei:LEIRecords/lei:LEIRecord/lei:Entity/lei:SuccessorEntity/lei:SuccessorLEI",NA,NA,NA,NA,NA,NA,NA,NA,NA,NA,NA,NA,NA,NA,NA,NA,NA,NA,NA,NA,NA,NA,NA,NA,NA,NA,NA,NA,NA,NA,NA,NA,NA,NA,NA,NA,NA,NA,NA,NA,NA,NA,NA,NA,NA,NA,NA,NA,NA,NA,NA,NA,NA,NA,NA,NA,NA,NA,NA,NA,NA,NA,NA,NA,NA,NA,NA,NA,NA,NA,NA,NA,NA,NA,NA,NA,NA,NA,NA,NA,NA,NA,NA,NA,NA,NA,NA,NA,NA,NA,NA,NA,NA,NA,NA,NA,NA,NA,NA,NA,NA,NA,NA,NA,NA,NA,NA,NA,NA,NA,NA,NA,NA,NA,NA,NA,NA,NA,NA,NA,NA,NA,NA,NA,NA,NA,NA,NA,NA,NA,NA,NA,NA,NA,NA,NA,NA,NA,NA,NA,NA,NA,NA,NA,NA,NA,NA,NA,NA,NA,NA,NA,"Ivy Pictet Targeted Return Bond Fund","Open-End Mutual Fund"
"180","549300VONR8FK9YHCU32","549300VONR8FK9YHCU32",200,"549300VONR8FK9YHCU32","PIMCO StocksPLUS International Fund (U.S. Dollar-Hedged)","en",NA,NA,"en","C/O C T CORPORATION SYSTEM",NA,NA,NA,"BOSTON","US-MA","US","02110","en","C/O PACIFIC INVESTMENT MANAGEMENT COMPANY LLC",NA,NA,NA,"NEWPORT BEACH","US-CA","US","92660","RA000665",NA,"S000009687","US","FUND","8888","SUB-FUND",NA,NA,"ACTIVE",NA,NA,NA,NA,NA,2012-12-27 00:00:00,NA,NA,NA,2012-12-28 12:00:00,2025-06-19 18:23:20,"ISSUED",2026-07-07 00:00:00,"5493001KJTIIGC8Y1R12","FULLY_CORROBORATED","RA000665",NA,"S000009687",NA,NA,NA,NA,NA,43893274,"CONFORMING","https://api.gleif.org/api/v1/lei-records/549300VONR8FK9YHCU32/managing-lou","https://api.gleif.org/api/v1/lei-records/549300VONR8FK9YHCU32/lei-issuer","https://api.gleif.org/api/v1/lei-records/549300VONR8FK9YHCU32/field-modifications","https://api.gleif.org/api/v1/lei-records/549300VONR8FK9YHCU32/direct-parent-reporting-exception","https://api.gleif.org/api/v1/lei-records/549300VONR8FK9YHCU32/ultimate-parent-reporting-exception","https://api.gleif.org/api/v1/lei-records/549300VONR8FK9YHCU32/fund-manager","https://api.gleif.org/api/v1/lei-records/549300VONR8FK9YHCU32/fund-manager-relationship",TRUE,NA,"PIMCO Funds - PIMCO International StocksPLUS TR Strategy Fund (U.S. Dollar-Hedged)","en","PREVIOUS_LEGAL_NAME","155 FEDERAL ST.","650 NEWPORT CENTER DRIVE",NA,NA,NA,NA,NA,NA,"https://api.gleif.org/api/v1/lei-records/549300VONR8FK9YHCU32/umbrella-fund","https://api.gleif.org/api/v1/lei-records/549300VONR8FK9YHCU32/umbrella-fund-relationship",NA,NA,NA,NA,NA,NA,"SUITE 700",NA,NA,NA,NA,NA,NA,NA,NA,NA,NA,NA,NA,NA,NA,NA,NA,NA,NA,NA,NA,NA,NA,NA,NA,NA,NA,NA,NA,NA,NA,NA,NA,NA,NA,NA,NA,NA,NA,NA,NA,NA,NA,NA,NA,NA,NA,NA,NA,NA,NA,NA,NA,NA,NA,NA,NA,NA,NA,NA,NA,NA,NA,NA,NA,NA,NA,NA,NA,NA,NA,NA,NA,NA,NA,NA,NA,NA,NA,NA,NA,NA,NA,NA,NA,NA,NA,NA,NA,NA,NA,NA,NA,NA,NA,NA,NA,NA,NA,NA,NA,NA,NA,NA,NA,NA,NA,NA,NA,NA,NA,NA,NA,NA,NA,NA,NA,NA,NA,NA,NA,NA,NA,NA,NA,NA,NA,NA,NA,NA,NA,NA,NA,NA,NA,NA,NA,NA,NA,NA,NA,NA,NA,NA,NA,NA,NA,NA,NA,NA,NA,NA,NA,NA,NA,NA,NA,NA,NA,NA,NA,NA,NA,NA,NA,NA,NA,NA,NA,NA,NA,NA,NA,NA,NA,NA,NA,NA,NA,NA,NA,NA,NA,NA,NA,NA,NA,NA,NA,NA,NA,NA,NA,NA,NA,NA,NA,NA,NA,NA,NA,NA,NA,NA,NA,NA,NA,NA,NA,NA,NA,NA,NA,NA,NA,NA,NA,NA,NA,NA,NA,NA,NA,NA,NA,NA,NA,NA,NA,NA,NA,NA,NA,NA,"PIMCO StocksPLUS  International Fund (U.S. Dollar-Hedged)","Open-End Mutual Fund"
"181","549300VPQ4I623NWQY03","549300VPQ4I623NWQY03",200,"549300VPQ4I623NWQY03","iShares MSCI Global Sustainable Development Goals ETF","en",NA,NA,"en","c/o THE CORPORATION TRUST COMPANY, CORPORATION TRUST CENTER 1209 ORANGE ST",NA,NA,NA,"WILMINGTON","US-DE","US","19801","en","c/o BLACKROCK FUND ADVISORS, c/o TERRI SLANE, 400 Howard Street",NA,NA,"c/o BLACKROCK FUND ADVISORS","San Francisco","US-CA","US","94105","RA000665",NA,"S000053601","US-DE","FUND","4FSX",NA,NA,NA,"ACTIVE",NA,NA,NA,NA,NA,2016-04-19 22:00:00,NA,NA,NA,2016-04-14 01:47:00,2025-10-31 17:01:05,"ISSUED",2026-12-01 13:52:11,"5299000J2N45DDNE4Y28","FULLY_CORROBORATED","RA000665",NA,"S000053601",NA,NA,NA,NA,NA,325102456,"CONFORMING","https://api.gleif.org/api/v1/lei-records/549300VPQ4I623NWQY03/managing-lou","https://api.gleif.org/api/v1/lei-records/549300VPQ4I623NWQY03/lei-issuer","https://api.gleif.org/api/v1/lei-records/549300VPQ4I623NWQY03/field-modifications","https://api.gleif.org/api/v1/lei-records/549300VPQ4I623NWQY03/direct-parent-reporting-exception","https://api.gleif.org/api/v1/lei-records/549300VPQ4I623NWQY03/ultimate-parent-reporting-exception","https://api.gleif.org/api/v1/lei-records/549300VPQ4I623NWQY03/fund-manager","https://api.gleif.org/api/v1/lei-records/549300VPQ4I623NWQY03/fund-manager-relationship",TRUE,NA,NA,NA,NA,NA,NA,"STANDALONE","SUPPORTING_DOCUMENTS",2023-11-02 23:00:00,2023-11-03 13:49:32,"CHANGE_HQ_ADDRESS","COMPLETED","https://api.gleif.org/api/v1/lei-records/549300VPQ4I623NWQY03/umbrella-fund","https://api.gleif.org/api/v1/lei-records/549300VPQ4I623NWQY03/umbrella-fund-relationship",NA,NA,NA,NA,NA,NA,NA,"STANDALONE","SUPPORTING_DOCUMENTS",2023-11-02 23:00:00,2023-11-03 13:49:32,"CHANGE_LEGAL_ADDRESS","COMPLETED",NA,NA,NA,NA,NA,NA,NA,NA,NA,NA,NA,NA,NA,NA,NA,NA,NA,NA,NA,NA,NA,NA,NA,NA,NA,NA,NA,NA,NA,NA,NA,NA,NA,NA,NA,NA,NA,NA,NA,NA,NA,NA,NA,NA,NA,NA,NA,NA,NA,NA,NA,NA,NA,NA,NA,NA,NA,NA,NA,NA,NA,NA,NA,NA,NA,NA,NA,NA,NA,NA,NA,NA,NA,NA,NA,NA,NA,NA,NA,NA,NA,NA,NA,NA,NA,NA,NA,NA,NA,NA,NA,NA,NA,NA,NA,NA,NA,NA,NA,NA,NA,NA,NA,NA,NA,NA,NA,NA,NA,NA,NA,NA,NA,NA,NA,NA,NA,NA,NA,NA,NA,NA,NA,NA,NA,NA,NA,NA,NA,NA,NA,NA,NA,NA,NA,NA,NA,NA,NA,NA,NA,NA,NA,NA,NA,NA,NA,NA,NA,NA,NA,NA,NA,NA,NA,NA,NA,NA,NA,NA,NA,NA,NA,NA,NA,NA,NA,NA,NA,NA,NA,NA,NA,NA,NA,NA,NA,NA,NA,NA,NA,NA,NA,NA,NA,NA,NA,NA,NA,NA,NA,NA,NA,NA,NA,NA,NA,NA,NA,NA,NA,NA,NA,NA,NA,NA,NA,NA,NA,NA,NA,NA,NA,NA,NA,NA,NA,NA,NA,NA,NA,NA,NA,NA,NA,NA,NA,"iShares MSCI Global Impact ETF","ETF"
"182","549300WHVM6KFXNED458","549300WHVM6KFXNED458",200,"549300WHVM6KFXNED458","GuideMark(R) Core Fixed Income Fund","en",NA,NA,"en","C/O The Corporation Trust Company",NA,NA,NA,"WILMINGTON","US-DE","US","19801","en","C/O AssetMark, Inc.",NA,NA,NA,"Concord","US-CA","US","94520","RA000665",NA,"S000006189","US","FUND","8888","FUND",NA,NA,"ACTIVE",NA,NA,NA,NA,NA,2001-06-29 00:00:00,NA,NA,NA,2014-09-13 01:32:00,2026-02-25 07:21:38,"ISSUED",2027-03-16 18:00:00,"5493001KJTIIGC8Y1R12","FULLY_CORROBORATED","RA000665",NA,"S000006189",NA,NA,NA,NA,NA,37412591,"CONFORMING","https://api.gleif.org/api/v1/lei-records/549300WHVM6KFXNED458/managing-lou","https://api.gleif.org/api/v1/lei-records/549300WHVM6KFXNED458/lei-issuer","https://api.gleif.org/api/v1/lei-records/549300WHVM6KFXNED458/field-modifications","https://api.gleif.org/api/v1/lei-records/549300WHVM6KFXNED458/direct-parent-reporting-exception","https://api.gleif.org/api/v1/lei-records/549300WHVM6KFXNED458/ultimate-parent-reporting-exception","https://api.gleif.org/api/v1/lei-records/549300WHVM6KFXNED458/fund-manager","https://api.gleif.org/api/v1/lei-records/549300WHVM6KFXNED458/fund-manager-relationship",TRUE,NA,"Assetmark Funds - AssetMark Core Plus Fixed Income Fund","en","PREVIOUS_LEGAL_NAME","Corporation Trust Center","1655 Grant Street",NA,NA,NA,NA,NA,NA,"https://api.gleif.org/api/v1/lei-records/549300WHVM6KFXNED458/umbrella-fund","https://api.gleif.org/api/v1/lei-records/549300WHVM6KFXNED458/umbrella-fund-relationship","10th Floor",NA,NA,NA,NA,NA,"1209 Orange Street",NA,NA,NA,NA,NA,NA,NA,NA,NA,NA,NA,NA,NA,NA,NA,NA,NA,NA,NA,NA,NA,NA,NA,NA,NA,NA,NA,NA,NA,NA,NA,NA,NA,NA,NA,NA,NA,NA,NA,NA,NA,NA,NA,NA,NA,NA,NA,NA,NA,NA,NA,NA,NA,NA,NA,NA,NA,NA,NA,NA,NA,NA,NA,NA,NA,NA,NA,NA,NA,NA,NA,NA,NA,NA,NA,NA,NA,NA,NA,NA,NA,NA,NA,NA,NA,NA,NA,NA,NA,NA,NA,NA,NA,NA,NA,NA,NA,NA,NA,NA,NA,NA,NA,NA,NA,NA,NA,NA,NA,NA,NA,NA,NA,NA,NA,NA,NA,NA,NA,NA,NA,NA,NA,NA,NA,NA,NA,NA,NA,NA,NA,NA,NA,NA,NA,NA,NA,NA,NA,NA,NA,NA,NA,NA,NA,NA,NA,NA,NA,NA,NA,NA,NA,NA,NA,NA,NA,NA,NA,NA,NA,NA,NA,NA,NA,NA,NA,NA,NA,NA,NA,NA,NA,NA,NA,NA,NA,NA,NA,NA,NA,NA,NA,NA,NA,NA,NA,NA,NA,NA,NA,NA,NA,NA,NA,NA,NA,NA,NA,NA,NA,NA,NA,NA,NA,NA,NA,NA,NA,NA,NA,NA,NA,NA,NA,NA,NA,NA,NA,NA,NA,NA,NA,NA,NA,NA,NA,NA,NA,NA,NA,NA,NA,"GuideMark Core Fixed Income Fund","Open-End Mutual Fund"
"183","549300WQF7SM1NEFDT68","549300WQF7SM1NEFDT68",200,"549300WQF7SM1NEFDT68","Blackrock Total Return Fund","en",NA,NA,"en","c/o THE CORPORATION TRUST INCORPORATED, 2405 YORK ROAD, SUITE 201",NA,NA,NA,"LUTHERVILLE TIMONIUM","US-MD","US","21093-2264","en","c/o BLACKROCK ADVISORS, LLC, c/o CORPORATION SERVICE COMPANY, 251 LITTLE FALLS DRIVE",NA,NA,"c/o BLACKROCK ADVISORS, LLC","Wilmington","US-DE","US","19808","RA000665",NA,"S000004071","US-MD","FUND","HLR4",NA,NA,NA,"ACTIVE",NA,NA,NA,NA,NA,2001-12-26 23:00:00,NA,NA,NA,2018-02-27 15:31:00,2025-11-21 14:08:53,"ISSUED",2027-01-06 10:04:32,"5299000J2N45DDNE4Y28","FULLY_CORROBORATED","RA000665",NA,"S000004071",NA,NA,NA,NA,NA,33171927,"CONFORMING","https://api.gleif.org/api/v1/lei-records/549300WQF7SM1NEFDT68/managing-lou","https://api.gleif.org/api/v1/lei-records/549300WQF7SM1NEFDT68/lei-issuer","https://api.gleif.org/api/v1/lei-records/549300WQF7SM1NEFDT68/field-modifications","https://api.gleif.org/api/v1/lei-records/549300WQF7SM1NEFDT68/direct-parent-reporting-exception","https://api.gleif.org/api/v1/lei-records/549300WQF7SM1NEFDT68/ultimate-parent-reporting-exception","https://api.gleif.org/api/v1/lei-records/549300WQF7SM1NEFDT68/fund-manager","https://api.gleif.org/api/v1/lei-records/549300WQF7SM1NEFDT68/fund-manager-relationship",TRUE,NA,NA,NA,NA,NA,NA,"STANDALONE","SUPPORTING_DOCUMENTS",2023-12-07 23:00:00,2023-12-08 10:36:32,"CHANGE_HQ_ADDRESS","COMPLETED","https://api.gleif.org/api/v1/lei-records/549300WQF7SM1NEFDT68/umbrella-fund","https://api.gleif.org/api/v1/lei-records/549300WQF7SM1NEFDT68/umbrella-fund-relationship",NA,NA,NA,NA,NA,NA,NA,"STANDALONE","SUPPORTING_DOCUMENTS",2023-12-07 23:00:00,2023-12-08 10:36:32,"CHANGE_LEGAL_ADDRESS","COMPLETED",NA,NA,NA,NA,NA,NA,NA,NA,NA,NA,NA,NA,NA,NA,NA,NA,NA,NA,NA,NA,NA,NA,NA,NA,NA,NA,NA,NA,NA,NA,NA,NA,NA,NA,NA,NA,NA,NA,NA,NA,NA,NA,NA,NA,NA,NA,NA,NA,NA,NA,NA,NA,NA,NA,NA,NA,NA,NA,NA,NA,NA,NA,NA,NA,NA,NA,NA,NA,NA,NA,NA,NA,NA,NA,NA,NA,NA,NA,NA,NA,NA,NA,NA,NA,NA,NA,NA,NA,NA,NA,NA,NA,NA,NA,NA,NA,NA,NA,NA,NA,NA,NA,NA,NA,NA,NA,NA,NA,NA,NA,NA,NA,NA,NA,NA,NA,NA,NA,NA,NA,NA,NA,NA,NA,NA,NA,NA,NA,NA,NA,NA,NA,NA,NA,NA,NA,NA,NA,NA,NA,NA,NA,NA,NA,NA,NA,NA,NA,NA,NA,NA,NA,NA,NA,NA,NA,NA,NA,NA,NA,NA,NA,NA,NA,NA,NA,NA,NA,NA,NA,NA,NA,NA,NA,NA,NA,NA,NA,NA,NA,NA,NA,NA,NA,NA,NA,NA,NA,NA,NA,NA,NA,NA,NA,NA,NA,NA,NA,NA,NA,NA,NA,NA,NA,NA,NA,NA,NA,NA,NA,NA,NA,NA,NA,NA,NA,NA,NA,NA,NA,NA,NA,NA,NA,NA,NA,NA,"BlackRock Total Return Fund","Open-End Mutual Fund"
"184","549300WQP4ZZ4SI8CF52","549300WQP4ZZ4SI8CF52",200,"549300WQP4ZZ4SI8CF52","Transamerica Morgan Stanley Capital Growth VP","en",NA,NA,"en","C/O THE CORPORATION TRUST COMPANY",NA,NA,NA,"WILMINGTON","US-DE","US","19801","en","C/O TRANSAMERICA ASSET MANAGEMENT, INC.",NA,NA,NA,"DENVER","US-CO","US","80202","RA000665",NA,"S000007912","US","FUND","8888","SUB-FUND",NA,NA,"ACTIVE",NA,NA,NA,NA,NA,2012-12-04 00:00:00,NA,NA,NA,2012-12-05 19:48:00,2026-01-21 19:37:14,"ISSUED",2027-02-04 15:14:19,"5493001KJTIIGC8Y1R12","FULLY_CORROBORATED","RA000665",NA,"S000007912",NA,NA,NA,NA,NA,28173321,"CONFORMING","https://api.gleif.org/api/v1/lei-records/549300WQP4ZZ4SI8CF52/managing-lou","https://api.gleif.org/api/v1/lei-records/549300WQP4ZZ4SI8CF52/lei-issuer","https://api.gleif.org/api/v1/lei-records/549300WQP4ZZ4SI8CF52/field-modifications","https://api.gleif.org/api/v1/lei-records/549300WQP4ZZ4SI8CF52/direct-parent-reporting-exception","https://api.gleif.org/api/v1/lei-records/549300WQP4ZZ4SI8CF52/ultimate-parent-reporting-exception","https://api.gleif.org/api/v1/lei-records/549300WQP4ZZ4SI8CF52/fund-manager","https://api.gleif.org/api/v1/lei-records/549300WQP4ZZ4SI8CF52/fund-manager-relationship",TRUE,NA,NA,NA,NA,"CORPORATION TRUST CENTER","1801 CALIFORNIA STREET",NA,NA,NA,NA,NA,NA,"https://api.gleif.org/api/v1/lei-records/549300WQP4ZZ4SI8CF52/umbrella-fund","https://api.gleif.org/api/v1/lei-records/549300WQP4ZZ4SI8CF52/umbrella-fund-relationship","SUITE 3700",NA,NA,NA,NA,NA,"1209 ORANGE ST",NA,NA,NA,NA,NA,NA,NA,NA,NA,NA,NA,NA,NA,NA,NA,NA,NA,NA,NA,NA,NA,NA,NA,NA,NA,NA,NA,NA,NA,NA,NA,NA,NA,NA,NA,NA,NA,NA,NA,NA,NA,NA,NA,NA,NA,NA,NA,NA,NA,NA,NA,NA,NA,NA,NA,NA,NA,NA,NA,NA,NA,NA,NA,NA,NA,NA,NA,NA,NA,NA,NA,NA,NA,NA,NA,NA,NA,NA,NA,NA,NA,NA,NA,NA,NA,NA,NA,NA,NA,NA,NA,NA,NA,NA,NA,NA,NA,NA,NA,NA,NA,NA,NA,NA,NA,NA,NA,NA,NA,NA,NA,NA,NA,NA,NA,NA,NA,NA,NA,NA,NA,NA,NA,NA,NA,NA,NA,NA,NA,NA,NA,NA,NA,NA,NA,NA,NA,NA,NA,NA,NA,NA,NA,NA,NA,NA,NA,NA,NA,NA,NA,NA,NA,NA,NA,NA,NA,NA,NA,NA,NA,NA,NA,NA,NA,NA,NA,NA,NA,NA,NA,NA,NA,NA,NA,NA,NA,NA,NA,NA,NA,NA,NA,NA,NA,NA,NA,NA,NA,NA,NA,NA,NA,NA,NA,NA,NA,NA,NA,NA,NA,NA,NA,NA,NA,NA,NA,NA,NA,NA,NA,NA,NA,NA,NA,NA,NA,NA,NA,NA,NA,NA,NA,NA,NA,NA,NA,NA,NA,NA,NA,NA,NA,"Transamerica Morgan Stanley Capital Growth VP","Open-End Mutual Fund"
"185","549300X3P1N0KLYJ2075","549300X3P1N0KLYJ2075",200,"549300X3P1N0KLYJ2075","Mercer Emerging Markets Equity Fund","en",NA,NA,"en","C/O CORPORATION SERVICE COMPANY",NA,NA,NA,"WILMINGTON","US-DE","US","19808","en","C/O MERCER INVESTMENTS LLC",NA,NA,NA,"WILMINGTON","US-DE","US","19801","RA000665",NA,"S000034610","US","FUND","8888","FUND",NA,NA,"ACTIVE",NA,NA,NA,NA,NA,2012-12-17 00:00:00,NA,NA,NA,2012-12-17 15:33:00,2025-06-25 12:07:46,"ISSUED",2026-07-20 18:01:00,"5493001KJTIIGC8Y1R12","FULLY_CORROBORATED","RA000665",NA,"S000034610",NA,NA,NA,NA,NA,216017621,"CONFORMING","https://api.gleif.org/api/v1/lei-records/549300X3P1N0KLYJ2075/managing-lou","https://api.gleif.org/api/v1/lei-records/549300X3P1N0KLYJ2075/lei-issuer","https://api.gleif.org/api/v1/lei-records/549300X3P1N0KLYJ2075/field-modifications","https://api.gleif.org/api/v1/lei-records/549300X3P1N0KLYJ2075/direct-parent-reporting-exception","https://api.gleif.org/api/v1/lei-records/549300X3P1N0KLYJ2075/ultimate-parent-reporting-exception","https://api.gleif.org/api/v1/lei-records/549300X3P1N0KLYJ2075/fund-manager","https://api.gleif.org/api/v1/lei-records/549300X3P1N0KLYJ2075/fund-manager-relationship",TRUE,NA,"Mercer Funds - Mercer Emerging Markets Equity Fund","en","PREVIOUS_LEGAL_NAME","251 LITTLE FALLS DRIVE","CORPORATION TRUST CENTER",NA,NA,NA,NA,NA,NA,"https://api.gleif.org/api/v1/lei-records/549300X3P1N0KLYJ2075/umbrella-fund","https://api.gleif.org/api/v1/lei-records/549300X3P1N0KLYJ2075/umbrella-fund-relationship","1209 ORANGE ST",NA,NA,NA,NA,NA,NA,NA,NA,NA,NA,NA,NA,NA,NA,NA,NA,NA,NA,NA,NA,NA,NA,NA,NA,NA,NA,NA,NA,NA,NA,NA,NA,NA,NA,NA,NA,NA,NA,NA,NA,NA,NA,NA,NA,NA,NA,NA,NA,NA,NA,NA,NA,NA,NA,NA,NA,NA,NA,NA,NA,NA,NA,NA,NA,NA,NA,NA,NA,NA,NA,NA,NA,NA,NA,NA,NA,NA,NA,NA,NA,NA,NA,NA,NA,NA,NA,NA,NA,NA,NA,NA,NA,NA,NA,NA,NA,NA,NA,NA,NA,NA,NA,NA,NA,NA,NA,NA,NA,NA,NA,NA,NA,NA,NA,NA,NA,NA,NA,NA,NA,NA,NA,NA,NA,NA,NA,NA,NA,NA,NA,NA,NA,NA,NA,NA,NA,NA,NA,NA,NA,NA,NA,NA,NA,NA,NA,NA,NA,NA,NA,NA,NA,NA,NA,NA,NA,NA,NA,NA,NA,NA,NA,NA,NA,NA,NA,NA,NA,NA,NA,NA,NA,NA,NA,NA,NA,NA,NA,NA,NA,NA,NA,NA,NA,NA,NA,NA,NA,NA,NA,NA,NA,NA,NA,NA,NA,NA,NA,NA,NA,NA,NA,NA,NA,NA,NA,NA,NA,NA,NA,NA,NA,NA,NA,NA,NA,NA,NA,NA,NA,NA,NA,NA,NA,NA,NA,NA,NA,NA,NA,NA,NA,NA,NA,NA,NA,NA,NA,NA,"Mercer Emerging Markets Equity Fund","Open-End Mutual Fund"
"186","549300X4VDC2NLX9UG19","549300X4VDC2NLX9UG19",200,"549300X4VDC2NLX9UG19","Hartford Schroders Emerging Markets Multi-Sector Bond Fund","en",NA,NA,"en","C/O THE CORPORATION TRUST INCORPORATED",NA,NA,NA,"LUTHERVILLE TIMONIUM","US-MD","US","21093-2264","en","C/O HARTFORD FUNDS MANAGEMENT COMPANY, LLC",NA,NA,NA,"WAYNE","US-PA","US","19087","RA000665",NA,"S000054854","US","FUND","8888","Fund",NA,NA,"ACTIVE",NA,NA,NA,NA,NA,2013-04-21 00:00:00,NA,NA,NA,2013-04-22 19:43:00,2026-01-16 15:50:29,"ISSUED",2027-02-01 00:00:00,"5493001KJTIIGC8Y1R12","FULLY_CORROBORATED","RA000665",NA,"S000054854",NA,NA,NA,NA,NA,237466835,"CONFORMING","https://api.gleif.org/api/v1/lei-records/549300X4VDC2NLX9UG19/managing-lou","https://api.gleif.org/api/v1/lei-records/549300X4VDC2NLX9UG19/lei-issuer","https://api.gleif.org/api/v1/lei-records/549300X4VDC2NLX9UG19/field-modifications","https://api.gleif.org/api/v1/lei-records/549300X4VDC2NLX9UG19/direct-parent-reporting-exception","https://api.gleif.org/api/v1/lei-records/549300X4VDC2NLX9UG19/ultimate-parent-reporting-exception","https://api.gleif.org/api/v1/lei-records/549300X4VDC2NLX9UG19/fund-manager","https://api.gleif.org/api/v1/lei-records/549300X4VDC2NLX9UG19/fund-manager-relationship",TRUE,NA,"Schroder Series Trust - Schroder Emerging Markets Multi-Sector Bond Fund","en","PREVIOUS_LEGAL_NAME","2405 YORK ROAD","690 LEE ROAD",NA,NA,NA,NA,NA,NA,"https://api.gleif.org/api/v1/lei-records/549300X4VDC2NLX9UG19/umbrella-fund","https://api.gleif.org/api/v1/lei-records/549300X4VDC2NLX9UG19/umbrella-fund-relationship",NA,NA,NA,NA,NA,NA,"SUITE 201",NA,NA,NA,NA,NA,NA,NA,NA,NA,NA,NA,NA,NA,NA,NA,NA,NA,NA,NA,NA,NA,NA,NA,NA,NA,NA,NA,NA,NA,NA,NA,NA,NA,NA,NA,NA,NA,NA,NA,NA,NA,NA,NA,NA,NA,NA,NA,NA,NA,NA,NA,NA,NA,NA,NA,NA,NA,NA,NA,NA,NA,NA,NA,NA,NA,NA,NA,NA,NA,NA,NA,NA,NA,NA,NA,NA,NA,NA,NA,NA,NA,NA,NA,NA,NA,NA,NA,NA,NA,NA,NA,NA,NA,NA,NA,NA,NA,NA,NA,NA,NA,NA,NA,NA,NA,NA,NA,NA,NA,NA,NA,NA,NA,NA,NA,NA,NA,NA,NA,NA,NA,NA,NA,NA,NA,NA,NA,NA,NA,NA,NA,NA,NA,NA,NA,NA,NA,NA,NA,NA,NA,NA,NA,NA,NA,NA,NA,NA,NA,NA,NA,NA,NA,NA,NA,NA,NA,NA,NA,NA,NA,NA,NA,NA,NA,NA,NA,NA,NA,NA,NA,NA,NA,NA,NA,NA,NA,NA,NA,NA,NA,NA,NA,NA,NA,NA,NA,NA,NA,NA,NA,NA,NA,NA,NA,NA,NA,NA,NA,NA,NA,NA,NA,NA,NA,NA,NA,NA,NA,NA,NA,NA,NA,NA,NA,NA,NA,NA,NA,NA,NA,NA,NA,NA,NA,NA,NA,NA,NA,NA,NA,NA,NA,"Hartford Schroders Emerging Markets Multi-Sector Bond Fund","Open-End Mutual Fund"
"187","549300X5SJAOIOPWIA53","549300X5SJAOIOPWIA53",200,"549300X5SJAOIOPWIA53","Voya Inflation Protected Bond Plus Portfolio","en",NA,NA,"en","C/O Corporation Service Company",NA,NA,NA,"Boston","US-MA","US","02109","en","C/O VOYA INVESTMENTS, LLC",NA,NA,NA,"SCOTTSDALE","US-AZ","US","85258","RA000665",NA,"S000017158","US","FUND","8888","FUND",NA,NA,"ACTIVE",NA,NA,NA,NA,NA,2007-04-30 00:00:00,NA,NA,NA,2012-12-01 00:17:00,2025-08-04 18:37:51,"ISSUED",2026-08-12 00:00:00,"5493001KJTIIGC8Y1R12","FULLY_CORROBORATED","RA000665",NA,"S000017158",NA,NA,NA,NA,NA,60235204,"CONFORMING","https://api.gleif.org/api/v1/lei-records/549300X5SJAOIOPWIA53/managing-lou","https://api.gleif.org/api/v1/lei-records/549300X5SJAOIOPWIA53/lei-issuer","https://api.gleif.org/api/v1/lei-records/549300X5SJAOIOPWIA53/field-modifications","https://api.gleif.org/api/v1/lei-records/549300X5SJAOIOPWIA53/direct-parent-reporting-exception","https://api.gleif.org/api/v1/lei-records/549300X5SJAOIOPWIA53/ultimate-parent-reporting-exception","https://api.gleif.org/api/v1/lei-records/549300X5SJAOIOPWIA53/fund-manager","https://api.gleif.org/api/v1/lei-records/549300X5SJAOIOPWIA53/fund-manager-relationship",TRUE,NA,"VY® BlackRock Inflation Protected Bond Portfolio","en","PREVIOUS_LEGAL_NAME","84 State Street","7337 E DOUBLETREE RANCH RD","STANDALONE","REGULATORY_FILING",2024-12-06 00:00:00,2024-12-06 18:38:23,"CHANGE_LEGAL_NAME","COMPLETED","https://api.gleif.org/api/v1/lei-records/549300X5SJAOIOPWIA53/umbrella-fund","https://api.gleif.org/api/v1/lei-records/549300X5SJAOIOPWIA53/umbrella-fund-relationship","# 100",NA,NA,NA,NA,NA,NA,NA,NA,NA,NA,NA,NA,NA,NA,NA,NA,NA,NA,NA,NA,NA,NA,NA,NA,NA,NA,NA,NA,NA,NA,NA,NA,NA,NA,NA,NA,NA,NA,NA,NA,NA,NA,NA,NA,NA,NA,NA,NA,NA,NA,NA,NA,NA,NA,NA,NA,NA,NA,NA,NA,NA,NA,NA,NA,NA,NA,NA,NA,NA,NA,NA,NA,NA,NA,NA,NA,NA,NA,NA,NA,NA,NA,NA,NA,NA,NA,NA,NA,NA,NA,NA,NA,NA,NA,NA,NA,NA,NA,NA,NA,NA,NA,NA,NA,NA,NA,NA,NA,NA,NA,NA,NA,NA,NA,NA,NA,NA,NA,NA,NA,NA,NA,NA,NA,NA,NA,NA,NA,NA,NA,NA,NA,NA,NA,NA,NA,NA,NA,NA,NA,NA,NA,NA,NA,NA,NA,NA,NA,NA,NA,NA,NA,NA,NA,NA,NA,NA,NA,NA,NA,NA,NA,NA,NA,NA,NA,NA,NA,NA,NA,NA,NA,NA,NA,NA,NA,NA,NA,NA,NA,NA,NA,NA,NA,NA,NA,NA,NA,NA,NA,NA,NA,NA,NA,NA,NA,NA,NA,NA,NA,NA,NA,NA,NA,NA,NA,NA,NA,NA,NA,NA,NA,NA,NA,NA,NA,NA,NA,NA,NA,NA,NA,NA,NA,NA,NA,NA,NA,NA,NA,NA,NA,NA,NA,NA,NA,NA,NA,NA,"VY(R) BLACKROCK INFLATION PROTECTED BOND PORTFOLIO","Open-End Mutual Fund"
"188","549300XH0OXXEB2FS897","549300XH0OXXEB2FS897",200,"549300XH0OXXEB2FS897","BlackRock Systematic Multi-Strategy Fund","en",NA,NA,"en","c/o CT CORPORATION SYSTEM; 155 FEDERAL ST., SUITE 700",NA,NA,NA,"BOSTON","US-MA","US","02110","en","c/o BLACKROCK ADVISORS, LLC, c/o CORPORATION SERVICE COMPANY, 251 LITTLE FALLS DRIVE",NA,NA,"c/o BLACKROCK ADVISORS, LLC","Wilmington","US-DE","US","19808","RA000665",NA,"S000062369","US-MA","FUND","Z73Z",NA,NA,NA,"ACTIVE",NA,NA,NA,NA,NA,2015-05-18 22:00:00,NA,NA,NA,2015-04-14 01:47:00,2025-11-08 09:00:34,"ISSUED",2026-12-15 12:22:06,"5299000J2N45DDNE4Y28","FULLY_CORROBORATED","RA000665",NA,"S000062369",NA,NA,NA,NA,NA,291131539,"CONFORMING","https://api.gleif.org/api/v1/lei-records/549300XH0OXXEB2FS897/managing-lou","https://api.gleif.org/api/v1/lei-records/549300XH0OXXEB2FS897/lei-issuer","https://api.gleif.org/api/v1/lei-records/549300XH0OXXEB2FS897/field-modifications","https://api.gleif.org/api/v1/lei-records/549300XH0OXXEB2FS897/direct-parent-reporting-exception","https://api.gleif.org/api/v1/lei-records/549300XH0OXXEB2FS897/ultimate-parent-reporting-exception","https://api.gleif.org/api/v1/lei-records/549300XH0OXXEB2FS897/fund-manager","https://api.gleif.org/api/v1/lei-records/549300XH0OXXEB2FS897/fund-manager-relationship",TRUE,NA,NA,NA,NA,NA,NA,"STANDALONE","SUPPORTING_DOCUMENTS",2024-11-14 23:00:00,2024-11-15 09:44:16,"CHANGE_LEGAL_FORM","COMPLETED","https://api.gleif.org/api/v1/lei-records/549300XH0OXXEB2FS897/umbrella-fund","https://api.gleif.org/api/v1/lei-records/549300XH0OXXEB2FS897/umbrella-fund-relationship",NA,NA,NA,NA,NA,NA,NA,"STANDALONE","SUPPORTING_DOCUMENTS",2023-11-08 23:00:00,2023-11-09 11:33:09,"CHANGE_HQ_ADDRESS","COMPLETED",NA,NA,NA,NA,NA,NA,NA,NA,NA,NA,NA,NA,NA,NA,NA,NA,NA,NA,NA,NA,"STANDALONE","SUPPORTING_DOCUMENTS",2023-06-12 22:00:00,2023-06-13 14:20:59,"CHANGE_LEGAL_ADDRESS","COMPLETED",NA,NA,NA,NA,NA,NA,NA,NA,NA,NA,NA,NA,NA,NA,NA,NA,NA,NA,NA,NA,NA,NA,NA,NA,NA,NA,NA,NA,NA,NA,NA,NA,NA,NA,NA,NA,NA,NA,NA,NA,NA,NA,NA,NA,NA,NA,NA,NA,NA,NA,NA,NA,NA,NA,NA,NA,NA,NA,NA,NA,NA,NA,NA,NA,NA,NA,NA,NA,NA,NA,NA,NA,NA,NA,NA,NA,NA,NA,NA,NA,NA,NA,NA,NA,NA,NA,NA,NA,NA,NA,NA,NA,NA,NA,NA,NA,NA,NA,NA,NA,NA,NA,NA,NA,NA,NA,NA,NA,NA,NA,NA,NA,NA,NA,NA,NA,NA,NA,NA,NA,NA,NA,NA,NA,NA,NA,NA,NA,NA,NA,NA,NA,NA,NA,NA,NA,NA,NA,NA,NA,NA,NA,NA,NA,NA,NA,NA,NA,NA,NA,NA,NA,NA,NA,NA,NA,NA,NA,NA,NA,NA,NA,NA,NA,NA,NA,NA,NA,NA,NA,NA,NA,NA,NA,NA,NA,NA,NA,NA,NA,NA,NA,NA,NA,NA,NA,NA,NA,NA,NA,NA,NA,NA,NA,NA,NA,NA,NA,NA,NA,NA,"BlackRock Alternative Capital Strategies Fund","Open-End Mutual Fund"
"189","549300Y38E1J10OK3R04","549300Y38E1J10OK3R04",200,"549300Y38E1J10OK3R04","Vanguard Global Wellington Fund","en",NA,NA,"en","c/o CORPORATION SERVICE COMPANY, 251 LITTLE FALLS DRIVE",NA,NA,NA,"WILMINGTON","US-DE","US","19808","en","c/o THE VANGUARD GROUP, INC., 100 VANGUARD BLVD",NA,NA,"c/o THE VANGUARD GROUP, INC.","MALVERN","US-PA","US","19355","RA000665",NA,"S000059219","US-DE","FUND","4FSX",NA,NA,NA,"ACTIVE",NA,NA,NA,NA,NA,2017-07-25 22:00:00,NA,NA,NA,2017-08-11 01:57:00,2025-05-14 07:00:48,"ISSUED",2026-06-24 11:50:49,"5299000J2N45DDNE4Y28","FULLY_CORROBORATED","RA000665",NA,"S000059219",NA,NA,NA,NA,NA,533662706,"CONFORMING","https://api.gleif.org/api/v1/lei-records/549300Y38E1J10OK3R04/managing-lou","https://api.gleif.org/api/v1/lei-records/549300Y38E1J10OK3R04/lei-issuer","https://api.gleif.org/api/v1/lei-records/549300Y38E1J10OK3R04/field-modifications","https://api.gleif.org/api/v1/lei-records/549300Y38E1J10OK3R04/direct-parent-reporting-exception","https://api.gleif.org/api/v1/lei-records/549300Y38E1J10OK3R04/ultimate-parent-reporting-exception","https://api.gleif.org/api/v1/lei-records/549300Y38E1J10OK3R04/fund-manager","https://api.gleif.org/api/v1/lei-records/549300Y38E1J10OK3R04/fund-manager-relationship",TRUE,NA,NA,NA,NA,NA,NA,NA,NA,NA,NA,NA,NA,"https://api.gleif.org/api/v1/lei-records/549300Y38E1J10OK3R04/umbrella-fund","https://api.gleif.org/api/v1/lei-records/549300Y38E1J10OK3R04/umbrella-fund-relationship",NA,NA,NA,NA,NA,NA,NA,NA,NA,NA,NA,NA,NA,NA,NA,NA,NA,NA,NA,NA,NA,NA,NA,NA,NA,NA,NA,NA,NA,NA,NA,NA,NA,NA,NA,NA,NA,NA,NA,NA,NA,NA,NA,NA,NA,NA,NA,NA,NA,NA,NA,NA,NA,NA,NA,NA,NA,NA,NA,NA,NA,NA,NA,NA,NA,NA,NA,NA,NA,NA,NA,NA,NA,NA,NA,NA,NA,NA,NA,NA,NA,NA,NA,NA,NA,NA,NA,NA,NA,NA,NA,NA,NA,NA,NA,NA,NA,NA,NA,NA,NA,NA,NA,NA,NA,NA,NA,NA,NA,NA,NA,NA,NA,NA,NA,NA,NA,NA,NA,NA,NA,NA,NA,NA,NA,NA,NA,NA,NA,NA,NA,NA,NA,NA,NA,NA,NA,NA,NA,NA,NA,NA,NA,NA,NA,NA,NA,NA,NA,NA,NA,NA,NA,NA,NA,NA,NA,NA,NA,NA,NA,NA,NA,NA,NA,NA,NA,NA,NA,NA,NA,NA,NA,NA,NA,NA,NA,NA,NA,NA,NA,NA,NA,NA,NA,NA,NA,NA,NA,NA,NA,NA,NA,NA,NA,NA,NA,NA,NA,NA,NA,NA,NA,NA,NA,NA,NA,NA,NA,NA,NA,NA,NA,NA,NA,NA,NA,NA,NA,NA,NA,NA,NA,NA,NA,NA,NA,NA,NA,NA,NA,NA,NA,NA,NA,NA,NA,NA,NA,NA,"VANGUARD GLOBAL WELLINGTON FUND","Open-End Mutual Fund"
"190","549300Y5STFD97ES4K03","549300Y5STFD97ES4K03",200,"549300Y5STFD97ES4K03","Inflation-Linked Fixed Income Fund","en",NA,NA,"en","C/O CT CORPORATION SYSTEM",NA,NA,NA,"BOSTON","US-MA","US","02110","en","C/O CONSULTING GROUP ADVISORY SERVICES LLC",NA,NA,NA,"NEW YORK","US-NY","US","10036","RA000665",NA,"S000052236","US","FUND","8888","Sub-Fund",NA,NA,"ACTIVE",NA,NA,NA,NA,NA,2016-01-14 00:00:00,NA,NA,NA,2016-01-15 02:25:00,2025-09-26 11:26:32,"ISSUED",2026-10-09 00:00:00,"5493001KJTIIGC8Y1R12","FULLY_CORROBORATED","RA000665",NA,"S000052236",NA,NA,NA,NA,NA,318657371,"CONFORMING","https://api.gleif.org/api/v1/lei-records/549300Y5STFD97ES4K03/managing-lou","https://api.gleif.org/api/v1/lei-records/549300Y5STFD97ES4K03/lei-issuer","https://api.gleif.org/api/v1/lei-records/549300Y5STFD97ES4K03/field-modifications","https://api.gleif.org/api/v1/lei-records/549300Y5STFD97ES4K03/direct-parent-reporting-exception","https://api.gleif.org/api/v1/lei-records/549300Y5STFD97ES4K03/ultimate-parent-reporting-exception","https://api.gleif.org/api/v1/lei-records/549300Y5STFD97ES4K03/fund-manager","https://api.gleif.org/api/v1/lei-records/549300Y5STFD97ES4K03/fund-manager-relationship",TRUE,NA,NA,NA,NA,"155 FEDERAL ST","1585 BROADWAY",NA,NA,NA,NA,NA,NA,"https://api.gleif.org/api/v1/lei-records/549300Y5STFD97ES4K03/umbrella-fund","https://api.gleif.org/api/v1/lei-records/549300Y5STFD97ES4K03/umbrella-fund-relationship",NA,NA,NA,NA,NA,NA,"SUITE 700",NA,NA,NA,NA,NA,NA,NA,NA,NA,NA,NA,NA,NA,NA,NA,NA,NA,NA,NA,NA,NA,NA,NA,NA,NA,NA,NA,NA,NA,NA,NA,NA,NA,NA,NA,NA,NA,NA,NA,NA,NA,NA,NA,NA,NA,NA,NA,NA,NA,NA,NA,NA,NA,NA,NA,NA,NA,NA,NA,NA,NA,NA,NA,NA,NA,NA,NA,NA,NA,NA,NA,NA,NA,NA,NA,NA,NA,NA,NA,NA,NA,NA,NA,NA,NA,NA,NA,NA,NA,NA,NA,NA,NA,NA,NA,NA,NA,NA,NA,NA,NA,NA,NA,NA,NA,NA,NA,NA,NA,NA,NA,NA,NA,NA,NA,NA,NA,NA,NA,NA,NA,NA,NA,NA,NA,NA,NA,NA,NA,NA,NA,NA,NA,NA,NA,NA,NA,NA,NA,NA,NA,NA,NA,NA,NA,NA,NA,NA,NA,NA,NA,NA,NA,NA,NA,NA,NA,NA,NA,NA,NA,NA,NA,NA,NA,NA,NA,NA,NA,NA,NA,NA,NA,NA,NA,NA,NA,NA,NA,NA,NA,NA,NA,NA,NA,NA,NA,NA,NA,NA,NA,NA,NA,NA,NA,NA,NA,NA,NA,NA,NA,NA,NA,NA,NA,NA,NA,NA,NA,NA,NA,NA,NA,NA,NA,NA,NA,NA,NA,NA,NA,NA,NA,NA,NA,NA,NA,NA,NA,NA,NA,NA,NA,"Inflation-Linked Fixed Income Fund","Open-End Mutual Fund"
"191","549300Y7D0XH3BSLUI66","549300Y7D0XH3BSLUI66",200,"549300Y7D0XH3BSLUI66","Goldman Sachs Tactical Tilt Overlay Fund","en",NA,NA,"en","1201 NORTH MARKET ST FL 18 P.O. BOX 1347",NA,NA,"c/o DELAWARE CORPORATION ORGANIZERS, INC.","Wilmington","US-DE","US","19801","en","200 West Street",NA,NA,"c/o GOLDMAN SACHS ASSET MANAGEMENT, L.P.","New York","US-NY","US","10282","RA000665",NA,"S000046190","US-DE","FUND","8888","Fund",NA,NA,"ACTIVE",NA,NA,NA,NA,NA,2014-07-31 00:00:00,NA,NA,NA,2014-06-19 01:51:00,2026-01-24 14:10:41,"ISSUED",2026-10-06 14:25:42,"529900T8BM49AURSDO55","FULLY_CORROBORATED","RA000665",NA,"S000046190",NA,NA,NA,NA,NA,265369908,"CONFORMING","https://api.gleif.org/api/v1/lei-records/549300Y7D0XH3BSLUI66/managing-lou","https://api.gleif.org/api/v1/lei-records/549300Y7D0XH3BSLUI66/lei-issuer","https://api.gleif.org/api/v1/lei-records/549300Y7D0XH3BSLUI66/field-modifications","https://api.gleif.org/api/v1/lei-records/549300Y7D0XH3BSLUI66/direct-parent-reporting-exception","https://api.gleif.org/api/v1/lei-records/549300Y7D0XH3BSLUI66/ultimate-parent-reporting-exception","https://api.gleif.org/api/v1/lei-records/549300Y7D0XH3BSLUI66/fund-manager","https://api.gleif.org/api/v1/lei-records/549300Y7D0XH3BSLUI66/fund-manager-relationship",TRUE,NA,NA,NA,NA,NA,NA,NA,NA,NA,NA,NA,NA,"https://api.gleif.org/api/v1/lei-records/549300Y7D0XH3BSLUI66/umbrella-fund","https://api.gleif.org/api/v1/lei-records/549300Y7D0XH3BSLUI66/umbrella-fund-relationship",NA,NA,NA,NA,NA,NA,NA,NA,NA,NA,NA,NA,NA,NA,NA,NA,NA,NA,NA,NA,NA,NA,NA,NA,NA,NA,NA,NA,NA,NA,NA,NA,NA,NA,NA,NA,NA,NA,NA,NA,NA,NA,NA,NA,NA,NA,NA,NA,NA,NA,NA,NA,NA,NA,NA,NA,NA,NA,NA,NA,NA,NA,NA,NA,NA,NA,NA,NA,NA,NA,NA,NA,NA,NA,NA,NA,NA,NA,NA,NA,NA,NA,NA,NA,NA,NA,NA,NA,NA,NA,NA,NA,NA,NA,NA,NA,NA,NA,NA,NA,NA,NA,NA,NA,NA,NA,NA,NA,NA,NA,NA,NA,NA,NA,NA,NA,NA,NA,NA,NA,NA,NA,NA,NA,NA,NA,NA,NA,NA,NA,NA,NA,NA,NA,NA,NA,NA,NA,NA,NA,NA,NA,NA,NA,NA,NA,NA,NA,NA,NA,NA,NA,NA,NA,NA,NA,NA,NA,NA,NA,NA,NA,NA,NA,NA,NA,NA,NA,NA,NA,NA,NA,NA,NA,NA,NA,NA,NA,NA,NA,NA,NA,NA,NA,NA,NA,NA,NA,NA,NA,NA,NA,NA,NA,NA,NA,NA,NA,NA,NA,NA,NA,NA,NA,NA,NA,NA,NA,NA,NA,NA,NA,NA,NA,NA,NA,NA,NA,NA,NA,NA,NA,NA,NA,NA,NA,NA,NA,NA,NA,NA,NA,NA,NA,NA,NA,NA,NA,NA,NA,"Goldman Sachs Tactical Tilt Overlay Fund","Open-End Mutual Fund"
"192","549300ZNMXGLILBPDZ66","549300ZNMXGLILBPDZ66",200,"549300ZNMXGLILBPDZ66","PIMCO Emerging Markets Full Spectrum Bond Fund","en",NA,NA,"en","C/O C T CORPORATION SYSTEM",NA,NA,NA,"BOSTON","US-MA","US","02110","en","C/O Pacific Investment Management Company LLC",NA,NA,NA,"Newport Beach","US-CA","US","92660","RA000665",NA,"S000039671","US","FUND","8888","FUND",NA,NA,"ACTIVE",NA,NA,NA,NA,NA,2013-01-15 00:00:00,NA,NA,NA,2013-01-16 22:43:00,2025-06-20 17:15:29,"ISSUED",2026-07-07 00:00:00,"5493001KJTIIGC8Y1R12","FULLY_CORROBORATED","RA000665",NA,"S000039671",NA,NA,NA,NA,NA,225054256,"CONFORMING","https://api.gleif.org/api/v1/lei-records/549300ZNMXGLILBPDZ66/managing-lou","https://api.gleif.org/api/v1/lei-records/549300ZNMXGLILBPDZ66/lei-issuer","https://api.gleif.org/api/v1/lei-records/549300ZNMXGLILBPDZ66/field-modifications","https://api.gleif.org/api/v1/lei-records/549300ZNMXGLILBPDZ66/direct-parent-reporting-exception","https://api.gleif.org/api/v1/lei-records/549300ZNMXGLILBPDZ66/ultimate-parent-reporting-exception","https://api.gleif.org/api/v1/lei-records/549300ZNMXGLILBPDZ66/fund-manager","https://api.gleif.org/api/v1/lei-records/549300ZNMXGLILBPDZ66/fund-manager-relationship",TRUE,NA,NA,NA,NA,"155 FEDERAL ST.","650 Newport Center Drive",NA,NA,NA,NA,NA,NA,"https://api.gleif.org/api/v1/lei-records/549300ZNMXGLILBPDZ66/umbrella-fund","https://api.gleif.org/api/v1/lei-records/549300ZNMXGLILBPDZ66/umbrella-fund-relationship",NA,NA,NA,NA,NA,NA,"SUITE 700",NA,NA,NA,NA,NA,NA,NA,NA,NA,NA,NA,NA,NA,NA,NA,NA,NA,NA,NA,NA,NA,NA,NA,NA,NA,NA,NA,NA,NA,NA,NA,NA,NA,NA,NA,NA,NA,NA,NA,NA,NA,NA,NA,NA,NA,NA,NA,NA,NA,NA,NA,NA,NA,NA,NA,NA,NA,NA,NA,NA,NA,NA,NA,NA,NA,NA,NA,NA,NA,NA,NA,NA,NA,NA,NA,NA,NA,NA,NA,NA,NA,NA,NA,NA,NA,NA,NA,NA,NA,NA,NA,NA,NA,NA,NA,NA,NA,NA,NA,NA,NA,NA,NA,NA,NA,NA,NA,NA,NA,NA,NA,NA,NA,NA,NA,NA,NA,NA,NA,NA,NA,NA,NA,NA,NA,NA,NA,NA,NA,NA,NA,NA,NA,NA,NA,NA,NA,NA,NA,NA,NA,NA,NA,NA,NA,NA,NA,NA,NA,NA,NA,NA,NA,NA,NA,NA,NA,NA,NA,NA,NA,NA,NA,NA,NA,NA,NA,NA,NA,NA,NA,NA,NA,NA,NA,NA,NA,NA,NA,NA,NA,NA,NA,NA,NA,NA,NA,NA,NA,NA,NA,NA,NA,NA,NA,NA,NA,NA,NA,NA,NA,NA,NA,NA,NA,NA,NA,NA,NA,NA,NA,NA,NA,NA,NA,NA,NA,NA,NA,NA,NA,NA,NA,NA,NA,NA,NA,NA,NA,NA,NA,NA,NA,"PIMCO Emerging Markets Full Spectrum Bond Fund","Open-End Mutual Fund"
"193","549300ZPIHFNJ7U75683","549300ZPIHFNJ7U75683",200,"549300ZPIHFNJ7U75683","Destinations Core Fixed Income Fund","en",NA,NA,"en","c/o THE CORPORATION TRUST COMPANY, CORPORATION TRUST CENTER 1209 ORANGE ST",NA,NA,NA,"WILMINGTON","US-DE","US","19801","en","c/o ORION PORTFOLIO SOLUTIONS, LLC, c/o CSC-LAWYERS INCORPORATING SERVICE COMPANY, 233 SOUTH 13TH ST., STE. 1900",NA,NA,"c/o ORION PORTFOLIO SOLUTIONS, LLC","Lincoln","US-NE","US","68508","RA000665",NA,"S000056106","US-DE","FUND","4FSX",NA,NA,NA,"ACTIVE",NA,NA,NA,NA,NA,2016-10-31 23:00:00,NA,NA,NA,2016-12-10 01:56:00,2025-11-21 09:22:19,"ISSUED",2026-12-11 10:10:24,"5299000J2N45DDNE4Y28","FULLY_CORROBORATED","RA000665",NA,"S000056106",NA,NA,NA,NA,NA,412467195,"CONFORMING","https://api.gleif.org/api/v1/lei-records/549300ZPIHFNJ7U75683/managing-lou","https://api.gleif.org/api/v1/lei-records/549300ZPIHFNJ7U75683/lei-issuer","https://api.gleif.org/api/v1/lei-records/549300ZPIHFNJ7U75683/field-modifications","https://api.gleif.org/api/v1/lei-records/549300ZPIHFNJ7U75683/direct-parent-reporting-exception","https://api.gleif.org/api/v1/lei-records/549300ZPIHFNJ7U75683/ultimate-parent-reporting-exception","https://api.gleif.org/api/v1/lei-records/549300ZPIHFNJ7U75683/fund-manager","https://api.gleif.org/api/v1/lei-records/549300ZPIHFNJ7U75683/fund-manager-relationship",TRUE,NA,NA,NA,NA,NA,NA,NA,NA,NA,NA,NA,NA,"https://api.gleif.org/api/v1/lei-records/549300ZPIHFNJ7U75683/umbrella-fund","https://api.gleif.org/api/v1/lei-records/549300ZPIHFNJ7U75683/umbrella-fund-relationship",NA,NA,NA,NA,NA,NA,NA,NA,NA,NA,NA,NA,NA,"https://api.gleif.org/api/v1/lei-records/549300ZPIHFNJ7U75683/isins",NA,NA,NA,NA,NA,NA,NA,NA,NA,NA,NA,NA,NA,NA,NA,NA,NA,NA,NA,NA,NA,NA,NA,NA,NA,NA,NA,NA,NA,NA,NA,NA,NA,NA,NA,NA,NA,NA,NA,NA,NA,NA,NA,NA,NA,NA,NA,NA,NA,NA,NA,NA,NA,NA,NA,NA,NA,NA,NA,NA,NA,NA,NA,NA,NA,NA,NA,NA,NA,NA,NA,NA,NA,NA,NA,NA,NA,NA,NA,NA,NA,NA,NA,NA,NA,NA,NA,NA,NA,NA,NA,NA,NA,NA,NA,NA,NA,NA,NA,NA,NA,NA,NA,NA,NA,NA,NA,NA,NA,NA,NA,NA,NA,NA,NA,NA,NA,NA,NA,NA,NA,NA,NA,NA,NA,NA,NA,NA,NA,NA,NA,NA,NA,NA,NA,NA,NA,NA,NA,NA,NA,NA,NA,NA,NA,NA,NA,NA,NA,NA,NA,NA,NA,NA,NA,NA,NA,NA,NA,NA,NA,NA,NA,NA,NA,NA,NA,NA,NA,NA,NA,NA,NA,NA,NA,NA,NA,NA,NA,NA,NA,NA,NA,NA,NA,NA,NA,NA,NA,NA,NA,NA,NA,NA,NA,NA,NA,NA,NA,NA,NA,NA,NA,NA,NA,NA,NA,NA,NA,NA,NA,NA,NA,NA,NA,NA,NA,NA,NA,NA,NA,NA,NA,NA,NA,NA,"Destinations Core Fixed Income Fund","Open-End Mutual Fund"
"194","549300ZTYP49IIVWPY18","549300ZTYP49IIVWPY18",200,"549300ZTYP49IIVWPY18","iShares International Dividend Growth ETF","en",NA,NA,"en","c/o THE CORPORATION TRUST COMPANY, CORPORATION TRUST CENTER 1209 ORANGE ST",NA,NA,NA,"WILMINGTON","US-DE","US","19801","en","c/o BLACKROCK FUND ADVISORS, 400 Howard Street",NA,NA,"c/o BLACKROCK FUND ADVISORS","San Francisco","US-CA","US","94105","RA000665",NA,"S000053600","US-DE","FUND","4FSX",NA,NA,NA,"ACTIVE",NA,NA,NA,NA,NA,2016-02-03 23:00:00,NA,NA,NA,2016-07-02 01:51:00,2025-11-01 09:44:29,"ISSUED",2026-12-01 13:53:43,"5299000J2N45DDNE4Y28","FULLY_CORROBORATED","RA000665",NA,"S000053600",NA,NA,NA,NA,NA,325229756,"CONFORMING","https://api.gleif.org/api/v1/lei-records/549300ZTYP49IIVWPY18/managing-lou","https://api.gleif.org/api/v1/lei-records/549300ZTYP49IIVWPY18/lei-issuer","https://api.gleif.org/api/v1/lei-records/549300ZTYP49IIVWPY18/field-modifications","https://api.gleif.org/api/v1/lei-records/549300ZTYP49IIVWPY18/direct-parent-reporting-exception","https://api.gleif.org/api/v1/lei-records/549300ZTYP49IIVWPY18/ultimate-parent-reporting-exception","https://api.gleif.org/api/v1/lei-records/549300ZTYP49IIVWPY18/fund-manager","https://api.gleif.org/api/v1/lei-records/549300ZTYP49IIVWPY18/fund-manager-relationship",TRUE,NA,NA,NA,NA,NA,NA,"STANDALONE","SUPPORTING_DOCUMENTS",2025-10-31 23:00:00,2025-11-01 09:44:29,"CHANGE_HQ_ADDRESS","COMPLETED","https://api.gleif.org/api/v1/lei-records/549300ZTYP49IIVWPY18/umbrella-fund","https://api.gleif.org/api/v1/lei-records/549300ZTYP49IIVWPY18/umbrella-fund-relationship",NA,NA,NA,NA,NA,NA,NA,"STANDALONE","SUPPORTING_DOCUMENTS",2023-11-02 23:00:00,2023-11-03 14:52:11,"CHANGE_HQ_ADDRESS","COMPLETED",NA,NA,NA,NA,NA,NA,NA,NA,NA,NA,NA,NA,NA,NA,NA,NA,NA,NA,NA,NA,"STANDALONE","SUPPORTING_DOCUMENTS",2023-11-02 23:00:00,2023-11-03 14:52:11,"CHANGE_LEGAL_ADDRESS","COMPLETED",NA,NA,NA,NA,NA,NA,NA,NA,NA,NA,NA,NA,NA,NA,NA,NA,NA,NA,NA,NA,NA,NA,NA,NA,NA,NA,NA,NA,NA,NA,NA,NA,NA,NA,NA,NA,NA,NA,NA,NA,NA,NA,NA,NA,NA,NA,NA,NA,NA,NA,NA,NA,NA,NA,NA,NA,NA,NA,NA,NA,NA,NA,NA,NA,NA,NA,NA,NA,NA,NA,NA,NA,NA,NA,NA,NA,NA,NA,NA,NA,NA,NA,NA,NA,NA,NA,NA,NA,NA,NA,NA,NA,NA,NA,NA,NA,NA,NA,NA,NA,NA,NA,NA,NA,NA,NA,NA,NA,NA,NA,NA,NA,NA,NA,NA,NA,NA,NA,NA,NA,NA,NA,NA,NA,NA,NA,NA,NA,NA,NA,NA,NA,NA,NA,NA,NA,NA,NA,NA,NA,NA,NA,NA,NA,NA,NA,NA,NA,NA,NA,NA,NA,NA,NA,NA,NA,NA,NA,NA,NA,NA,NA,NA,NA,NA,NA,NA,NA,NA,NA,NA,NA,NA,NA,NA,NA,NA,NA,NA,NA,NA,NA,NA,NA,NA,NA,NA,NA,NA,NA,NA,NA,NA,NA,NA,NA,NA,NA,NA,NA,NA,"iShares International Dividend Growth ETF","ETF"
"195","549300ZV8FWYTWTHFO53","549300ZV8FWYTWTHFO53",200,"549300ZV8FWYTWTHFO53","International Opportunity Portfolio","en",NA,NA,"en","C/O THE CORPORATION TRUST INCORPORATED",NA,NA,NA,"LUTHERVILLE TIMONIUM","US-MD","US","21093-2252","en","C/O MORGAN STANLEY INVESTMENT MANAGEMENT INC.",NA,NA,NA,"NEW YORK","US-NY","US","10036","RA000665",NA,"S000027992","US","FUND","8888","FUND",NA,NA,"ACTIVE",NA,NA,NA,NA,NA,2012-12-11 00:00:00,NA,NA,NA,2012-12-12 10:31:00,2026-03-12 13:58:37,"ISSUED",2027-04-07 15:14:07,"5493001KJTIIGC8Y1R12","FULLY_CORROBORATED","RA000665",NA,"S000027992",NA,NA,NA,NA,NA,104869711,"CONFORMING","https://api.gleif.org/api/v1/lei-records/549300ZV8FWYTWTHFO53/managing-lou","https://api.gleif.org/api/v1/lei-records/549300ZV8FWYTWTHFO53/lei-issuer","https://api.gleif.org/api/v1/lei-records/549300ZV8FWYTWTHFO53/field-modifications","https://api.gleif.org/api/v1/lei-records/549300ZV8FWYTWTHFO53/direct-parent-reporting-exception","https://api.gleif.org/api/v1/lei-records/549300ZV8FWYTWTHFO53/ultimate-parent-reporting-exception","https://api.gleif.org/api/v1/lei-records/549300ZV8FWYTWTHFO53/fund-manager","https://api.gleif.org/api/v1/lei-records/549300ZV8FWYTWTHFO53/fund-manager-relationship",TRUE,NA,"MORGAN STANLEY INSTITUTIONAL FUND INC - International Opportunity Portfolio","en","PREVIOUS_LEGAL_NAME","2405 YORK ROAD","1585 BROADWAY","STANDALONE","SUPPORTING_DOCUMENTS",2025-07-31 00:00:00,2025-08-01 16:45:56,"CHANGE_LEGAL_ADDRESS","COMPLETED","https://api.gleif.org/api/v1/lei-records/549300ZV8FWYTWTHFO53/umbrella-fund","https://api.gleif.org/api/v1/lei-records/549300ZV8FWYTWTHFO53/umbrella-fund-relationship",NA,NA,NA,NA,NA,NA,"SUITE 201",NA,NA,NA,NA,NA,NA,NA,NA,NA,NA,NA,NA,NA,NA,NA,NA,NA,NA,NA,NA,NA,NA,NA,NA,NA,NA,NA,NA,NA,NA,NA,NA,NA,NA,NA,NA,NA,NA,NA,NA,NA,NA,NA,NA,NA,NA,NA,NA,NA,NA,NA,NA,NA,NA,NA,NA,NA,NA,NA,NA,NA,NA,NA,NA,NA,NA,NA,NA,NA,NA,NA,NA,NA,NA,NA,NA,NA,NA,NA,NA,NA,NA,NA,NA,NA,NA,NA,NA,NA,NA,NA,NA,NA,NA,NA,NA,NA,NA,NA,NA,NA,NA,NA,NA,NA,NA,NA,NA,NA,NA,NA,NA,NA,NA,NA,NA,NA,NA,NA,NA,NA,NA,NA,NA,NA,NA,NA,NA,NA,NA,NA,NA,NA,NA,NA,NA,NA,NA,NA,NA,NA,NA,NA,NA,NA,NA,NA,NA,NA,NA,NA,NA,NA,NA,NA,NA,NA,NA,NA,NA,NA,NA,NA,NA,NA,NA,NA,NA,NA,NA,NA,NA,NA,NA,NA,NA,NA,NA,NA,NA,NA,NA,NA,NA,NA,NA,NA,NA,NA,NA,NA,NA,NA,NA,NA,NA,NA,NA,NA,NA,NA,NA,NA,NA,NA,NA,NA,NA,NA,NA,NA,NA,NA,NA,NA,NA,NA,NA,NA,NA,NA,NA,NA,NA,NA,NA,NA,NA,NA,NA,NA,NA,NA,"International Opportunity Portfolio","Open-End Mutual Fund"
"196","549300ZYN7MB8GTUQI40","549300ZYN7MB8GTUQI40",200,"549300ZYN7MB8GTUQI40","iShares Emerging Markets Dividend ETF","en",NA,NA,"en","THE CORPORATION TRUST INCORPORATED; 2405 YORK ROAD; SUITE 201",NA,NA,NA,"LUTHERVILLE TIMONIUM","US-MD","US","21093-2264","en","c/o BLACKROCK FUND ADVISORS, BLACKROCK FUND ADVISORS; 400 HOWARD STREET",NA,NA,"c/o BLACKROCK FUND ADVISORS","SAN FRANCISCO","US-CA","US","94105","RA000665",NA,"S000036004","US-MD","FUND","8888","Trust",NA,NA,"ACTIVE",NA,NA,NA,NA,NA,2012-12-23 23:00:00,NA,NA,NA,2012-12-24 10:13:00,2025-11-22 14:48:53,"ISSUED",2027-01-12 10:06:36,"5299000J2N45DDNE4Y28","FULLY_CORROBORATED","RA000665",NA,"S000036004",NA,NA,NA,NA,NA,171192407,"CONFORMING","https://api.gleif.org/api/v1/lei-records/549300ZYN7MB8GTUQI40/managing-lou","https://api.gleif.org/api/v1/lei-records/549300ZYN7MB8GTUQI40/lei-issuer","https://api.gleif.org/api/v1/lei-records/549300ZYN7MB8GTUQI40/field-modifications","https://api.gleif.org/api/v1/lei-records/549300ZYN7MB8GTUQI40/direct-parent-reporting-exception","https://api.gleif.org/api/v1/lei-records/549300ZYN7MB8GTUQI40/ultimate-parent-reporting-exception","https://api.gleif.org/api/v1/lei-records/549300ZYN7MB8GTUQI40/fund-manager","https://api.gleif.org/api/v1/lei-records/549300ZYN7MB8GTUQI40/fund-manager-relationship",TRUE,NA,NA,NA,NA,NA,NA,NA,NA,NA,NA,NA,NA,"https://api.gleif.org/api/v1/lei-records/549300ZYN7MB8GTUQI40/umbrella-fund","https://api.gleif.org/api/v1/lei-records/549300ZYN7MB8GTUQI40/umbrella-fund-relationship",NA,NA,NA,NA,NA,NA,NA,NA,NA,NA,NA,NA,NA,NA,NA,NA,NA,NA,NA,NA,NA,NA,NA,NA,NA,NA,NA,NA,NA,NA,NA,NA,NA,NA,NA,NA,NA,NA,NA,NA,NA,NA,NA,NA,NA,NA,NA,NA,NA,NA,NA,NA,NA,NA,NA,NA,NA,NA,NA,NA,NA,NA,NA,NA,NA,NA,NA,NA,NA,NA,NA,NA,NA,NA,NA,NA,NA,NA,NA,NA,NA,NA,NA,NA,NA,NA,NA,NA,NA,NA,NA,NA,NA,NA,NA,NA,NA,NA,NA,NA,NA,NA,NA,NA,NA,NA,NA,NA,NA,NA,NA,NA,NA,NA,NA,NA,NA,NA,NA,NA,NA,NA,NA,NA,NA,NA,NA,NA,NA,NA,NA,NA,NA,NA,NA,NA,NA,NA,NA,NA,NA,NA,NA,NA,NA,NA,NA,NA,NA,NA,NA,NA,NA,NA,NA,NA,NA,NA,NA,NA,NA,NA,NA,NA,NA,NA,NA,NA,NA,NA,NA,NA,NA,NA,NA,NA,NA,NA,NA,NA,NA,NA,NA,NA,NA,NA,NA,NA,NA,NA,NA,NA,NA,NA,NA,NA,NA,NA,NA,NA,NA,NA,NA,NA,NA,NA,NA,NA,NA,NA,NA,NA,NA,NA,NA,NA,NA,NA,NA,NA,NA,NA,NA,NA,NA,NA,NA,NA,NA,NA,NA,NA,NA,NA,NA,NA,NA,NA,NA,NA,"iShares Emerging Markets Dividend ETF","ETF"
"197","57EOZO61N91VLDUYO830","57EOZO61N91VLDUYO830",200,"57EOZO61N91VLDUYO830","SA Multi-Managed Income Portfolio","en",NA,NA,"en","C/O THE PRENTICE-HALL CORPORATION SYSTEM, INC.",NA,NA,NA,"BOSTON","US-MA","US","02109","en","C/O SunAmerica Asset Management, LLC",NA,NA,NA,"Jersey City","US-NJ","US","07302","RA000665",NA,"S000008053","US","FUND","8888","FUND",NA,NA,"ACTIVE",NA,NA,NA,NA,NA,1995-10-10 00:00:00,NA,NA,NA,2012-11-28 00:00:00,2025-10-23 12:09:59,"ISSUED",2026-10-31 00:00:00,"5493001KJTIIGC8Y1R12","FULLY_CORROBORATED","RA000665",NA,"S000008053",NA,NA,NA,NA,NA,28140762,"CONFORMING","https://api.gleif.org/api/v1/lei-records/57EOZO61N91VLDUYO830/managing-lou","https://api.gleif.org/api/v1/lei-records/57EOZO61N91VLDUYO830/lei-issuer","https://api.gleif.org/api/v1/lei-records/57EOZO61N91VLDUYO830/field-modifications","https://api.gleif.org/api/v1/lei-records/57EOZO61N91VLDUYO830/direct-parent-reporting-exception","https://api.gleif.org/api/v1/lei-records/57EOZO61N91VLDUYO830/ultimate-parent-reporting-exception","https://api.gleif.org/api/v1/lei-records/57EOZO61N91VLDUYO830/fund-manager","https://api.gleif.org/api/v1/lei-records/57EOZO61N91VLDUYO830/fund-manager-relationship",TRUE,NA,NA,NA,NA,"84 STATE ST.","30 Hudson Street",NA,NA,NA,NA,NA,NA,"https://api.gleif.org/api/v1/lei-records/57EOZO61N91VLDUYO830/umbrella-fund","https://api.gleif.org/api/v1/lei-records/57EOZO61N91VLDUYO830/umbrella-fund-relationship","16th Floor",NA,NA,NA,NA,NA,NA,NA,NA,NA,NA,NA,NA,NA,NA,NA,NA,NA,NA,NA,NA,NA,NA,NA,NA,NA,NA,NA,NA,NA,NA,NA,NA,NA,NA,NA,NA,NA,NA,NA,NA,NA,NA,NA,NA,NA,NA,NA,NA,NA,NA,NA,NA,NA,NA,NA,NA,NA,NA,NA,NA,NA,NA,NA,NA,NA,NA,NA,NA,NA,NA,NA,NA,NA,NA,NA,NA,NA,NA,NA,NA,NA,NA,NA,NA,NA,NA,NA,NA,NA,NA,NA,NA,NA,NA,NA,NA,NA,NA,NA,NA,NA,NA,NA,NA,NA,NA,NA,NA,NA,NA,NA,NA,NA,NA,NA,NA,NA,NA,NA,NA,NA,NA,NA,NA,NA,NA,NA,NA,NA,NA,NA,NA,NA,NA,NA,NA,NA,NA,NA,NA,NA,NA,NA,NA,NA,NA,NA,NA,NA,NA,NA,NA,NA,NA,NA,NA,NA,NA,NA,NA,NA,NA,NA,NA,NA,NA,NA,NA,NA,NA,NA,NA,NA,NA,NA,NA,NA,NA,NA,NA,NA,NA,NA,NA,NA,NA,NA,NA,NA,NA,NA,NA,NA,NA,NA,NA,NA,NA,NA,NA,NA,NA,NA,NA,NA,NA,NA,NA,NA,NA,NA,NA,NA,NA,NA,NA,NA,NA,NA,NA,NA,NA,NA,NA,NA,NA,NA,NA,NA,NA,NA,NA,NA,NA,NA,NA,NA,NA,NA,"SA Multi-Managed Income Portfolio","Open-End Mutual Fund"
"198","5SCI88E1XWY2RI6Q4163","5SCI88E1XWY2RI6Q4163",200,"5SCI88E1XWY2RI6Q4163","Total Return Portfolio","en",NA,NA,"en","C/O CORPORATION SERVICE COMPANY",NA,NA,NA,"WILMINGTON","US-DE","US","19808","en","C/O PACIFIC LIFE FUND ADVISORS LLC",NA,NA,NA,"NEWPORT BEACH","US-CA","US","92660","RA000665",NA,"S000026011","US","FUND","8888","FUND",NA,NA,"ACTIVE",NA,NA,NA,NA,NA,2012-11-17 00:00:00,NA,NA,NA,2012-11-19 14:02:00,2025-07-01 16:39:29,"ISSUED",2026-07-07 18:31:43,"5493001KJTIIGC8Y1R12","FULLY_CORROBORATED","RA000665",NA,"S000026011",NA,NA,NA,NA,NA,33771815,"CONFORMING","https://api.gleif.org/api/v1/lei-records/5SCI88E1XWY2RI6Q4163/managing-lou","https://api.gleif.org/api/v1/lei-records/5SCI88E1XWY2RI6Q4163/lei-issuer","https://api.gleif.org/api/v1/lei-records/5SCI88E1XWY2RI6Q4163/field-modifications","https://api.gleif.org/api/v1/lei-records/5SCI88E1XWY2RI6Q4163/direct-parent-reporting-exception","https://api.gleif.org/api/v1/lei-records/5SCI88E1XWY2RI6Q4163/ultimate-parent-reporting-exception","https://api.gleif.org/api/v1/lei-records/5SCI88E1XWY2RI6Q4163/fund-manager","https://api.gleif.org/api/v1/lei-records/5SCI88E1XWY2RI6Q4163/fund-manager-relationship",TRUE,NA,"Managed Bond Portfolio","en","PREVIOUS_LEGAL_NAME","251 LITTLE FALLS DRIVE","700 NEWPORT CENTER DRIVE","STANDALONE","SUPPORTING_DOCUMENTS",2025-05-01 00:00:00,2025-04-22 18:36:48,"CHANGE_LEGAL_NAME","IN_PROGRESS","https://api.gleif.org/api/v1/lei-records/5SCI88E1XWY2RI6Q4163/umbrella-fund","https://api.gleif.org/api/v1/lei-records/5SCI88E1XWY2RI6Q4163/umbrella-fund-relationship",NA,NA,NA,NA,NA,NA,NA,NA,NA,NA,NA,NA,NA,NA,NA,NA,NA,NA,NA,NA,NA,NA,NA,NA,NA,NA,NA,NA,NA,NA,NA,NA,NA,NA,NA,NA,NA,NA,NA,NA,NA,NA,NA,NA,NA,NA,NA,NA,NA,NA,NA,NA,NA,NA,NA,NA,NA,NA,NA,NA,NA,NA,NA,NA,NA,NA,NA,NA,NA,NA,NA,NA,NA,NA,NA,NA,NA,NA,NA,NA,NA,NA,NA,NA,NA,NA,"Total Return Portfolio","/lei:LEIData/lei:LEIRecords/lei:LEIRecord/lei:Entity/lei:LegalName",NA,NA,NA,NA,NA,NA,NA,NA,NA,NA,NA,NA,NA,NA,NA,NA,NA,NA,NA,NA,NA,NA,NA,NA,NA,NA,NA,NA,NA,NA,NA,NA,NA,NA,NA,NA,NA,NA,NA,NA,NA,NA,NA,NA,NA,NA,NA,NA,NA,NA,NA,NA,NA,NA,NA,NA,NA,NA,NA,NA,NA,NA,NA,NA,NA,NA,NA,NA,NA,NA,NA,NA,NA,NA,NA,NA,NA,NA,NA,NA,NA,NA,NA,NA,NA,NA,NA,NA,NA,NA,NA,NA,NA,NA,NA,NA,NA,NA,NA,NA,NA,NA,NA,NA,NA,NA,NA,NA,NA,NA,NA,NA,NA,NA,NA,NA,NA,NA,NA,NA,NA,NA,NA,NA,NA,NA,NA,NA,NA,NA,NA,NA,NA,NA,NA,NA,NA,NA,NA,NA,NA,NA,NA,NA,NA,NA,NA,NA,NA,NA,NA,NA,"Managed Bond Portfolio","Open-End Mutual Fund"
"199","5SNYVOTWV66DO2KG5H16","5SNYVOTWV66DO2KG5H16",200,"5SNYVOTWV66DO2KG5H16","PIMCO International Bond Portfolio (Unhedged)","en",NA,NA,"en","C/O THE CORPORATION TRUST COMPANY",NA,NA,NA,"WILMINGTON","US-DE","US","19801","en","C/O PACIFIC INVESTMENT MANAGEMENT COMPANY LLC",NA,NA,NA,"Newport Beach","US-CA","US","92660","RA000665",NA,"S000010206","US","FUND","8888","FUND",NA,NA,"ACTIVE",NA,NA,NA,NA,NA,2012-10-18 00:00:00,NA,NA,NA,2012-10-19 08:07:00,2025-06-20 17:23:50,"ISSUED",2026-07-07 00:00:00,"5493001KJTIIGC8Y1R12","FULLY_CORROBORATED","RA000665",NA,"S000010206",NA,NA,NA,NA,NA,106782829,"CONFORMING","https://api.gleif.org/api/v1/lei-records/5SNYVOTWV66DO2KG5H16/managing-lou","https://api.gleif.org/api/v1/lei-records/5SNYVOTWV66DO2KG5H16/lei-issuer","https://api.gleif.org/api/v1/lei-records/5SNYVOTWV66DO2KG5H16/field-modifications","https://api.gleif.org/api/v1/lei-records/5SNYVOTWV66DO2KG5H16/direct-parent-reporting-exception","https://api.gleif.org/api/v1/lei-records/5SNYVOTWV66DO2KG5H16/ultimate-parent-reporting-exception","https://api.gleif.org/api/v1/lei-records/5SNYVOTWV66DO2KG5H16/fund-manager","https://api.gleif.org/api/v1/lei-records/5SNYVOTWV66DO2KG5H16/fund-manager-relationship",TRUE,NA,NA,NA,NA,"CORPORATION TRUST CENTER","650 Newport Center Drive",NA,NA,NA,NA,NA,NA,"https://api.gleif.org/api/v1/lei-records/5SNYVOTWV66DO2KG5H16/umbrella-fund","https://api.gleif.org/api/v1/lei-records/5SNYVOTWV66DO2KG5H16/umbrella-fund-relationship",NA,NA,NA,NA,NA,NA,"1209 ORANGE ST",NA,NA,NA,NA,NA,NA,NA,NA,NA,NA,NA,NA,NA,NA,NA,NA,NA,NA,NA,NA,NA,NA,NA,NA,NA,NA,NA,NA,NA,NA,NA,NA,NA,NA,NA,NA,NA,NA,NA,NA,NA,NA,NA,NA,NA,NA,NA,NA,NA,NA,NA,NA,NA,NA,NA,NA,NA,NA,NA,NA,NA,NA,NA,NA,NA,NA,NA,NA,NA,NA,NA,NA,NA,NA,NA,NA,NA,NA,NA,NA,NA,NA,NA,NA,NA,NA,NA,NA,NA,NA,NA,NA,NA,NA,NA,NA,NA,NA,NA,NA,NA,NA,NA,NA,NA,NA,NA,NA,NA,NA,NA,NA,NA,NA,NA,NA,NA,NA,NA,NA,NA,NA,NA,NA,NA,NA,NA,NA,NA,NA,NA,NA,NA,NA,NA,NA,NA,NA,NA,NA,NA,NA,NA,NA,NA,NA,NA,NA,NA,NA,NA,NA,NA,NA,NA,NA,NA,NA,NA,NA,NA,NA,NA,NA,NA,NA,NA,NA,NA,NA,NA,NA,NA,NA,NA,NA,NA,NA,NA,NA,NA,NA,NA,NA,NA,NA,NA,NA,NA,NA,NA,NA,NA,NA,NA,NA,NA,NA,NA,NA,NA,NA,NA,NA,NA,NA,NA,NA,NA,NA,NA,NA,NA,NA,NA,NA,NA,NA,NA,NA,NA,NA,NA,NA,NA,NA,NA,NA,NA,NA,NA,NA,NA,"PIMCO International Bond Portfolio (Unhedged)","Open-End Mutual Fund"
"200","60Q7C9MVDY13ALSK8V97","60Q7C9MVDY13ALSK8V97",200,"60Q7C9MVDY13ALSK8V97","Investment Quality Bond Trust","en",NA,NA,"en","200 BERKELEY ST.",NA,NA,NA,"BOSTON","US-MA","US","02116","en","C/O JOHN HANCOCK VARIABLE TRUST ADVISERS LLC",NA,NA,NA,"BOSTON","US-MA","US","02116","RA000665",NA,"S000008273","US","FUND","8888","FUND",NA,NA,"ACTIVE",NA,NA,NA,NA,NA,2012-11-26 00:00:00,NA,NA,NA,2012-11-26 16:02:00,2025-09-26 19:36:33,"ISSUED",2026-10-25 18:01:00,"5493001KJTIIGC8Y1R12","FULLY_CORROBORATED","RA000665",NA,"S000008273",NA,NA,NA,NA,NA,31313291,"CONFORMING","https://api.gleif.org/api/v1/lei-records/60Q7C9MVDY13ALSK8V97/managing-lou","https://api.gleif.org/api/v1/lei-records/60Q7C9MVDY13ALSK8V97/lei-issuer","https://api.gleif.org/api/v1/lei-records/60Q7C9MVDY13ALSK8V97/field-modifications","https://api.gleif.org/api/v1/lei-records/60Q7C9MVDY13ALSK8V97/direct-parent-reporting-exception","https://api.gleif.org/api/v1/lei-records/60Q7C9MVDY13ALSK8V97/ultimate-parent-reporting-exception","https://api.gleif.org/api/v1/lei-records/60Q7C9MVDY13ALSK8V97/fund-manager","https://api.gleif.org/api/v1/lei-records/60Q7C9MVDY13ALSK8V97/fund-manager-relationship",TRUE,NA,NA,NA,NA,NA,"200 BERKELEY STREET",NA,NA,NA,NA,NA,NA,"https://api.gleif.org/api/v1/lei-records/60Q7C9MVDY13ALSK8V97/umbrella-fund","https://api.gleif.org/api/v1/lei-records/60Q7C9MVDY13ALSK8V97/umbrella-fund-relationship",NA,NA,NA,NA,NA,NA,NA,NA,NA,NA,NA,NA,NA,NA,NA,NA,NA,NA,NA,NA,NA,NA,NA,NA,NA,NA,NA,NA,NA,NA,NA,NA,NA,NA,NA,NA,NA,NA,NA,NA,NA,NA,NA,NA,NA,NA,NA,NA,NA,NA,NA,NA,NA,NA,NA,NA,NA,NA,NA,NA,NA,NA,NA,NA,NA,NA,NA,NA,NA,NA,NA,NA,NA,NA,NA,NA,NA,NA,NA,NA,NA,NA,NA,NA,NA,NA,NA,NA,NA,NA,NA,NA,NA,NA,NA,NA,NA,NA,NA,NA,NA,NA,NA,NA,NA,NA,NA,NA,NA,NA,NA,NA,NA,NA,NA,NA,NA,NA,NA,NA,NA,NA,NA,NA,NA,NA,NA,NA,NA,NA,NA,NA,NA,NA,NA,NA,NA,NA,NA,NA,NA,NA,NA,NA,NA,NA,NA,NA,NA,NA,NA,NA,NA,NA,NA,NA,NA,NA,NA,NA,NA,NA,NA,NA,NA,NA,NA,NA,NA,NA,NA,NA,NA,NA,NA,NA,NA,NA,NA,NA,NA,NA,NA,NA,NA,NA,NA,NA,NA,NA,NA,NA,NA,NA,NA,NA,NA,NA,NA,NA,NA,NA,NA,NA,NA,NA,NA,NA,NA,NA,NA,NA,NA,NA,NA,NA,NA,NA,NA,NA,NA,NA,NA,NA,NA,NA,NA,NA,NA,NA,NA,NA,NA,NA,NA,NA,NA,NA,NA,NA,"Investment Quality Bond Trust","Open-End Mutual Fund"
"201","65RJ4HWUB81ZY1R5RS74","65RJ4HWUB81ZY1R5RS74",200,"65RJ4HWUB81ZY1R5RS74","AST PRESERVATION ASSET ALLOCATION PORTFOLIO","en",NA,NA,"en","84 STATE ST.",NA,NA,NA,"BOSTON","US-MA","US","02109","en","C/O PGIM INVESTMENTS LLC",NA,NA,NA,"NEW YORK","US-NY","US","10005","RA000665",NA,"S000006794","US","FUND","8888","FUND",NA,NA,"ACTIVE",NA,NA,NA,NA,NA,2012-10-22 00:00:00,NA,NA,NA,2012-10-24 14:02:00,2026-04-08 11:45:19,"ISSUED",2027-04-21 15:23:47,"5493001KJTIIGC8Y1R12","FULLY_CORROBORATED","RA000665",NA,"S000006794",NA,NA,NA,NA,NA,42160648,"CONFORMING","https://api.gleif.org/api/v1/lei-records/65RJ4HWUB81ZY1R5RS74/managing-lou","https://api.gleif.org/api/v1/lei-records/65RJ4HWUB81ZY1R5RS74/lei-issuer","https://api.gleif.org/api/v1/lei-records/65RJ4HWUB81ZY1R5RS74/field-modifications","https://api.gleif.org/api/v1/lei-records/65RJ4HWUB81ZY1R5RS74/direct-parent-reporting-exception","https://api.gleif.org/api/v1/lei-records/65RJ4HWUB81ZY1R5RS74/ultimate-parent-reporting-exception","https://api.gleif.org/api/v1/lei-records/65RJ4HWUB81ZY1R5RS74/fund-manager","https://api.gleif.org/api/v1/lei-records/65RJ4HWUB81ZY1R5RS74/fund-manager-relationship",TRUE,NA,NA,NA,NA,NA,"28 LIBERTY ST.",NA,NA,NA,NA,NA,NA,"https://api.gleif.org/api/v1/lei-records/65RJ4HWUB81ZY1R5RS74/umbrella-fund","https://api.gleif.org/api/v1/lei-records/65RJ4HWUB81ZY1R5RS74/umbrella-fund-relationship",NA,NA,NA,NA,NA,NA,NA,NA,NA,NA,NA,NA,NA,NA,NA,NA,NA,NA,NA,NA,NA,NA,NA,NA,NA,NA,NA,NA,NA,NA,NA,NA,NA,NA,NA,NA,NA,NA,NA,NA,NA,NA,NA,NA,NA,NA,NA,NA,NA,NA,NA,NA,NA,NA,NA,NA,NA,NA,NA,NA,NA,NA,NA,NA,NA,NA,NA,NA,NA,NA,NA,NA,NA,NA,NA,NA,NA,NA,NA,NA,NA,NA,NA,NA,NA,NA,NA,NA,NA,NA,NA,NA,NA,NA,NA,NA,NA,NA,NA,NA,NA,NA,NA,NA,NA,NA,NA,NA,NA,NA,NA,NA,NA,NA,NA,NA,NA,NA,NA,NA,NA,NA,NA,NA,NA,NA,NA,NA,NA,NA,NA,NA,NA,NA,NA,NA,NA,NA,NA,NA,NA,NA,NA,NA,NA,NA,NA,NA,NA,NA,NA,NA,NA,NA,NA,NA,NA,NA,NA,NA,NA,NA,NA,NA,NA,NA,NA,NA,NA,NA,NA,NA,NA,NA,NA,NA,NA,NA,NA,NA,NA,NA,NA,NA,NA,NA,NA,NA,NA,NA,NA,NA,NA,NA,NA,NA,NA,NA,NA,NA,NA,NA,NA,NA,NA,NA,NA,NA,NA,NA,NA,NA,NA,NA,NA,NA,NA,NA,NA,NA,NA,NA,NA,NA,NA,NA,NA,NA,NA,NA,NA,NA,NA,NA,NA,NA,NA,NA,NA,NA,"AST Preservation Asset Allocation Portfolio","Open-End Mutual Fund"
"202","6FFMMI3AGWZH5SDXSF05","6FFMMI3AGWZH5SDXSF05",200,"6FFMMI3AGWZH5SDXSF05","BLACKROCK TACTICAL OPPORTUNITIES FUND","en",NA,NA,"en","c/o C T CORPORATION SYSTEM; 155 FEDERAL ST., SUITE 700",NA,NA,NA,"BOSTON","US-MA","US","02110","en","c/o BLACKROCK ADVISORS, LLC, c/o CORPORATION SERVICE COMPANY, 251 LITTLE FALLS DRIVE",NA,NA,"c/o BLACKROCK ADVISORS, LLC","Wilmington","US-DE","US","19808","RA000665",NA,"S000001870","US-MA","FUND","8888","Trust",NA,NA,"ACTIVE",NA,NA,NA,NA,NA,2005-01-30 23:00:00,NA,NA,NA,2012-10-11 13:44:00,2025-11-22 09:14:12,"ISSUED",2027-01-09 09:40:20,"5299000J2N45DDNE4Y28","FULLY_CORROBORATED","RA000665",NA,"S000001870",NA,NA,NA,NA,NA,28214246,"CONFORMING","https://api.gleif.org/api/v1/lei-records/6FFMMI3AGWZH5SDXSF05/managing-lou","https://api.gleif.org/api/v1/lei-records/6FFMMI3AGWZH5SDXSF05/lei-issuer","https://api.gleif.org/api/v1/lei-records/6FFMMI3AGWZH5SDXSF05/field-modifications","https://api.gleif.org/api/v1/lei-records/6FFMMI3AGWZH5SDXSF05/direct-parent-reporting-exception","https://api.gleif.org/api/v1/lei-records/6FFMMI3AGWZH5SDXSF05/ultimate-parent-reporting-exception","https://api.gleif.org/api/v1/lei-records/6FFMMI3AGWZH5SDXSF05/fund-manager","https://api.gleif.org/api/v1/lei-records/6FFMMI3AGWZH5SDXSF05/fund-manager-relationship",TRUE,NA,NA,NA,NA,NA,NA,"STANDALONE","SUPPORTING_DOCUMENTS",2023-12-12 23:00:00,2023-12-13 07:28:39,"CHANGE_HQ_ADDRESS","COMPLETED","https://api.gleif.org/api/v1/lei-records/6FFMMI3AGWZH5SDXSF05/umbrella-fund","https://api.gleif.org/api/v1/lei-records/6FFMMI3AGWZH5SDXSF05/umbrella-fund-relationship",NA,NA,NA,NA,NA,NA,NA,"STANDALONE","SUPPORTING_DOCUMENTS",2023-12-12 23:00:00,2023-12-13 07:28:39,"CHANGE_LEGAL_ADDRESS","COMPLETED",NA,NA,NA,NA,NA,NA,NA,NA,NA,NA,NA,NA,NA,NA,NA,NA,NA,NA,NA,NA,NA,NA,NA,NA,NA,NA,NA,NA,NA,NA,NA,NA,NA,NA,NA,NA,NA,NA,NA,NA,NA,NA,NA,NA,NA,NA,NA,NA,NA,NA,NA,NA,NA,NA,NA,NA,NA,NA,NA,NA,NA,NA,NA,NA,NA,NA,NA,NA,NA,NA,NA,NA,NA,NA,NA,NA,NA,NA,NA,NA,NA,NA,NA,NA,NA,NA,NA,NA,NA,NA,NA,NA,NA,NA,NA,NA,NA,NA,NA,NA,NA,NA,NA,NA,NA,NA,NA,NA,NA,NA,NA,NA,NA,NA,NA,NA,NA,NA,NA,NA,NA,NA,NA,NA,NA,NA,NA,NA,NA,NA,NA,NA,NA,NA,NA,NA,NA,NA,NA,NA,NA,NA,NA,NA,NA,NA,NA,NA,NA,NA,NA,NA,NA,NA,NA,NA,NA,NA,NA,NA,NA,NA,NA,NA,NA,NA,NA,NA,NA,NA,NA,NA,NA,NA,NA,NA,NA,NA,NA,NA,NA,NA,NA,NA,NA,NA,NA,NA,NA,NA,NA,NA,NA,NA,NA,NA,NA,NA,NA,NA,NA,NA,NA,NA,NA,NA,NA,NA,NA,NA,NA,NA,NA,NA,NA,NA,NA,NA,NA,NA,NA,NA,NA,NA,NA,NA,NA,"BlackRock Tactical Opportunities Fund","Open-End Mutual Fund"
"203","6H88Q2DZCBEGOMBEBB05","6H88Q2DZCBEGOMBEBB05",200,"6H88Q2DZCBEGOMBEBB05","PIMCO Long Duration Total Return Fund","en",NA,NA,"en","C/O C T CORPORATION SYSTEM",NA,NA,NA,"BOSTON","US-MA","US","02110","en","C/O PACIFIC INVESTMENT MANAGEMENT COMPANY LLC",NA,NA,NA,"DOVER","US-DE","US","19904","RA000665",NA,"S000013232","US","FUND","8888","FUND",NA,NA,"ACTIVE",NA,NA,NA,NA,NA,2012-10-18 00:00:00,NA,NA,NA,2012-10-19 08:01:00,2025-06-19 17:42:30,"ISSUED",2026-07-07 00:00:00,"5493001KJTIIGC8Y1R12","FULLY_CORROBORATED","RA000665",NA,"S000013232",NA,NA,NA,NA,NA,59313803,"CONFORMING","https://api.gleif.org/api/v1/lei-records/6H88Q2DZCBEGOMBEBB05/managing-lou","https://api.gleif.org/api/v1/lei-records/6H88Q2DZCBEGOMBEBB05/lei-issuer","https://api.gleif.org/api/v1/lei-records/6H88Q2DZCBEGOMBEBB05/field-modifications","https://api.gleif.org/api/v1/lei-records/6H88Q2DZCBEGOMBEBB05/direct-parent-reporting-exception","https://api.gleif.org/api/v1/lei-records/6H88Q2DZCBEGOMBEBB05/ultimate-parent-reporting-exception","https://api.gleif.org/api/v1/lei-records/6H88Q2DZCBEGOMBEBB05/fund-manager","https://api.gleif.org/api/v1/lei-records/6H88Q2DZCBEGOMBEBB05/fund-manager-relationship",TRUE,NA,NA,NA,NA,"155 FEDERAL ST.","838 WALKER ROAD",NA,NA,NA,NA,NA,NA,"https://api.gleif.org/api/v1/lei-records/6H88Q2DZCBEGOMBEBB05/umbrella-fund","https://api.gleif.org/api/v1/lei-records/6H88Q2DZCBEGOMBEBB05/umbrella-fund-relationship","SUITE 21-2",NA,NA,NA,NA,NA,"STE 700",NA,NA,NA,NA,NA,NA,NA,NA,NA,NA,NA,NA,NA,NA,NA,NA,NA,NA,NA,NA,NA,NA,NA,NA,NA,NA,NA,NA,NA,NA,NA,NA,NA,NA,NA,NA,NA,NA,NA,NA,NA,NA,NA,NA,NA,NA,NA,NA,NA,NA,NA,NA,NA,NA,NA,NA,NA,NA,NA,NA,NA,NA,NA,NA,NA,NA,NA,NA,NA,NA,NA,NA,NA,NA,NA,NA,NA,NA,NA,NA,NA,NA,NA,NA,NA,NA,NA,NA,NA,NA,NA,NA,NA,NA,NA,NA,NA,NA,NA,NA,NA,NA,NA,NA,NA,NA,NA,NA,NA,NA,NA,NA,NA,NA,NA,NA,NA,NA,NA,NA,NA,NA,NA,NA,NA,NA,NA,NA,NA,NA,NA,NA,NA,NA,NA,NA,NA,NA,NA,NA,NA,NA,NA,NA,NA,NA,NA,NA,NA,NA,NA,NA,NA,NA,NA,NA,NA,NA,NA,NA,NA,NA,NA,NA,NA,NA,NA,NA,NA,NA,NA,NA,NA,NA,NA,NA,NA,NA,NA,NA,NA,NA,NA,NA,NA,NA,NA,NA,NA,NA,NA,NA,NA,NA,NA,NA,NA,NA,NA,NA,NA,NA,NA,NA,NA,NA,NA,NA,NA,NA,NA,NA,NA,NA,NA,NA,NA,NA,NA,NA,NA,NA,NA,NA,NA,NA,NA,NA,NA,NA,NA,NA,NA,"PIMCO Long Duration Total Return Fund","Open-End Mutual Fund"
"204","6NATCQMRI6NRJIP7IF06","6NATCQMRI6NRJIP7IF06",200,"6NATCQMRI6NRJIP7IF06","Transamerica Total Return","en",NA,NA,"en","C/O THE CORPORATION TRUST COMPANY",NA,NA,NA,"WILMINGTON","US-DE","US","19801","en","C/O Transamerica Asset Management, Inc.",NA,NA,NA,"Denver","US-CO","US","80202","RA000665",NA,"S000007783","US-DE","FUND","8888","FUND",NA,NA,"ACTIVE",NA,NA,NA,NA,NA,2012-11-13 05:00:00,NA,NA,NA,2012-11-14 21:45:00,2023-09-01 13:34:54,"LAPSED",2023-09-01 00:00:00,"5493001KJTIIGC8Y1R12","FULLY_CORROBORATED","RA000665",NA,"S000007783",NA,NA,NA,NA,NA,206557292,"NON_CONFORMING","https://api.gleif.org/api/v1/lei-records/6NATCQMRI6NRJIP7IF06/managing-lou","https://api.gleif.org/api/v1/lei-records/6NATCQMRI6NRJIP7IF06/lei-issuer","https://api.gleif.org/api/v1/lei-records/6NATCQMRI6NRJIP7IF06/field-modifications","https://api.gleif.org/api/v1/lei-records/6NATCQMRI6NRJIP7IF06/direct-parent-reporting-exception","https://api.gleif.org/api/v1/lei-records/6NATCQMRI6NRJIP7IF06/ultimate-parent-reporting-exception","https://api.gleif.org/api/v1/lei-records/6NATCQMRI6NRJIP7IF06/fund-manager","https://api.gleif.org/api/v1/lei-records/6NATCQMRI6NRJIP7IF06/fund-manager-relationship",TRUE,NA,"TRANSAMERICA FUNDS - Transamerica PIMCO Total Return","en","PREVIOUS_LEGAL_NAME",NA,NA,NA,NA,NA,NA,NA,NA,"https://api.gleif.org/api/v1/lei-records/6NATCQMRI6NRJIP7IF06/umbrella-fund","https://api.gleif.org/api/v1/lei-records/6NATCQMRI6NRJIP7IF06/umbrella-fund-relationship",NA,NA,NA,NA,NA,NA,NA,NA,NA,NA,NA,NA,NA,NA,NA,NA,NA,NA,NA,NA,NA,NA,NA,NA,NA,NA,NA,NA,NA,NA,NA,NA,NA,NA,NA,NA,NA,NA,NA,NA,NA,NA,NA,NA,NA,NA,NA,NA,NA,NA,NA,NA,NA,NA,NA,NA,NA,NA,NA,NA,NA,NA,NA,NA,NA,NA,NA,NA,NA,NA,NA,NA,NA,NA,NA,NA,NA,NA,NA,NA,NA,NA,NA,NA,NA,NA,NA,NA,NA,NA,NA,NA,NA,NA,NA,NA,NA,NA,NA,NA,NA,NA,NA,NA,NA,NA,NA,NA,NA,NA,NA,NA,NA,NA,NA,NA,NA,NA,NA,NA,NA,NA,NA,NA,NA,NA,NA,NA,NA,NA,NA,NA,NA,NA,NA,NA,NA,NA,NA,NA,NA,NA,NA,NA,NA,NA,NA,NA,NA,NA,NA,NA,NA,NA,NA,NA,NA,NA,NA,NA,NA,NA,NA,NA,NA,NA,NA,NA,NA,NA,NA,NA,NA,NA,NA,NA,NA,NA,NA,NA,NA,NA,NA,NA,NA,NA,NA,NA,NA,NA,NA,NA,NA,NA,NA,NA,NA,NA,NA,NA,NA,NA,NA,NA,NA,NA,NA,NA,NA,NA,NA,NA,NA,NA,NA,NA,NA,NA,NA,NA,NA,NA,NA,NA,NA,NA,NA,NA,NA,NA,NA,NA,NA,NA,NA,NA,NA,NA,NA,NA,"Transamerica Total Return","Open-End Mutual Fund"
"205","6U6JL2K17ZLVNY2CVT93","6U6JL2K17ZLVNY2CVT93",200,"6U6JL2K17ZLVNY2CVT93","OPTIMUM FIXED INCOME FUND","en",NA,NA,"en","251 LITTLE FALLS DRIVE",NA,NA,NA,"WILMINGTON","US-DE","US","19808","en","C/O Macquarie Investment Management Business Trust - Delaware Management Company",NA,NA,NA,"WILMINGTON","US-DE","US","19890","RA000665",NA,"S000002420","US","FUND","8888","FUND",NA,NA,"ACTIVE",NA,NA,NA,NA,NA,2012-11-27 00:00:00,NA,NA,NA,2012-11-28 19:43:00,2025-09-16 17:51:44,"ISSUED",2026-09-16 17:51:44,"5493001KJTIIGC8Y1R12","FULLY_CORROBORATED","RA000665",NA,"S000002420",NA,NA,NA,NA,NA,34362892,"CONFORMING","https://api.gleif.org/api/v1/lei-records/6U6JL2K17ZLVNY2CVT93/managing-lou","https://api.gleif.org/api/v1/lei-records/6U6JL2K17ZLVNY2CVT93/lei-issuer","https://api.gleif.org/api/v1/lei-records/6U6JL2K17ZLVNY2CVT93/field-modifications","https://api.gleif.org/api/v1/lei-records/6U6JL2K17ZLVNY2CVT93/direct-parent-reporting-exception","https://api.gleif.org/api/v1/lei-records/6U6JL2K17ZLVNY2CVT93/ultimate-parent-reporting-exception","https://api.gleif.org/api/v1/lei-records/6U6JL2K17ZLVNY2CVT93/fund-manager","https://api.gleif.org/api/v1/lei-records/6U6JL2K17ZLVNY2CVT93/fund-manager-relationship",TRUE,NA,NA,NA,NA,NA,"RODNEY SQUARE NORTH",NA,NA,NA,NA,NA,NA,"https://api.gleif.org/api/v1/lei-records/6U6JL2K17ZLVNY2CVT93/umbrella-fund","https://api.gleif.org/api/v1/lei-records/6U6JL2K17ZLVNY2CVT93/umbrella-fund-relationship","1100 N. MARKET STREET",NA,NA,NA,NA,NA,NA,NA,NA,NA,NA,NA,NA,NA,NA,NA,NA,NA,NA,NA,NA,NA,NA,NA,NA,NA,NA,NA,NA,NA,NA,NA,NA,NA,NA,NA,NA,NA,NA,NA,NA,NA,NA,NA,NA,NA,NA,NA,NA,NA,NA,NA,NA,NA,NA,NA,NA,NA,NA,NA,NA,NA,NA,NA,NA,NA,NA,NA,NA,NA,NA,NA,NA,NA,NA,NA,NA,NA,NA,NA,NA,NA,NA,NA,NA,NA,NA,NA,NA,NA,NA,NA,NA,NA,NA,NA,NA,NA,NA,NA,NA,NA,NA,NA,NA,NA,NA,NA,NA,NA,NA,NA,NA,NA,NA,NA,NA,NA,NA,NA,NA,NA,NA,NA,NA,NA,NA,NA,NA,NA,NA,NA,NA,NA,NA,NA,NA,NA,NA,NA,NA,NA,NA,NA,NA,NA,NA,NA,NA,NA,NA,NA,NA,NA,NA,NA,NA,NA,NA,NA,NA,NA,NA,NA,NA,NA,NA,NA,NA,NA,NA,NA,NA,NA,NA,NA,NA,NA,NA,NA,NA,NA,NA,NA,NA,NA,NA,NA,NA,NA,NA,NA,NA,NA,NA,NA,NA,NA,NA,NA,NA,NA,NA,NA,NA,NA,NA,NA,NA,NA,NA,NA,NA,NA,NA,NA,NA,NA,NA,NA,NA,NA,NA,NA,NA,NA,NA,NA,NA,NA,NA,NA,NA,NA,NA,NA,NA,NA,NA,NA,"Optimum Fixed Income Fund","Open-End Mutual Fund"
"206","732CSYB5YI2A4VM2EI15","732CSYB5YI2A4VM2EI15",200,"732CSYB5YI2A4VM2EI15","GLOBAL OPPORTUNITIES PORTFOLIO","en",NA,NA,"en","One Post Office Square",NA,NA,NA,"Boston","US-MA","US","02109","en","C/O BOSTON MANAGEMENT AND RESEARCH",NA,NA,NA,"BOSTON","US-MA","US","02109","RA000665",NA,"0001475712","US","FUND","8888","FUND",NA,NA,"ACTIVE",NA,NA,NA,NA,NA,2009-11-16 00:00:00,NA,NA,NA,2012-11-28 14:33:00,2025-08-17 14:34:42,"ISSUED",2026-09-06 15:58:07,"5493001KJTIIGC8Y1R12","FULLY_CORROBORATED","RA000665",NA,"0001475712",NA,NA,NA,NA,NA,100304299,"CONFORMING","https://api.gleif.org/api/v1/lei-records/732CSYB5YI2A4VM2EI15/managing-lou","https://api.gleif.org/api/v1/lei-records/732CSYB5YI2A4VM2EI15/lei-issuer","https://api.gleif.org/api/v1/lei-records/732CSYB5YI2A4VM2EI15/field-modifications","https://api.gleif.org/api/v1/lei-records/732CSYB5YI2A4VM2EI15/direct-parent-reporting-exception","https://api.gleif.org/api/v1/lei-records/732CSYB5YI2A4VM2EI15/ultimate-parent-reporting-exception","https://api.gleif.org/api/v1/lei-records/732CSYB5YI2A4VM2EI15/fund-manager","https://api.gleif.org/api/v1/lei-records/732CSYB5YI2A4VM2EI15/fund-manager-relationship",TRUE,NA,NA,NA,NA,NA,"ONE POST OFFICE SQUARE",NA,NA,NA,NA,NA,NA,NA,NA,NA,NA,NA,NA,NA,NA,NA,NA,NA,NA,NA,NA,NA,NA,NA,NA,NA,NA,NA,NA,NA,NA,NA,NA,NA,NA,NA,NA,NA,NA,NA,NA,NA,NA,NA,NA,NA,NA,NA,NA,NA,NA,NA,NA,NA,NA,NA,NA,NA,NA,NA,NA,NA,NA,NA,NA,NA,NA,NA,NA,NA,NA,NA,NA,NA,NA,NA,NA,NA,NA,NA,NA,NA,NA,NA,NA,NA,NA,NA,NA,NA,NA,NA,NA,NA,NA,NA,NA,NA,NA,NA,NA,NA,NA,NA,NA,NA,NA,NA,NA,NA,NA,NA,NA,NA,NA,NA,NA,NA,NA,NA,NA,NA,NA,NA,NA,NA,NA,NA,NA,NA,NA,NA,NA,NA,NA,NA,NA,NA,NA,NA,NA,NA,NA,NA,NA,NA,NA,NA,NA,NA,NA,NA,NA,NA,NA,NA,NA,NA,NA,NA,NA,NA,NA,NA,NA,NA,NA,NA,NA,NA,NA,NA,NA,NA,NA,NA,NA,NA,NA,NA,NA,NA,NA,NA,NA,NA,NA,NA,NA,NA,NA,NA,NA,NA,NA,NA,NA,NA,NA,NA,NA,NA,NA,NA,NA,NA,NA,NA,NA,NA,NA,NA,NA,NA,NA,NA,NA,NA,NA,NA,NA,NA,NA,NA,NA,NA,NA,NA,NA,NA,NA,NA,NA,NA,NA,NA,NA,NA,NA,NA,NA,NA,NA,NA,NA,NA,NA,NA,NA,"Global Opportunities Portfolio","Open-End Mutual Fund"
"207","7C48ZH5S2PWOI6S4EV85","7C48ZH5S2PWOI6S4EV85",200,"7C48ZH5S2PWOI6S4EV85","BlackRock Inflation Protected Bond Portfolio","en",NA,NA,"en","c/o C T CORPORATION SYSTEM, 155 FEDERAL ST., SUITE 700",NA,NA,NA,"BOSTON","US-MA","US","02110","en","c/o BLACKROCK ADVISORS, LLC, c/o CORPORATION SERVICE COMPANY, 251 LITTLE FALLS DRIVE",NA,NA,"c/o BLACKROCK ADVISORS, LLC","WILMINGTON","US-DE","US","19808","RA000665",NA,"S000062365","US-MA","FUND","8888","Trust",NA,NA,"ACTIVE",NA,NA,NA,NA,NA,2018-08-29 22:00:00,NA,NA,NA,2012-10-11 13:43:00,2025-11-21 15:13:40,"ISSUED",2027-01-06 10:22:16,"5299000J2N45DDNE4Y28","FULLY_CORROBORATED","RA000665",NA,"S000062365",NA,NA,NA,NA,NA,564581762,"CONFORMING","https://api.gleif.org/api/v1/lei-records/7C48ZH5S2PWOI6S4EV85/managing-lou","https://api.gleif.org/api/v1/lei-records/7C48ZH5S2PWOI6S4EV85/lei-issuer","https://api.gleif.org/api/v1/lei-records/7C48ZH5S2PWOI6S4EV85/field-modifications","https://api.gleif.org/api/v1/lei-records/7C48ZH5S2PWOI6S4EV85/direct-parent-reporting-exception","https://api.gleif.org/api/v1/lei-records/7C48ZH5S2PWOI6S4EV85/ultimate-parent-reporting-exception","https://api.gleif.org/api/v1/lei-records/7C48ZH5S2PWOI6S4EV85/fund-manager","https://api.gleif.org/api/v1/lei-records/7C48ZH5S2PWOI6S4EV85/fund-manager-relationship",TRUE,NA,NA,NA,NA,NA,NA,NA,NA,NA,NA,NA,NA,"https://api.gleif.org/api/v1/lei-records/7C48ZH5S2PWOI6S4EV85/umbrella-fund","https://api.gleif.org/api/v1/lei-records/7C48ZH5S2PWOI6S4EV85/umbrella-fund-relationship",NA,NA,NA,NA,NA,NA,NA,NA,NA,NA,NA,NA,NA,NA,NA,NA,NA,NA,NA,NA,NA,NA,NA,NA,NA,NA,NA,NA,NA,NA,NA,NA,NA,NA,NA,NA,NA,NA,NA,NA,NA,NA,NA,NA,NA,NA,NA,NA,NA,NA,NA,NA,NA,NA,NA,NA,NA,NA,NA,NA,NA,NA,NA,NA,NA,NA,NA,NA,NA,NA,NA,NA,NA,NA,NA,NA,NA,NA,NA,NA,NA,NA,NA,NA,NA,NA,NA,NA,NA,NA,NA,NA,NA,NA,NA,NA,NA,NA,NA,NA,NA,NA,NA,NA,NA,NA,NA,NA,NA,NA,NA,NA,NA,NA,NA,NA,NA,NA,NA,NA,NA,NA,NA,NA,NA,NA,NA,NA,NA,NA,NA,NA,NA,NA,NA,NA,NA,NA,NA,NA,NA,NA,NA,NA,NA,NA,NA,NA,NA,NA,NA,NA,NA,NA,NA,NA,NA,NA,NA,NA,NA,NA,NA,NA,NA,NA,NA,NA,NA,NA,NA,NA,NA,NA,NA,NA,NA,NA,NA,NA,NA,NA,NA,NA,NA,NA,NA,NA,NA,NA,NA,NA,NA,NA,NA,NA,NA,NA,NA,NA,NA,NA,NA,NA,NA,NA,NA,NA,NA,NA,NA,NA,NA,NA,NA,NA,NA,NA,NA,NA,NA,NA,NA,NA,NA,NA,NA,NA,NA,NA,NA,NA,NA,NA,NA,NA,NA,NA,NA,NA,"BlackRock Inflation Protected Bond Portfolio","Open-End Mutual Fund"
"208","7QI077YR4PK6NX1N1I12","7QI077YR4PK6NX1N1I12",200,"7QI077YR4PK6NX1N1I12","PIMCO Emerging Markets Corporate Bond Fund","en",NA,NA,"en","C/O C T CORPORATION SYSTEM",NA,NA,NA,"BOSTON","US-MA","US","02110","en","C/O PACIFIC INVESTMENT MANAGEMENT COMPANY LLC",NA,NA,NA,"NEWPORT BEACH","US-CA","US","92660","RA000665",NA,"S000025820","US","FUND","8888","SUB-FUND",NA,NA,"ACTIVE",NA,NA,NA,NA,NA,2012-10-18 00:00:00,NA,NA,NA,2012-10-19 08:01:00,2025-06-20 17:45:40,"ISSUED",2026-07-07 00:00:00,"5493001KJTIIGC8Y1R12","FULLY_CORROBORATED","RA000665",NA,"S000025820",NA,NA,NA,NA,NA,136598037,"CONFORMING","https://api.gleif.org/api/v1/lei-records/7QI077YR4PK6NX1N1I12/managing-lou","https://api.gleif.org/api/v1/lei-records/7QI077YR4PK6NX1N1I12/lei-issuer","https://api.gleif.org/api/v1/lei-records/7QI077YR4PK6NX1N1I12/field-modifications","https://api.gleif.org/api/v1/lei-records/7QI077YR4PK6NX1N1I12/direct-parent-reporting-exception","https://api.gleif.org/api/v1/lei-records/7QI077YR4PK6NX1N1I12/ultimate-parent-reporting-exception","https://api.gleif.org/api/v1/lei-records/7QI077YR4PK6NX1N1I12/fund-manager","https://api.gleif.org/api/v1/lei-records/7QI077YR4PK6NX1N1I12/fund-manager-relationship",TRUE,NA,"PIMCO Funds - PIMCO Emerging Markets and Infrastructure Bond Fund","en","PREVIOUS_LEGAL_NAME","155 FEDERAL ST.","650 NEWPORT CENTER DRIVE",NA,NA,NA,NA,NA,NA,"https://api.gleif.org/api/v1/lei-records/7QI077YR4PK6NX1N1I12/umbrella-fund","https://api.gleif.org/api/v1/lei-records/7QI077YR4PK6NX1N1I12/umbrella-fund-relationship",NA,NA,NA,NA,NA,NA,"SUITE 700",NA,NA,NA,NA,NA,NA,NA,NA,NA,NA,NA,NA,NA,NA,NA,NA,NA,NA,NA,NA,NA,NA,NA,NA,NA,NA,NA,NA,NA,NA,NA,NA,NA,NA,NA,NA,NA,NA,NA,NA,NA,NA,NA,NA,NA,NA,NA,NA,NA,NA,NA,NA,NA,NA,NA,NA,NA,NA,NA,NA,NA,NA,NA,NA,NA,NA,NA,NA,NA,NA,NA,NA,NA,NA,NA,NA,NA,NA,NA,NA,NA,NA,NA,NA,NA,NA,NA,NA,NA,NA,NA,NA,NA,NA,NA,NA,NA,NA,NA,NA,NA,NA,NA,NA,NA,NA,NA,NA,NA,NA,NA,NA,NA,NA,NA,NA,NA,NA,NA,NA,NA,NA,NA,NA,NA,NA,NA,NA,NA,NA,NA,NA,NA,NA,NA,NA,NA,NA,NA,NA,NA,NA,NA,NA,NA,NA,NA,NA,NA,NA,NA,NA,NA,NA,NA,NA,NA,NA,NA,NA,NA,NA,NA,NA,NA,NA,NA,NA,NA,NA,NA,NA,NA,NA,NA,NA,NA,NA,NA,NA,NA,NA,NA,NA,NA,NA,NA,NA,NA,NA,NA,NA,NA,NA,NA,NA,NA,NA,NA,NA,NA,NA,NA,NA,NA,NA,NA,NA,NA,NA,NA,NA,NA,NA,NA,NA,NA,NA,NA,NA,NA,NA,NA,NA,NA,NA,NA,NA,NA,NA,NA,NA,NA,"PIMCO Emerging Markets Corporate Bond Fund","Open-End Mutual Fund"
"209","7QYFIQP34NJNMEYP7U11","7QYFIQP34NJNMEYP7U11",200,"7QYFIQP34NJNMEYP7U11","PIMCO RAE Fundamental Advantage PLUS Fund","en",NA,NA,"en","C/O C T CORPORATION SYSTEM",NA,NA,NA,"BOSTON","US-MA","US","02110","en","C/O PACIFIC INVESTMENT MANAGEMENT COMPANY LLC",NA,NA,NA,"DOVER","US-DE","US","19904","RA000665",NA,"S000021058","US","FUND","8888","SUB-FUND",NA,NA,"ACTIVE",NA,NA,NA,NA,NA,2012-10-18 00:00:00,NA,NA,NA,2012-10-19 08:06:00,2025-06-19 17:56:19,"ISSUED",2026-07-07 00:00:00,"5493001KJTIIGC8Y1R12","FULLY_CORROBORATED","RA000665",NA,"S000021058",NA,NA,NA,NA,NA,58768226,"CONFORMING","https://api.gleif.org/api/v1/lei-records/7QYFIQP34NJNMEYP7U11/managing-lou","https://api.gleif.org/api/v1/lei-records/7QYFIQP34NJNMEYP7U11/lei-issuer","https://api.gleif.org/api/v1/lei-records/7QYFIQP34NJNMEYP7U11/field-modifications","https://api.gleif.org/api/v1/lei-records/7QYFIQP34NJNMEYP7U11/direct-parent-reporting-exception","https://api.gleif.org/api/v1/lei-records/7QYFIQP34NJNMEYP7U11/ultimate-parent-reporting-exception","https://api.gleif.org/api/v1/lei-records/7QYFIQP34NJNMEYP7U11/fund-manager","https://api.gleif.org/api/v1/lei-records/7QYFIQP34NJNMEYP7U11/fund-manager-relationship",TRUE,NA,"PIMCO Funds - PIMCO Fundamental Advantage Absolute Return Strategy Fund","en","PREVIOUS_LEGAL_NAME","155 FEDERAL ST.","838 WALKER ROAD",NA,NA,NA,NA,NA,NA,"https://api.gleif.org/api/v1/lei-records/7QYFIQP34NJNMEYP7U11/umbrella-fund","https://api.gleif.org/api/v1/lei-records/7QYFIQP34NJNMEYP7U11/umbrella-fund-relationship","SUITE 21-2",NA,NA,"PIMCO Funds - PIMCO Fundamental Advantage Total Return Strategy Fund","en","PREVIOUS_LEGAL_NAME","SUITE 700",NA,NA,NA,NA,NA,NA,NA,NA,NA,NA,NA,NA,NA,NA,NA,NA,NA,NA,NA,NA,NA,NA,NA,NA,NA,NA,NA,NA,NA,NA,NA,NA,NA,NA,NA,NA,NA,NA,NA,NA,NA,NA,NA,NA,NA,NA,NA,NA,NA,NA,NA,NA,"PIMCO Funds - PIMCO RAE Fundamental Advantage PLUS Fund","en","PREVIOUS_LEGAL_NAME",NA,NA,NA,NA,NA,NA,NA,NA,NA,NA,NA,NA,NA,NA,NA,NA,NA,NA,NA,NA,NA,NA,NA,NA,NA,NA,NA,NA,NA,NA,NA,NA,NA,NA,NA,NA,NA,NA,NA,NA,NA,NA,NA,NA,NA,NA,NA,NA,NA,NA,NA,NA,NA,NA,NA,NA,NA,NA,NA,NA,NA,NA,NA,NA,NA,NA,NA,NA,NA,NA,NA,NA,NA,NA,NA,NA,NA,NA,NA,NA,NA,NA,NA,NA,NA,NA,NA,NA,NA,NA,NA,NA,NA,NA,NA,NA,NA,NA,NA,NA,NA,NA,NA,NA,NA,NA,NA,NA,NA,NA,NA,NA,NA,NA,NA,NA,NA,NA,NA,NA,NA,NA,NA,NA,NA,NA,NA,NA,NA,NA,NA,NA,NA,NA,NA,NA,NA,NA,NA,NA,NA,NA,NA,NA,NA,NA,NA,NA,NA,NA,NA,NA,NA,NA,NA,NA,NA,NA,NA,NA,NA,NA,NA,NA,NA,NA,NA,NA,NA,NA,NA,NA,NA,NA,NA,NA,NA,NA,"PIMCO RAE Fundamental Advantage PLUS Fund","Open-End Mutual Fund"
"210","7WSPSGH6AHW0E5SKX275","7WSPSGH6AHW0E5SKX275",200,"7WSPSGH6AHW0E5SKX275","PIMCO Emerging Markets Bond Portfolio","en",NA,NA,"en","C/O THE CORPORATION TRUST COMPANY",NA,NA,NA,"WILMINGTON","US-DE","US","19801","en","C/O PACIFIC INVESTMENT MANAGEMENT COMPANY LLC",NA,NA,NA,"NEWPORT BEACH","US-CA","US","92660","RA000665",NA,"S000009668","US","FUND","8888","SUB-FUND",NA,NA,"ACTIVE",NA,NA,NA,NA,NA,2012-10-18 00:00:00,NA,NA,NA,2012-10-19 08:01:00,2025-06-19 18:30:15,"ISSUED",2026-07-07 00:00:00,"5493001KJTIIGC8Y1R12","FULLY_CORROBORATED","RA000665",NA,"S000009668",NA,NA,NA,NA,NA,106782652,"CONFORMING","https://api.gleif.org/api/v1/lei-records/7WSPSGH6AHW0E5SKX275/managing-lou","https://api.gleif.org/api/v1/lei-records/7WSPSGH6AHW0E5SKX275/lei-issuer","https://api.gleif.org/api/v1/lei-records/7WSPSGH6AHW0E5SKX275/field-modifications","https://api.gleif.org/api/v1/lei-records/7WSPSGH6AHW0E5SKX275/direct-parent-reporting-exception","https://api.gleif.org/api/v1/lei-records/7WSPSGH6AHW0E5SKX275/ultimate-parent-reporting-exception","https://api.gleif.org/api/v1/lei-records/7WSPSGH6AHW0E5SKX275/fund-manager","https://api.gleif.org/api/v1/lei-records/7WSPSGH6AHW0E5SKX275/fund-manager-relationship",TRUE,NA,NA,NA,NA,"CORPORATION TRUST CENTER","650 NEWPORT CENTER DRIVE",NA,NA,NA,NA,NA,NA,"https://api.gleif.org/api/v1/lei-records/7WSPSGH6AHW0E5SKX275/umbrella-fund","https://api.gleif.org/api/v1/lei-records/7WSPSGH6AHW0E5SKX275/umbrella-fund-relationship",NA,NA,NA,NA,NA,NA,"1209 ORANGE ST",NA,NA,NA,NA,NA,NA,NA,NA,NA,NA,NA,NA,NA,NA,NA,NA,NA,NA,NA,NA,NA,NA,NA,NA,NA,NA,NA,NA,NA,NA,NA,NA,NA,NA,NA,NA,NA,NA,NA,NA,NA,NA,NA,NA,NA,NA,NA,NA,NA,NA,NA,NA,NA,NA,NA,NA,NA,NA,NA,NA,NA,NA,NA,NA,NA,NA,NA,NA,NA,NA,NA,NA,NA,NA,NA,NA,NA,NA,NA,NA,NA,NA,NA,NA,NA,NA,NA,NA,NA,NA,NA,NA,NA,NA,NA,NA,NA,NA,NA,NA,NA,NA,NA,NA,NA,NA,NA,NA,NA,NA,NA,NA,NA,NA,NA,NA,NA,NA,NA,NA,NA,NA,NA,NA,NA,NA,NA,NA,NA,NA,NA,NA,NA,NA,NA,NA,NA,NA,NA,NA,NA,NA,NA,NA,NA,NA,NA,NA,NA,NA,NA,NA,NA,NA,NA,NA,NA,NA,NA,NA,NA,NA,NA,NA,NA,NA,NA,NA,NA,NA,NA,NA,NA,NA,NA,NA,NA,NA,NA,NA,NA,NA,NA,NA,NA,NA,NA,NA,NA,NA,NA,NA,NA,NA,NA,NA,NA,NA,NA,NA,NA,NA,NA,NA,NA,NA,NA,NA,NA,NA,NA,NA,NA,NA,NA,NA,NA,NA,NA,NA,NA,NA,NA,NA,NA,NA,NA,NA,NA,NA,NA,NA,NA,"PIMCO Emerging Markets Bond Portfolio","Open-End Mutual Fund"
"211","85CHLOD2DKGZT2I66616","85CHLOD2DKGZT2I66616",200,"85CHLOD2DKGZT2I66616","AST BALANCED ASSET ALLOCATION PORTFOLIO","en",NA,NA,"en","C/O Corporation Service Company",NA,NA,NA,"BOSTON","US-MA","US","02109","en","C/O PGIM Investments LLC",NA,NA,NA,"Newark","US-NJ","US","07102","RA000665",NA,"S000006793","US","FUND","8888","FUND",NA,NA,"ACTIVE",NA,NA,NA,NA,NA,2012-10-23 00:00:00,NA,NA,NA,2012-10-24 14:00:00,2026-04-08 11:45:42,"ISSUED",2027-04-21 15:23:48,"5493001KJTIIGC8Y1R12","FULLY_CORROBORATED","RA000665",NA,"S000006793",NA,NA,NA,NA,NA,39560416,"CONFORMING","https://api.gleif.org/api/v1/lei-records/85CHLOD2DKGZT2I66616/managing-lou","https://api.gleif.org/api/v1/lei-records/85CHLOD2DKGZT2I66616/lei-issuer","https://api.gleif.org/api/v1/lei-records/85CHLOD2DKGZT2I66616/field-modifications","https://api.gleif.org/api/v1/lei-records/85CHLOD2DKGZT2I66616/direct-parent-reporting-exception","https://api.gleif.org/api/v1/lei-records/85CHLOD2DKGZT2I66616/ultimate-parent-reporting-exception","https://api.gleif.org/api/v1/lei-records/85CHLOD2DKGZT2I66616/fund-manager","https://api.gleif.org/api/v1/lei-records/85CHLOD2DKGZT2I66616/fund-manager-relationship",TRUE,NA,NA,NA,NA,"84 State Street","655 Broad St",NA,NA,NA,NA,NA,NA,"https://api.gleif.org/api/v1/lei-records/85CHLOD2DKGZT2I66616/umbrella-fund","https://api.gleif.org/api/v1/lei-records/85CHLOD2DKGZT2I66616/umbrella-fund-relationship","17th Floor",NA,NA,NA,NA,NA,NA,NA,NA,NA,NA,NA,NA,NA,NA,NA,NA,NA,NA,NA,NA,NA,NA,NA,NA,NA,NA,NA,NA,NA,NA,NA,NA,NA,NA,NA,NA,NA,NA,NA,NA,NA,NA,NA,NA,NA,NA,NA,NA,NA,NA,NA,NA,NA,NA,NA,NA,NA,NA,NA,NA,NA,NA,NA,NA,NA,NA,NA,NA,NA,NA,NA,NA,NA,NA,NA,NA,NA,NA,NA,NA,NA,NA,NA,NA,NA,NA,NA,NA,NA,NA,NA,NA,NA,NA,NA,NA,NA,NA,NA,NA,NA,NA,NA,NA,NA,NA,NA,NA,NA,NA,NA,NA,NA,NA,NA,NA,NA,NA,NA,NA,NA,NA,NA,NA,NA,NA,NA,NA,NA,NA,NA,NA,NA,NA,NA,NA,NA,NA,NA,NA,NA,NA,NA,NA,NA,NA,NA,NA,NA,NA,NA,NA,NA,NA,NA,NA,NA,NA,NA,NA,NA,NA,NA,NA,NA,NA,NA,NA,NA,NA,NA,NA,NA,NA,NA,NA,NA,NA,NA,NA,NA,NA,NA,NA,NA,NA,NA,NA,NA,NA,NA,NA,NA,NA,NA,NA,NA,NA,NA,NA,NA,NA,NA,NA,NA,NA,NA,NA,NA,NA,NA,NA,NA,NA,NA,NA,NA,NA,NA,NA,NA,NA,NA,NA,NA,NA,NA,NA,NA,NA,NA,NA,NA,NA,NA,NA,NA,NA,NA,"AST Balanced Asset Allocation Portfolio","Open-End Mutual Fund"
"212","879N34XPZOOCKFD26737","879N34XPZOOCKFD26737",200,"879N34XPZOOCKFD26737","MORGAN STANLEY EMERGING MARKETS DEBT FUND, INC.","en",NA,NA,"en","C/OTHE CORPORATION TRUST, INCORPORATED",NA,NA,NA,"LUTHERVILLE TIMONIUM","US-MD","US","21093-2252","en","C/O Morgan Stanley Investment Management Inc.",NA,NA,NA,"New York","US-NY","US","10036","RA000665",NA,"0000904112","US","FUND","8888","FUND",NA,NA,"ACTIVE",NA,NA,NA,NA,NA,1993-05-05 00:00:00,NA,NA,NA,2012-06-06 15:51:00,2025-04-08 11:50:30,"ISSUED",2026-05-07 15:14:07,"5493001KJTIIGC8Y1R12","FULLY_CORROBORATED","RA000665",NA,"0000904112",NA,NA,NA,NA,NA,7714826,"CONFORMING","https://api.gleif.org/api/v1/lei-records/879N34XPZOOCKFD26737/managing-lou","https://api.gleif.org/api/v1/lei-records/879N34XPZOOCKFD26737/lei-issuer","https://api.gleif.org/api/v1/lei-records/879N34XPZOOCKFD26737/field-modifications","https://api.gleif.org/api/v1/lei-records/879N34XPZOOCKFD26737/direct-parent-reporting-exception","https://api.gleif.org/api/v1/lei-records/879N34XPZOOCKFD26737/ultimate-parent-reporting-exception","https://api.gleif.org/api/v1/lei-records/879N34XPZOOCKFD26737/fund-manager","https://api.gleif.org/api/v1/lei-records/879N34XPZOOCKFD26737/fund-manager-relationship",TRUE,NA,"MORGAN STANLEY DEAN WITTER EMERGING MARKETS DEBT FUND, INC.","en","PREVIOUS_LEGAL_NAME","2405 YORK ROAD","522 5th Avenue",NA,NA,NA,NA,NA,NA,NA,NA,NA,NA,NA,NA,NA,NA,"SUITE 201",NA,NA,NA,NA,NA,NA,"https://api.gleif.org/api/v1/lei-records/879N34XPZOOCKFD26737/isins",NA,NA,NA,NA,NA,NA,NA,NA,NA,NA,NA,NA,NA,NA,NA,NA,NA,NA,NA,NA,NA,NA,NA,NA,NA,NA,NA,NA,NA,NA,NA,NA,NA,NA,NA,NA,NA,NA,NA,NA,NA,NA,NA,NA,NA,NA,NA,NA,NA,NA,NA,NA,NA,NA,NA,NA,NA,NA,NA,NA,NA,NA,NA,NA,NA,NA,NA,NA,NA,NA,NA,NA,NA,NA,NA,NA,NA,NA,NA,NA,NA,NA,NA,NA,NA,NA,NA,NA,NA,NA,NA,NA,NA,NA,NA,NA,NA,NA,NA,NA,NA,NA,NA,NA,NA,NA,NA,NA,NA,NA,NA,NA,NA,NA,NA,NA,NA,NA,NA,NA,NA,NA,NA,NA,NA,NA,NA,NA,NA,NA,NA,NA,NA,NA,NA,NA,NA,NA,NA,NA,NA,NA,NA,NA,NA,NA,NA,NA,NA,NA,NA,NA,NA,NA,NA,NA,NA,NA,NA,NA,NA,NA,NA,NA,NA,NA,NA,NA,NA,NA,NA,NA,NA,NA,NA,NA,NA,NA,NA,NA,NA,NA,NA,NA,NA,NA,NA,NA,NA,NA,NA,NA,NA,NA,NA,NA,NA,NA,NA,NA,NA,NA,NA,NA,NA,NA,NA,NA,NA,NA,NA,NA,NA,NA,NA,NA,NA,NA,NA,NA,NA,NA,NA,NA,NA,NA,"MORGAN STANLEY EMERGING MARKETS DEBT FUND INC","Closed-End Fund"
"213","8FGUWOHBQWO4DNF5PW03","8FGUWOHBQWO4DNF5PW03",200,"8FGUWOHBQWO4DNF5PW03","John Hancock Income Fund","en",NA,NA,"en","601 CONGRESS ST.",NA,NA,NA,"BOSTON","US-MA","US","02210","en","C/O JOHN HANCOCK INVESTMENT MANAGEMENT LLC",NA,NA,NA,"BOSTON","US-MA","US","02116","RA000665",NA,"S000000648","US","FUND","8888","FUND",NA,NA,"ACTIVE",NA,NA,NA,NA,NA,2012-11-26 00:00:00,NA,NA,NA,2012-11-27 20:35:00,2025-09-26 19:36:33,"ISSUED",2026-10-25 00:00:00,"5493001KJTIIGC8Y1R12","FULLY_CORROBORATED","RA000665",NA,"S000000648",NA,NA,NA,NA,NA,28119198,"CONFORMING","https://api.gleif.org/api/v1/lei-records/8FGUWOHBQWO4DNF5PW03/managing-lou","https://api.gleif.org/api/v1/lei-records/8FGUWOHBQWO4DNF5PW03/lei-issuer","https://api.gleif.org/api/v1/lei-records/8FGUWOHBQWO4DNF5PW03/field-modifications","https://api.gleif.org/api/v1/lei-records/8FGUWOHBQWO4DNF5PW03/direct-parent-reporting-exception","https://api.gleif.org/api/v1/lei-records/8FGUWOHBQWO4DNF5PW03/ultimate-parent-reporting-exception","https://api.gleif.org/api/v1/lei-records/8FGUWOHBQWO4DNF5PW03/fund-manager","https://api.gleif.org/api/v1/lei-records/8FGUWOHBQWO4DNF5PW03/fund-manager-relationship",TRUE,NA,"John Hancock Strategic Series - John Hancock Strategic Income Fund","en","PREVIOUS_LEGAL_NAME",NA,"200 BERKELEY ST",NA,NA,NA,NA,NA,NA,"https://api.gleif.org/api/v1/lei-records/8FGUWOHBQWO4DNF5PW03/umbrella-fund","https://api.gleif.org/api/v1/lei-records/8FGUWOHBQWO4DNF5PW03/umbrella-fund-relationship",NA,NA,NA,NA,NA,NA,NA,NA,NA,NA,NA,NA,NA,NA,NA,NA,NA,NA,NA,NA,NA,NA,NA,NA,NA,NA,NA,NA,NA,NA,NA,NA,NA,NA,NA,NA,NA,NA,NA,NA,NA,NA,NA,NA,NA,NA,NA,NA,NA,NA,NA,NA,NA,NA,NA,NA,NA,NA,NA,NA,NA,NA,NA,NA,NA,NA,NA,NA,NA,NA,NA,NA,NA,NA,NA,NA,NA,NA,NA,NA,NA,NA,NA,NA,NA,NA,NA,NA,NA,NA,NA,NA,NA,NA,NA,NA,NA,NA,NA,NA,NA,NA,NA,NA,NA,NA,NA,NA,NA,NA,NA,NA,NA,NA,NA,NA,NA,NA,NA,NA,NA,NA,NA,NA,NA,NA,NA,NA,NA,NA,NA,NA,NA,NA,NA,NA,NA,NA,NA,NA,NA,NA,NA,NA,NA,NA,NA,NA,NA,NA,NA,NA,NA,NA,NA,NA,NA,NA,NA,NA,NA,NA,NA,NA,NA,NA,NA,NA,NA,NA,NA,NA,NA,NA,NA,NA,NA,NA,NA,NA,NA,NA,NA,NA,NA,NA,NA,NA,NA,NA,NA,NA,NA,NA,NA,NA,NA,NA,NA,NA,NA,NA,NA,NA,NA,NA,NA,NA,NA,NA,NA,NA,NA,NA,NA,NA,NA,NA,NA,NA,NA,NA,NA,NA,NA,NA,NA,NA,NA,NA,NA,NA,NA,NA,NA,NA,NA,NA,NA,NA,"John Hancock Income Fund","Open-End Mutual Fund"
"214","8OCFT4TTGW72E43PUE28","8OCFT4TTGW72E43PUE28",200,"8OCFT4TTGW72E43PUE28","Schroders Global Multi-Asset Portfolio","en",NA,NA,"en","C/O THE CORPORATION TRUST COMPANY",NA,NA,NA,"WILMINGTON","US-DE","US","19801","en","C/O SCHRODERS GLOBAL MULTI-ASSET PORTFOLIO",NA,NA,NA,"WILMINGTON","US-DE","US","19801","RA000665",NA,"S000036842","US","FUND","8888","FUND",NA,NA,"ACTIVE",NA,NA,NA,NA,NA,2012-10-11 00:00:00,NA,NA,NA,2012-10-12 18:32:00,2025-11-13 10:41:30,"ISSUED",2026-11-21 18:00:00,"5493001KJTIIGC8Y1R12","FULLY_CORROBORATED","RA000665",NA,"S000036842",NA,NA,NA,NA,NA,206812605,"CONFORMING","https://api.gleif.org/api/v1/lei-records/8OCFT4TTGW72E43PUE28/managing-lou","https://api.gleif.org/api/v1/lei-records/8OCFT4TTGW72E43PUE28/lei-issuer","https://api.gleif.org/api/v1/lei-records/8OCFT4TTGW72E43PUE28/field-modifications","https://api.gleif.org/api/v1/lei-records/8OCFT4TTGW72E43PUE28/direct-parent-reporting-exception","https://api.gleif.org/api/v1/lei-records/8OCFT4TTGW72E43PUE28/ultimate-parent-reporting-exception","https://api.gleif.org/api/v1/lei-records/8OCFT4TTGW72E43PUE28/fund-manager","https://api.gleif.org/api/v1/lei-records/8OCFT4TTGW72E43PUE28/fund-manager-relationship",TRUE,NA,NA,NA,NA,"CORPORATION TRUST CENTER","CORPORATION TRUST CENTER",NA,NA,NA,NA,NA,NA,"https://api.gleif.org/api/v1/lei-records/8OCFT4TTGW72E43PUE28/umbrella-fund","https://api.gleif.org/api/v1/lei-records/8OCFT4TTGW72E43PUE28/umbrella-fund-relationship","1209 ORANGE ST",NA,NA,NA,NA,NA,"1209 ORANGE ST",NA,NA,NA,NA,NA,NA,"https://api.gleif.org/api/v1/lei-records/8OCFT4TTGW72E43PUE28/isins",NA,NA,NA,NA,NA,NA,NA,NA,NA,NA,NA,NA,NA,NA,NA,NA,NA,"https://api.gleif.org/api/v1/lei-records/8OCFT4TTGW72E43PUE28/managed-fund-relationships","https://api.gleif.org/api/v1/lei-records/8OCFT4TTGW72E43PUE28/managed-funds",NA,NA,NA,NA,NA,NA,NA,NA,NA,NA,NA,NA,NA,NA,NA,NA,NA,NA,NA,NA,NA,NA,NA,NA,NA,NA,NA,NA,NA,NA,NA,NA,NA,NA,NA,NA,NA,NA,NA,NA,NA,NA,NA,NA,NA,NA,NA,NA,NA,NA,NA,NA,NA,NA,NA,NA,NA,NA,NA,NA,NA,NA,NA,NA,NA,NA,NA,NA,NA,NA,NA,NA,NA,NA,NA,NA,NA,NA,NA,NA,NA,NA,NA,NA,NA,NA,NA,NA,NA,NA,NA,NA,NA,NA,NA,NA,NA,NA,NA,NA,NA,NA,NA,NA,NA,NA,NA,NA,NA,NA,NA,NA,NA,NA,NA,NA,NA,NA,NA,NA,NA,NA,NA,NA,NA,NA,NA,NA,NA,NA,NA,NA,NA,NA,NA,NA,NA,NA,NA,NA,NA,NA,NA,NA,NA,NA,NA,NA,NA,NA,NA,NA,NA,NA,NA,NA,NA,NA,NA,NA,NA,NA,NA,NA,NA,NA,NA,NA,NA,NA,NA,NA,NA,NA,NA,NA,NA,NA,NA,NA,NA,NA,NA,NA,NA,NA,NA,NA,NA,NA,NA,NA,NA,NA,NA,NA,NA,NA,NA,NA,NA,NA,NA,NA,NA,NA,NA,"Schroders Global Multi-Asset Portfolio","Open-End Mutual Fund"
"215","8X1BHGDQA0LB7ANZ3X51","8X1BHGDQA0LB7ANZ3X51",200,"8X1BHGDQA0LB7ANZ3X51","Goldman Sachs Tax-Advantaged Global Equity Portfolio","en",NA,NA,"en","1201 North Market Street",NA,NA,NA,"Wilmington","US-DE","US","19801","en","200 West Street",NA,NA,"c/o GOLDMAN SACHS ASSET MANAGEMENT, L.P.","New York","US-NY","US","10282","RA000665",NA,"S000018302","US-DE","FUND","8888","Fund",NA,NA,"ACTIVE",NA,NA,NA,NA,NA,2008-04-30 00:00:00,NA,NA,NA,2012-11-21 00:10:00,2026-02-20 21:07:04,"ISSUED",2027-03-01 17:45:00,"529900T8BM49AURSDO55","PARTIALLY_CORROBORATED","RA000665",NA,"S000018302",NA,NA,NA,NA,NA,54420955,"CONFORMING","https://api.gleif.org/api/v1/lei-records/8X1BHGDQA0LB7ANZ3X51/managing-lou","https://api.gleif.org/api/v1/lei-records/8X1BHGDQA0LB7ANZ3X51/lei-issuer","https://api.gleif.org/api/v1/lei-records/8X1BHGDQA0LB7ANZ3X51/field-modifications","https://api.gleif.org/api/v1/lei-records/8X1BHGDQA0LB7ANZ3X51/direct-parent-reporting-exception","https://api.gleif.org/api/v1/lei-records/8X1BHGDQA0LB7ANZ3X51/ultimate-parent-reporting-exception","https://api.gleif.org/api/v1/lei-records/8X1BHGDQA0LB7ANZ3X51/fund-manager","https://api.gleif.org/api/v1/lei-records/8X1BHGDQA0LB7ANZ3X51/fund-manager-relationship",TRUE,NA,NA,NA,NA,"Floor 18",NA,NA,NA,NA,NA,NA,NA,"https://api.gleif.org/api/v1/lei-records/8X1BHGDQA0LB7ANZ3X51/umbrella-fund","https://api.gleif.org/api/v1/lei-records/8X1BHGDQA0LB7ANZ3X51/umbrella-fund-relationship",NA,NA,NA,NA,NA,NA,"P.O. Box 1347",NA,NA,NA,NA,NA,NA,NA,NA,NA,NA,NA,NA,NA,NA,NA,NA,NA,NA,NA,NA,NA,NA,NA,NA,NA,NA,NA,NA,NA,NA,NA,NA,NA,NA,NA,NA,NA,NA,NA,NA,NA,NA,NA,NA,NA,NA,NA,NA,NA,NA,NA,NA,NA,NA,NA,NA,NA,NA,NA,NA,NA,NA,NA,NA,NA,NA,NA,NA,NA,NA,NA,NA,NA,NA,NA,NA,NA,NA,NA,NA,NA,NA,NA,NA,NA,NA,NA,NA,NA,NA,NA,NA,NA,NA,NA,NA,NA,NA,NA,NA,NA,NA,NA,NA,NA,NA,NA,NA,NA,NA,NA,NA,NA,NA,NA,NA,NA,NA,NA,NA,NA,NA,NA,NA,NA,NA,NA,NA,NA,NA,NA,NA,NA,NA,NA,NA,NA,NA,NA,NA,NA,NA,NA,NA,NA,NA,NA,NA,NA,NA,NA,NA,NA,NA,NA,NA,NA,NA,NA,NA,NA,NA,NA,NA,NA,NA,NA,NA,NA,NA,NA,NA,NA,NA,NA,NA,NA,NA,NA,NA,NA,NA,NA,NA,NA,NA,NA,NA,NA,NA,NA,NA,NA,NA,NA,NA,NA,NA,NA,NA,NA,NA,NA,NA,NA,NA,NA,NA,NA,NA,NA,NA,NA,NA,NA,NA,NA,NA,NA,NA,NA,NA,NA,NA,NA,NA,NA,NA,NA,NA,NA,NA,NA,"Goldman Sachs Tax-Advantaged Global Equity Portfolio","Open-End Mutual Fund"
"216","8Z4K1FUQRPCJYKZNOK04","8Z4K1FUQRPCJYKZNOK04",200,"8Z4K1FUQRPCJYKZNOK04","Multi-Manager Alternative Strategies Fund","en",NA,NA,"en","c/o CORPORATION SERVICE COMPANY, 84 STATE ST.",NA,NA,NA,"BOSTON","US-MA","US","02109","en","c/o Columbia Management Investment Advisers, LLC, c/o C T Corporation System Inc, 1010 Dale St N",NA,NA,"c/o Columbia Management Investment Advisers, LLC","St Paul","US-MN","US","55117-5603","RA000665",NA,"S000036207","US-MA","FUND","Z73Z",NA,NA,NA,"ACTIVE",NA,NA,NA,NA,NA,2011-12-14 23:00:00,NA,NA,NA,2012-10-25 10:01:00,2026-03-07 21:12:21,"ISSUED",2027-03-21 14:23:53,"5299000J2N45DDNE4Y28","FULLY_CORROBORATED","RA000665",NA,"S000036207",NA,NA,NA,NA,NA,204954438,"CONFORMING","https://api.gleif.org/api/v1/lei-records/8Z4K1FUQRPCJYKZNOK04/managing-lou","https://api.gleif.org/api/v1/lei-records/8Z4K1FUQRPCJYKZNOK04/lei-issuer","https://api.gleif.org/api/v1/lei-records/8Z4K1FUQRPCJYKZNOK04/field-modifications","https://api.gleif.org/api/v1/lei-records/8Z4K1FUQRPCJYKZNOK04/direct-parent-reporting-exception","https://api.gleif.org/api/v1/lei-records/8Z4K1FUQRPCJYKZNOK04/ultimate-parent-reporting-exception","https://api.gleif.org/api/v1/lei-records/8Z4K1FUQRPCJYKZNOK04/fund-manager","https://api.gleif.org/api/v1/lei-records/8Z4K1FUQRPCJYKZNOK04/fund-manager-relationship",TRUE,NA,NA,NA,NA,NA,NA,NA,NA,NA,NA,NA,NA,"https://api.gleif.org/api/v1/lei-records/8Z4K1FUQRPCJYKZNOK04/umbrella-fund","https://api.gleif.org/api/v1/lei-records/8Z4K1FUQRPCJYKZNOK04/umbrella-fund-relationship",NA,NA,NA,NA,NA,NA,NA,NA,NA,NA,NA,NA,NA,NA,NA,NA,NA,NA,NA,NA,NA,NA,NA,NA,NA,NA,NA,NA,NA,NA,NA,NA,NA,NA,NA,NA,NA,NA,NA,NA,NA,NA,NA,NA,NA,NA,NA,NA,NA,NA,NA,NA,NA,NA,NA,NA,NA,NA,NA,NA,NA,NA,NA,NA,NA,NA,NA,NA,NA,NA,NA,NA,NA,NA,NA,NA,NA,NA,NA,NA,NA,NA,NA,NA,NA,NA,NA,NA,NA,NA,NA,NA,NA,NA,NA,NA,NA,NA,NA,NA,NA,NA,NA,NA,NA,NA,NA,NA,NA,NA,NA,NA,NA,NA,NA,NA,NA,NA,NA,NA,NA,NA,NA,NA,NA,NA,NA,NA,NA,NA,NA,NA,NA,NA,NA,NA,NA,NA,NA,NA,NA,NA,NA,NA,NA,NA,NA,NA,NA,NA,NA,NA,NA,NA,NA,NA,NA,NA,NA,NA,NA,NA,NA,NA,NA,NA,NA,NA,NA,NA,NA,NA,NA,NA,NA,NA,NA,NA,NA,NA,NA,NA,NA,NA,NA,NA,NA,NA,NA,NA,NA,NA,NA,NA,NA,NA,NA,NA,NA,NA,NA,NA,NA,NA,NA,NA,NA,NA,NA,NA,NA,NA,NA,NA,NA,NA,NA,NA,NA,NA,NA,NA,NA,NA,NA,NA,NA,NA,NA,NA,NA,NA,NA,NA,NA,NA,NA,NA,NA,NA,"Multi-Manager Alternative Strategies Fund","Open-End Mutual Fund"
"217","9845004462686F965B86","9845004462686F965B86",200,"9845004462686F965B86","Wellington Global Multi-Strategy Fund","en",NA,NA,"en","251 LITTLE FALLS DRIVE",NA,NA,"c/o CORPORATION SERVICE COMPANY","WILMINGTON","US-DE","US","19808","en","280 CONGRESS STREET",NA,NA,"c/o WELLINGTON MANAGEMENT COMPANY LLP","BOSTON","US-MA","US","02210","RA000665",NA,"0002026275","US-DE","FUND","4FSX",NA,NA,NA,"ACTIVE",NA,NA,NA,NA,NA,2024-05-29 00:00:00,NA,NA,NA,2024-07-12 13:19:09,2026-01-24 14:10:41,"ISSUED",2026-07-12 13:19:11,"529900T8BM49AURSDO55","FULLY_CORROBORATED","RA000665",NA,"0002026275",NA,NA,NA,NA,NA,1884952038,"CONFORMING","https://api.gleif.org/api/v1/lei-records/9845004462686F965B86/managing-lou","https://api.gleif.org/api/v1/lei-records/9845004462686F965B86/lei-issuer","https://api.gleif.org/api/v1/lei-records/9845004462686F965B86/field-modifications","https://api.gleif.org/api/v1/lei-records/9845004462686F965B86/direct-parent-reporting-exception","https://api.gleif.org/api/v1/lei-records/9845004462686F965B86/ultimate-parent-reporting-exception","https://api.gleif.org/api/v1/lei-records/9845004462686F965B86/fund-manager","https://api.gleif.org/api/v1/lei-records/9845004462686F965B86/fund-manager-relationship",TRUE,NA,NA,NA,NA,NA,NA,NA,NA,NA,NA,NA,NA,NA,NA,NA,NA,NA,NA,NA,NA,NA,NA,NA,NA,NA,NA,NA,NA,NA,NA,NA,NA,NA,NA,NA,NA,NA,NA,NA,NA,NA,NA,NA,NA,NA,NA,NA,NA,NA,NA,NA,NA,NA,NA,NA,NA,NA,NA,NA,NA,NA,NA,NA,NA,NA,NA,NA,NA,NA,NA,"RA000602","3788807",NA,NA,NA,NA,NA,NA,NA,NA,NA,NA,NA,NA,NA,NA,NA,NA,NA,NA,NA,NA,NA,NA,NA,NA,NA,NA,NA,NA,NA,NA,NA,NA,NA,NA,NA,NA,NA,NA,NA,NA,NA,NA,NA,NA,NA,NA,NA,NA,NA,NA,NA,NA,NA,NA,NA,NA,NA,NA,NA,NA,NA,NA,NA,NA,NA,NA,NA,NA,NA,NA,NA,NA,NA,NA,NA,NA,NA,NA,NA,NA,NA,NA,NA,NA,NA,NA,NA,NA,NA,NA,NA,NA,NA,NA,NA,NA,NA,NA,NA,NA,NA,NA,NA,NA,NA,NA,NA,NA,NA,NA,NA,NA,NA,NA,NA,NA,NA,NA,NA,NA,NA,NA,NA,NA,NA,NA,NA,NA,NA,NA,NA,NA,NA,NA,NA,NA,NA,NA,NA,NA,NA,NA,NA,NA,NA,NA,NA,NA,NA,NA,NA,NA,NA,NA,NA,NA,NA,NA,NA,NA,NA,NA,NA,NA,NA,NA,NA,NA,NA,NA,NA,NA,NA,NA,NA,NA,NA,NA,NA,NA,NA,NA,"Wellington Global Multi-Strategy Fund","Closed-End Fund"
"218","9BE6SBW2673VQIZ82C44","9BE6SBW2673VQIZ82C44",200,"9BE6SBW2673VQIZ82C44","LOW-DURATION BOND FUND","en",NA,NA,"en","C/O CORPORATION SERVICE COMPANY",NA,NA,NA,"WILMINGTON","US-DE","US","19808","en","C/O GuideStone Capital Management, LLC",NA,NA,NA,"Dallas","US-TX","US","75244","RA000665",NA,"S000001154","US","FUND","8888","SUB FUND",NA,NA,"ACTIVE",NA,NA,NA,NA,NA,2001-08-27 00:00:00,NA,NA,NA,2012-11-19 14:05:00,2025-07-28 16:00:21,"ISSUED",2026-08-21 21:35:00,"5493001KJTIIGC8Y1R12","FULLY_CORROBORATED","RA000665",NA,"S000001154",NA,NA,NA,NA,NA,59704276,"CONFORMING","https://api.gleif.org/api/v1/lei-records/9BE6SBW2673VQIZ82C44/managing-lou","https://api.gleif.org/api/v1/lei-records/9BE6SBW2673VQIZ82C44/lei-issuer","https://api.gleif.org/api/v1/lei-records/9BE6SBW2673VQIZ82C44/field-modifications","https://api.gleif.org/api/v1/lei-records/9BE6SBW2673VQIZ82C44/direct-parent-reporting-exception","https://api.gleif.org/api/v1/lei-records/9BE6SBW2673VQIZ82C44/ultimate-parent-reporting-exception","https://api.gleif.org/api/v1/lei-records/9BE6SBW2673VQIZ82C44/fund-manager","https://api.gleif.org/api/v1/lei-records/9BE6SBW2673VQIZ82C44/fund-manager-relationship",TRUE,NA,NA,NA,NA,"251 LITTLE FALLS DRIVE","5005 Lyndon B Johnson Freeway",NA,NA,NA,NA,NA,NA,"https://api.gleif.org/api/v1/lei-records/9BE6SBW2673VQIZ82C44/umbrella-fund","https://api.gleif.org/api/v1/lei-records/9BE6SBW2673VQIZ82C44/umbrella-fund-relationship","Suite 2200",NA,NA,NA,NA,NA,NA,NA,NA,NA,NA,NA,NA,NA,NA,NA,NA,NA,NA,NA,NA,NA,NA,NA,NA,NA,NA,NA,NA,NA,NA,NA,NA,NA,NA,NA,NA,NA,NA,NA,NA,NA,NA,NA,NA,NA,NA,NA,NA,NA,NA,NA,NA,NA,NA,NA,NA,NA,NA,NA,NA,NA,NA,NA,NA,NA,NA,NA,NA,NA,NA,NA,NA,NA,NA,NA,NA,NA,NA,NA,NA,NA,NA,NA,NA,NA,NA,NA,NA,NA,NA,NA,NA,NA,NA,NA,NA,NA,NA,NA,NA,NA,NA,NA,NA,NA,NA,NA,NA,NA,NA,NA,NA,NA,NA,NA,NA,NA,NA,NA,NA,NA,NA,NA,NA,NA,NA,NA,NA,NA,NA,NA,NA,NA,NA,NA,NA,NA,NA,NA,NA,NA,NA,NA,NA,NA,NA,NA,NA,NA,NA,NA,NA,NA,NA,NA,NA,NA,NA,NA,NA,NA,NA,NA,NA,NA,NA,NA,NA,NA,NA,NA,NA,NA,NA,NA,NA,NA,NA,NA,NA,NA,NA,NA,NA,NA,NA,NA,NA,NA,NA,NA,NA,NA,NA,NA,NA,NA,NA,NA,NA,NA,NA,NA,NA,NA,NA,NA,NA,NA,NA,NA,NA,NA,NA,NA,NA,NA,NA,NA,NA,NA,NA,NA,NA,NA,NA,NA,NA,NA,NA,NA,NA,NA,NA,NA,NA,NA,NA,NA,"Low-Duration Bond Fund","Open-End Mutual Fund"
"219","ARRW3S61ZWIBB3UOV031","ARRW3S61ZWIBB3UOV031",200,"ARRW3S61ZWIBB3UOV031","PIMCO Long Duration Credit Bond Portfolio","en",NA,NA,"en","C/O C T CORPORATION SYSTEM",NA,NA,NA,"BOSTON","US-MA","US","02110","en","C/O PACIFIC INVESTMENT MANAGEMENT COMPANY LLC",NA,NA,NA,"NEWPORT BEACH","US-CA","US","92660","RA000665",NA,"S000024285","US","FUND","8888","SUB-FUND",NA,NA,"ACTIVE",NA,NA,NA,NA,NA,2012-10-18 00:00:00,NA,NA,NA,2012-10-19 08:02:00,2025-06-19 14:01:39,"ISSUED",2026-07-07 00:00:00,"5493001KJTIIGC8Y1R12","FULLY_CORROBORATED","RA000665",NA,"S000024285",NA,NA,NA,NA,NA,99809229,"CONFORMING","https://api.gleif.org/api/v1/lei-records/ARRW3S61ZWIBB3UOV031/managing-lou","https://api.gleif.org/api/v1/lei-records/ARRW3S61ZWIBB3UOV031/lei-issuer","https://api.gleif.org/api/v1/lei-records/ARRW3S61ZWIBB3UOV031/field-modifications","https://api.gleif.org/api/v1/lei-records/ARRW3S61ZWIBB3UOV031/direct-parent-reporting-exception","https://api.gleif.org/api/v1/lei-records/ARRW3S61ZWIBB3UOV031/ultimate-parent-reporting-exception","https://api.gleif.org/api/v1/lei-records/ARRW3S61ZWIBB3UOV031/fund-manager","https://api.gleif.org/api/v1/lei-records/ARRW3S61ZWIBB3UOV031/fund-manager-relationship",TRUE,NA,"PIMCO Funds - PIMCO Long Duration Corporate Bond Portfolio","en","PREVIOUS_LEGAL_NAME","155 FEDERAL ST.","650 NEWPORT CENTER DRIVE",NA,NA,NA,NA,NA,NA,"https://api.gleif.org/api/v1/lei-records/ARRW3S61ZWIBB3UOV031/umbrella-fund","https://api.gleif.org/api/v1/lei-records/ARRW3S61ZWIBB3UOV031/umbrella-fund-relationship",NA,NA,NA,"PIMCO Funds - Private Account Portfolio Series - PIMCO Long Duration Credit Bond Portfolio","en","PREVIOUS_LEGAL_NAME","SUITE 700",NA,NA,NA,NA,NA,NA,NA,NA,NA,NA,NA,NA,NA,NA,NA,NA,NA,NA,NA,NA,NA,NA,NA,NA,NA,NA,NA,NA,NA,NA,NA,NA,NA,NA,NA,NA,NA,NA,NA,NA,NA,NA,NA,NA,NA,NA,NA,NA,NA,NA,NA,NA,NA,NA,NA,NA,NA,NA,NA,NA,NA,NA,NA,NA,NA,NA,NA,NA,NA,NA,NA,NA,NA,NA,NA,NA,NA,NA,NA,NA,NA,NA,NA,NA,NA,NA,NA,NA,NA,NA,NA,NA,NA,NA,NA,NA,NA,NA,NA,NA,NA,NA,NA,NA,NA,NA,NA,NA,NA,NA,NA,NA,NA,NA,NA,NA,NA,NA,NA,NA,NA,NA,NA,NA,NA,NA,NA,NA,NA,NA,NA,NA,NA,NA,NA,NA,NA,NA,NA,NA,NA,NA,NA,NA,NA,NA,NA,NA,NA,NA,NA,NA,NA,NA,NA,NA,NA,NA,NA,NA,NA,NA,NA,NA,NA,NA,NA,NA,NA,NA,NA,NA,NA,NA,NA,NA,NA,NA,NA,NA,NA,NA,NA,NA,NA,NA,NA,NA,NA,NA,NA,NA,NA,NA,NA,NA,NA,NA,NA,NA,NA,NA,NA,NA,NA,NA,NA,NA,NA,NA,NA,NA,NA,NA,NA,NA,NA,NA,NA,NA,NA,NA,NA,NA,NA,NA,NA,NA,NA,NA,NA,NA,NA,"PIMCO Long Duration Credit Bond Portfolio","Open-End Mutual Fund"
"220","B1PXYDSF6QUFPXUM2581","B1PXYDSF6QUFPXUM2581",200,"B1PXYDSF6QUFPXUM2581","THE HARTFORD STRATEGIC INCOME FUND","en",NA,NA,"en","C/O THE CORPORATION TRUST INCORPORATED",NA,NA,NA,"LUTHERVILLE TIMONIUM","US-MD","US","21093-2264","en","C/O HARTFORD FUNDS MANAGEMENT COMPANY, LLC",NA,NA,NA,"WAYNE","US-PA","US","19087","RA000665",NA,"S000017747","US","FUND","8888","SUB-FUND",NA,NA,"ACTIVE",NA,NA,NA,NA,NA,2012-06-05 00:00:00,NA,NA,NA,2012-06-06 15:54:00,2026-01-16 15:50:25,"ISSUED",2027-02-01 00:00:00,"5493001KJTIIGC8Y1R12","FULLY_CORROBORATED","RA000665",NA,"S000017747",NA,NA,NA,NA,NA,60222393,"CONFORMING","https://api.gleif.org/api/v1/lei-records/B1PXYDSF6QUFPXUM2581/managing-lou","https://api.gleif.org/api/v1/lei-records/B1PXYDSF6QUFPXUM2581/lei-issuer","https://api.gleif.org/api/v1/lei-records/B1PXYDSF6QUFPXUM2581/field-modifications","https://api.gleif.org/api/v1/lei-records/B1PXYDSF6QUFPXUM2581/direct-parent-reporting-exception","https://api.gleif.org/api/v1/lei-records/B1PXYDSF6QUFPXUM2581/ultimate-parent-reporting-exception","https://api.gleif.org/api/v1/lei-records/B1PXYDSF6QUFPXUM2581/fund-manager","https://api.gleif.org/api/v1/lei-records/B1PXYDSF6QUFPXUM2581/fund-manager-relationship",TRUE,NA,NA,NA,NA,"2405 YORK ROAD","690 LEE ROAD",NA,NA,NA,NA,NA,NA,"https://api.gleif.org/api/v1/lei-records/B1PXYDSF6QUFPXUM2581/umbrella-fund","https://api.gleif.org/api/v1/lei-records/B1PXYDSF6QUFPXUM2581/umbrella-fund-relationship",NA,NA,NA,NA,NA,NA,"SUITE 201",NA,NA,NA,NA,NA,NA,NA,NA,NA,NA,NA,NA,NA,NA,NA,NA,NA,NA,NA,NA,NA,NA,NA,NA,NA,NA,NA,NA,NA,NA,NA,NA,NA,NA,NA,NA,NA,NA,NA,NA,NA,NA,NA,NA,NA,NA,NA,NA,NA,NA,NA,NA,NA,NA,NA,NA,NA,NA,NA,NA,NA,NA,NA,NA,NA,NA,NA,NA,NA,NA,NA,NA,NA,NA,NA,NA,NA,NA,NA,NA,NA,NA,NA,NA,NA,NA,NA,NA,NA,NA,NA,NA,NA,NA,NA,NA,NA,NA,NA,NA,NA,NA,NA,NA,NA,NA,NA,NA,NA,NA,NA,NA,NA,NA,NA,NA,NA,NA,NA,NA,NA,NA,NA,NA,NA,NA,NA,NA,NA,NA,NA,NA,NA,NA,NA,NA,NA,NA,NA,NA,NA,NA,NA,NA,NA,NA,NA,NA,NA,NA,NA,NA,NA,NA,NA,NA,NA,NA,NA,NA,NA,NA,NA,NA,NA,NA,NA,NA,NA,NA,NA,NA,NA,NA,NA,NA,NA,NA,NA,NA,NA,NA,NA,NA,NA,NA,NA,NA,NA,NA,NA,NA,NA,NA,NA,NA,NA,NA,NA,NA,NA,NA,NA,NA,NA,NA,NA,NA,NA,NA,NA,NA,NA,NA,NA,NA,NA,NA,NA,NA,NA,NA,NA,NA,NA,NA,NA,NA,NA,NA,NA,NA,NA,"THE HARTFORD STRATEGIC INCOME FUND","Open-End Mutual Fund"
"221","B2JY4NU9RPQLDEI8V482","B2JY4NU9RPQLDEI8V482",200,"B2JY4NU9RPQLDEI8V482","PIMCO Moderate Duration Fund","en",NA,NA,"en","C/O C T CORPORATION SYSTEM",NA,NA,NA,"BOSTON","US-MA","US","02110","en","C/O PACIFIC INVESTMENT MANAGEMENT COMPANY LLC",NA,NA,NA,"US","US-DE","US","19904","RA000665",NA,"S000009694","US","FUND","8888","FUND",NA,NA,"ACTIVE",NA,NA,NA,NA,NA,2012-10-18 00:00:00,NA,NA,NA,2012-10-19 08:02:00,2025-06-19 18:09:00,"ISSUED",2026-07-07 00:00:00,"5493001KJTIIGC8Y1R12","FULLY_CORROBORATED","RA000665",NA,"S000009694",NA,NA,NA,NA,NA,33597556,"CONFORMING","https://api.gleif.org/api/v1/lei-records/B2JY4NU9RPQLDEI8V482/managing-lou","https://api.gleif.org/api/v1/lei-records/B2JY4NU9RPQLDEI8V482/lei-issuer","https://api.gleif.org/api/v1/lei-records/B2JY4NU9RPQLDEI8V482/field-modifications","https://api.gleif.org/api/v1/lei-records/B2JY4NU9RPQLDEI8V482/direct-parent-reporting-exception","https://api.gleif.org/api/v1/lei-records/B2JY4NU9RPQLDEI8V482/ultimate-parent-reporting-exception","https://api.gleif.org/api/v1/lei-records/B2JY4NU9RPQLDEI8V482/fund-manager","https://api.gleif.org/api/v1/lei-records/B2JY4NU9RPQLDEI8V482/fund-manager-relationship",TRUE,NA,NA,NA,NA,"155 FEDERAL ST.","838 WALKER ROAD",NA,NA,NA,NA,NA,NA,"https://api.gleif.org/api/v1/lei-records/B2JY4NU9RPQLDEI8V482/umbrella-fund","https://api.gleif.org/api/v1/lei-records/B2JY4NU9RPQLDEI8V482/umbrella-fund-relationship","SUITE 21-2",NA,NA,NA,NA,NA,"SUITE 700",NA,NA,NA,NA,NA,NA,NA,NA,NA,NA,NA,NA,NA,NA,NA,NA,NA,NA,NA,NA,NA,NA,NA,NA,NA,NA,NA,NA,NA,NA,NA,NA,NA,NA,NA,NA,NA,NA,NA,NA,NA,NA,NA,NA,NA,NA,NA,NA,NA,NA,NA,NA,NA,NA,NA,NA,NA,NA,NA,NA,NA,NA,NA,NA,NA,NA,NA,NA,NA,NA,NA,NA,NA,NA,NA,NA,NA,NA,NA,NA,NA,NA,NA,NA,NA,NA,NA,NA,NA,NA,NA,NA,NA,NA,NA,NA,NA,NA,NA,NA,NA,NA,NA,NA,NA,NA,NA,NA,NA,NA,NA,NA,NA,NA,NA,NA,NA,NA,NA,NA,NA,NA,NA,NA,NA,NA,NA,NA,NA,NA,NA,NA,NA,NA,NA,NA,NA,NA,NA,NA,NA,NA,NA,NA,NA,NA,NA,NA,NA,NA,NA,NA,NA,NA,NA,NA,NA,NA,NA,NA,NA,NA,NA,NA,NA,NA,NA,NA,NA,NA,NA,NA,NA,NA,NA,NA,NA,NA,NA,NA,NA,NA,NA,NA,NA,NA,NA,NA,NA,NA,NA,NA,NA,NA,NA,NA,NA,NA,NA,NA,NA,NA,NA,NA,NA,NA,NA,NA,NA,NA,NA,NA,NA,NA,NA,NA,NA,NA,NA,NA,NA,NA,NA,NA,NA,NA,NA,NA,NA,NA,NA,NA,NA,"PIMCO Moderate Duration Fund","Open-End Mutual Fund"
"222","BBUGZQIQV7HQ7WJ85660","BBUGZQIQV7HQ7WJ85660",200,"BBUGZQIQV7HQ7WJ85660","HARTFORD TOTAL RETURN BOND HLS FUND","en",NA,NA,"en","C/O THE CORPORATION TRUST, INCORPORATED",NA,NA,NA,"LUTHERVILLE TIMONIUM","US-MD","US","21093-2264","en","C/O HARTFORD FUNDS MANAGEMENT COMPANY, LLC",NA,NA,NA,"WAYNE","US-PA","US","19087","RA000665",NA,"S000003222","US","FUND","8888","Sub-Fund",NA,NA,"ACTIVE",NA,NA,NA,NA,NA,2012-06-05 00:00:00,NA,NA,NA,2012-06-06 15:54:00,2026-01-16 15:50:25,"ISSUED",2027-02-01 00:00:00,"5493001KJTIIGC8Y1R12","FULLY_CORROBORATED","RA000665",NA,"S000003222",NA,NA,NA,NA,NA,28198096,"CONFORMING","https://api.gleif.org/api/v1/lei-records/BBUGZQIQV7HQ7WJ85660/managing-lou","https://api.gleif.org/api/v1/lei-records/BBUGZQIQV7HQ7WJ85660/lei-issuer","https://api.gleif.org/api/v1/lei-records/BBUGZQIQV7HQ7WJ85660/field-modifications","https://api.gleif.org/api/v1/lei-records/BBUGZQIQV7HQ7WJ85660/direct-parent-reporting-exception","https://api.gleif.org/api/v1/lei-records/BBUGZQIQV7HQ7WJ85660/ultimate-parent-reporting-exception","https://api.gleif.org/api/v1/lei-records/BBUGZQIQV7HQ7WJ85660/fund-manager","https://api.gleif.org/api/v1/lei-records/BBUGZQIQV7HQ7WJ85660/fund-manager-relationship",TRUE,NA,NA,NA,NA,"2405 YORK ROAD","690 LEE ROAD",NA,NA,NA,NA,NA,NA,"https://api.gleif.org/api/v1/lei-records/BBUGZQIQV7HQ7WJ85660/umbrella-fund","https://api.gleif.org/api/v1/lei-records/BBUGZQIQV7HQ7WJ85660/umbrella-fund-relationship",NA,NA,NA,NA,NA,NA,"SUITE 201",NA,NA,NA,NA,NA,NA,NA,NA,NA,NA,NA,NA,NA,NA,NA,NA,NA,NA,NA,NA,NA,NA,NA,NA,NA,NA,NA,NA,NA,NA,NA,NA,NA,NA,NA,NA,NA,NA,NA,NA,NA,NA,NA,NA,NA,NA,NA,NA,NA,NA,NA,NA,NA,NA,NA,NA,NA,NA,NA,NA,NA,NA,NA,NA,NA,NA,NA,NA,NA,NA,NA,NA,NA,NA,NA,NA,NA,NA,NA,NA,NA,NA,NA,NA,NA,NA,NA,NA,NA,NA,NA,NA,NA,NA,NA,NA,NA,NA,NA,NA,NA,NA,NA,NA,NA,NA,NA,NA,NA,NA,NA,NA,NA,NA,NA,NA,NA,NA,NA,NA,NA,NA,NA,NA,NA,NA,NA,NA,NA,NA,NA,NA,NA,NA,NA,NA,NA,NA,NA,NA,NA,NA,NA,NA,NA,NA,NA,NA,NA,NA,NA,NA,NA,NA,NA,NA,NA,NA,NA,NA,NA,NA,NA,NA,NA,NA,NA,NA,NA,NA,NA,NA,NA,NA,NA,NA,NA,NA,NA,NA,NA,NA,NA,NA,NA,NA,NA,NA,NA,NA,NA,NA,NA,NA,NA,NA,NA,NA,NA,NA,NA,NA,NA,NA,NA,NA,NA,NA,NA,NA,NA,NA,NA,NA,NA,NA,NA,NA,NA,NA,NA,NA,NA,NA,NA,NA,NA,NA,NA,NA,NA,NA,NA,"HARTFORD TOTAL RETURN BOND HLS FUND","Open-End Mutual Fund"
"223","BOMMBZZPNQ6DHYXK5N47","BOMMBZZPNQ6DHYXK5N47",200,"BOMMBZZPNQ6DHYXK5N47","BlackRock Core Bond Portfolio","en",NA,NA,"en","c/o C T CORPORATION SYSTEM, 155 FEDERAL ST., SUITE 700",NA,NA,NA,"BOSTON","US-MA","US","02110","en","c/o BLACKROCK ADVISORS, LLC, c/o CORPORATION SERVICE COMPANY, 251 LITTLE FALLS DRIVE",NA,NA,"c/o BLACKROCK ADVISORS, LLC","WILMINGTON","US-DE","US","19808","RA000665",NA,"S000062362","US-MA","FUND","8888","Trust",NA,NA,"ACTIVE",NA,NA,NA,NA,NA,2018-08-29 22:00:00,NA,NA,NA,2012-10-11 13:41:00,2025-11-21 15:04:24,"ISSUED",2027-01-06 10:22:49,"5299000J2N45DDNE4Y28","FULLY_CORROBORATED","RA000665",NA,"S000062362",NA,NA,NA,NA,NA,54467444,"CONFORMING","https://api.gleif.org/api/v1/lei-records/BOMMBZZPNQ6DHYXK5N47/managing-lou","https://api.gleif.org/api/v1/lei-records/BOMMBZZPNQ6DHYXK5N47/lei-issuer","https://api.gleif.org/api/v1/lei-records/BOMMBZZPNQ6DHYXK5N47/field-modifications","https://api.gleif.org/api/v1/lei-records/BOMMBZZPNQ6DHYXK5N47/direct-parent-reporting-exception","https://api.gleif.org/api/v1/lei-records/BOMMBZZPNQ6DHYXK5N47/ultimate-parent-reporting-exception","https://api.gleif.org/api/v1/lei-records/BOMMBZZPNQ6DHYXK5N47/fund-manager","https://api.gleif.org/api/v1/lei-records/BOMMBZZPNQ6DHYXK5N47/fund-manager-relationship",TRUE,NA,NA,NA,NA,NA,NA,NA,NA,NA,NA,NA,NA,"https://api.gleif.org/api/v1/lei-records/BOMMBZZPNQ6DHYXK5N47/umbrella-fund","https://api.gleif.org/api/v1/lei-records/BOMMBZZPNQ6DHYXK5N47/umbrella-fund-relationship",NA,NA,NA,NA,NA,NA,NA,NA,NA,NA,NA,NA,NA,NA,NA,NA,NA,NA,NA,NA,NA,NA,NA,NA,NA,NA,NA,NA,NA,NA,NA,NA,NA,NA,NA,NA,NA,NA,NA,NA,NA,NA,NA,NA,NA,NA,NA,NA,NA,NA,NA,NA,NA,NA,NA,NA,NA,NA,NA,NA,NA,NA,NA,NA,NA,NA,NA,NA,NA,NA,NA,NA,NA,NA,NA,NA,NA,NA,NA,NA,NA,NA,NA,NA,NA,NA,NA,NA,NA,NA,NA,NA,NA,NA,NA,NA,NA,NA,NA,NA,NA,NA,NA,NA,NA,NA,NA,NA,NA,NA,NA,NA,NA,NA,NA,NA,NA,NA,NA,NA,NA,NA,NA,NA,NA,NA,NA,NA,NA,NA,NA,NA,NA,NA,NA,NA,NA,NA,NA,NA,NA,NA,NA,NA,NA,NA,NA,NA,NA,NA,NA,NA,NA,NA,NA,NA,NA,NA,NA,NA,NA,NA,NA,NA,NA,NA,NA,NA,NA,NA,NA,NA,NA,NA,NA,NA,NA,NA,NA,NA,NA,NA,NA,NA,NA,NA,NA,NA,NA,NA,NA,NA,NA,NA,NA,NA,NA,NA,NA,NA,NA,NA,NA,NA,NA,NA,NA,NA,NA,NA,NA,NA,NA,NA,NA,NA,NA,NA,NA,NA,NA,NA,NA,NA,NA,NA,NA,NA,NA,NA,NA,NA,NA,NA,NA,NA,NA,NA,NA,NA,"BlackRock Core Bond Portfolio","Open-End Mutual Fund"
"224","BXX3XUTYG1XCPQ0XZO75","BXX3XUTYG1XCPQ0XZO75",200,"BXX3XUTYG1XCPQ0XZO75","BlackRock Balanced Portfolio","en",NA,NA,"en","c/o THE CORPORATION TRUST INCORPORATED; 2405 YORK ROAD; SUITE 201",NA,NA,NA,"LUTHERVILLE TIMONIUM","US-MD","US","21093-2264","en","c/o BLACKROCK ADVISORS, LLC, c/o CORPORATION SERVICE COMPANY, 251 LITTLE FALLS DRIVE",NA,NA,"c/o BLACKROCK ADVISORS, LLC","Wilmington","US-DE","US","19808","RA000665",NA,"S000003863","US-MD","FUND","HLR4",NA,NA,NA,"ACTIVE",NA,NA,NA,NA,NA,2006-04-20 22:00:00,NA,NA,NA,2012-10-11 13:41:00,2025-11-18 14:23:29,"ISSUED",2026-12-27 13:12:38,"5299000J2N45DDNE4Y28","FULLY_CORROBORATED","RA000665",NA,"S000003863",NA,NA,NA,NA,NA,28112782,"CONFORMING","https://api.gleif.org/api/v1/lei-records/BXX3XUTYG1XCPQ0XZO75/managing-lou","https://api.gleif.org/api/v1/lei-records/BXX3XUTYG1XCPQ0XZO75/lei-issuer","https://api.gleif.org/api/v1/lei-records/BXX3XUTYG1XCPQ0XZO75/field-modifications","https://api.gleif.org/api/v1/lei-records/BXX3XUTYG1XCPQ0XZO75/direct-parent-reporting-exception","https://api.gleif.org/api/v1/lei-records/BXX3XUTYG1XCPQ0XZO75/ultimate-parent-reporting-exception","https://api.gleif.org/api/v1/lei-records/BXX3XUTYG1XCPQ0XZO75/fund-manager","https://api.gleif.org/api/v1/lei-records/BXX3XUTYG1XCPQ0XZO75/fund-manager-relationship",TRUE,NA,"BlackRock Sustainable Balanced Portfolio","en","PREVIOUS_LEGAL_NAME",NA,NA,"STANDALONE","SUPPORTING_DOCUMENTS",2025-04-29 22:00:00,2025-04-30 15:52:29,"CHANGE_LEGAL_NAME","COMPLETED","https://api.gleif.org/api/v1/lei-records/BXX3XUTYG1XCPQ0XZO75/umbrella-fund","https://api.gleif.org/api/v1/lei-records/BXX3XUTYG1XCPQ0XZO75/umbrella-fund-relationship",NA,NA,NA,NA,NA,NA,NA,"STANDALONE","SUPPORTING_DOCUMENTS",2024-12-04 23:00:00,2024-12-05 14:22:00,"CHANGE_LEGAL_FORM","COMPLETED",NA,NA,NA,NA,NA,NA,NA,NA,NA,NA,NA,NA,NA,NA,NA,NA,NA,NA,NA,NA,"STANDALONE","SUPPORTING_DOCUMENTS",2023-11-24 23:00:00,2023-11-25 09:21:22,"CHANGE_HQ_ADDRESS","COMPLETED","STANDALONE","SUPPORTING_DOCUMENTS",2023-11-24 23:00:00,2023-11-25 09:21:22,"CHANGE_LEGAL_ADDRESS","COMPLETED",NA,NA,NA,NA,NA,NA,NA,NA,NA,NA,NA,NA,NA,NA,NA,NA,NA,NA,NA,NA,NA,NA,NA,NA,NA,NA,NA,NA,NA,NA,NA,NA,NA,NA,NA,NA,NA,NA,NA,NA,NA,NA,NA,NA,NA,NA,NA,NA,NA,NA,NA,NA,NA,NA,NA,NA,NA,NA,NA,NA,NA,NA,NA,NA,NA,NA,NA,NA,NA,NA,NA,NA,NA,NA,NA,NA,NA,NA,NA,NA,NA,NA,NA,NA,NA,NA,NA,NA,NA,NA,NA,NA,NA,NA,NA,NA,NA,NA,NA,NA,NA,NA,NA,NA,NA,NA,NA,NA,NA,NA,NA,NA,NA,NA,NA,NA,NA,NA,NA,NA,NA,NA,NA,NA,NA,NA,NA,NA,NA,NA,NA,NA,NA,NA,NA,NA,NA,NA,NA,NA,NA,NA,NA,NA,NA,NA,NA,NA,NA,NA,NA,NA,NA,NA,NA,NA,NA,NA,NA,NA,NA,NA,NA,NA,NA,NA,NA,NA,NA,NA,NA,NA,NA,NA,NA,NA,NA,NA,NA,NA,NA,NA,NA,NA,NA,NA,NA,NA,NA,NA,NA,NA,NA,NA,NA,"BlackRock Balanced Capital Portfolio","Open-End Mutual Fund"
"225","BYCPUE5REOJMYJVG3O25","BYCPUE5REOJMYJVG3O25",200,"BYCPUE5REOJMYJVG3O25","Master Total Return Portfolio","en",NA,NA,"en","c/o THE CORPORATION TRUST COMPANY, CORPORATION TRUST CENTER 1209 ORANGE ST",NA,NA,NA,"WILMINGTON","US-DE","US","19801","en","c/o BLACKROCK ADVISORS, LLC, c/o CORPORATION SERVICE COMPANY, 251 LITTLE FALLS DRIVE",NA,NA,"c/o BLACKROCK ADVISORS, LLC","WILMINGTON","US-DE","US","19808","RA000665",NA,"S000004067","US-DE","FUND","4FSX",NA,NA,NA,"ACTIVE",NA,NA,NA,NA,NA,2004-12-22 23:00:00,NA,NA,NA,2012-11-21 14:05:00,2025-11-22 15:17:22,"ISSUED",2027-01-12 10:07:47,"5299000J2N45DDNE4Y28","FULLY_CORROBORATED","RA000665",NA,"S000004067",NA,NA,NA,NA,NA,33193710,"CONFORMING","https://api.gleif.org/api/v1/lei-records/BYCPUE5REOJMYJVG3O25/managing-lou","https://api.gleif.org/api/v1/lei-records/BYCPUE5REOJMYJVG3O25/lei-issuer","https://api.gleif.org/api/v1/lei-records/BYCPUE5REOJMYJVG3O25/field-modifications","https://api.gleif.org/api/v1/lei-records/BYCPUE5REOJMYJVG3O25/direct-parent-reporting-exception","https://api.gleif.org/api/v1/lei-records/BYCPUE5REOJMYJVG3O25/ultimate-parent-reporting-exception","https://api.gleif.org/api/v1/lei-records/BYCPUE5REOJMYJVG3O25/fund-manager","https://api.gleif.org/api/v1/lei-records/BYCPUE5REOJMYJVG3O25/fund-manager-relationship",TRUE,NA,"MASTER BOND LLC - Master Total Return Portfolio","en","PREVIOUS_LEGAL_NAME",NA,NA,"STANDALONE","SUPPORTING_DOCUMENTS",2023-12-08 23:00:00,2023-12-09 12:07:34,"CHANGE_LEGAL_FORM","COMPLETED","https://api.gleif.org/api/v1/lei-records/BYCPUE5REOJMYJVG3O25/umbrella-fund","https://api.gleif.org/api/v1/lei-records/BYCPUE5REOJMYJVG3O25/umbrella-fund-relationship",NA,NA,NA,NA,NA,NA,NA,"CHANGE_LEGAL_FORM_AND_NAME","SUPPORTING_DOCUMENTS",2023-02-05 23:00:00,2023-02-06 15:19:30,"CHANGE_LEGAL_FORM","COMPLETED",NA,NA,NA,NA,NA,NA,NA,NA,NA,NA,NA,NA,NA,NA,NA,NA,NA,NA,NA,NA,"STANDALONE","SUPPORTING_DOCUMENTS",2023-02-05 23:00:00,2023-02-06 15:19:30,"CHANGE_HQ_ADDRESS","COMPLETED","STANDALONE","SUPPORTING_DOCUMENTS",2023-02-05 23:00:00,2023-02-06 15:19:30,"CHANGE_LEGAL_ADDRESS","COMPLETED",NA,NA,NA,NA,NA,NA,NA,NA,NA,NA,NA,NA,NA,NA,NA,NA,NA,NA,NA,NA,NA,NA,NA,NA,NA,NA,NA,NA,NA,NA,NA,NA,NA,NA,NA,NA,NA,NA,NA,NA,NA,NA,NA,NA,NA,NA,NA,NA,NA,NA,NA,NA,NA,NA,NA,NA,NA,NA,NA,NA,NA,NA,NA,NA,NA,NA,NA,NA,NA,NA,NA,NA,NA,NA,NA,NA,NA,NA,NA,NA,NA,NA,NA,NA,NA,NA,NA,NA,NA,NA,NA,NA,NA,NA,NA,NA,NA,NA,NA,NA,NA,NA,NA,NA,NA,NA,NA,NA,NA,NA,NA,NA,NA,NA,NA,NA,NA,NA,NA,NA,NA,NA,NA,NA,NA,NA,NA,NA,NA,NA,NA,NA,NA,NA,NA,NA,NA,NA,NA,NA,NA,NA,NA,NA,NA,NA,NA,NA,NA,NA,NA,NA,NA,NA,NA,NA,NA,NA,NA,NA,NA,NA,NA,NA,NA,NA,NA,NA,NA,NA,NA,NA,NA,NA,NA,NA,NA,NA,NA,NA,NA,NA,NA,NA,NA,NA,NA,NA,NA,NA,NA,NA,NA,NA,NA,"Master Total Return Portfolio","Open-End Mutual Fund"
"226","C0FSZ71JI1IAVNM4U731","C0FSZ71JI1IAVNM4U731",200,"C0FSZ71JI1IAVNM4U731","PIMCO StocksPLUS Fund","en",NA,NA,"en","C/O C T CORPORATION SYSTEM",NA,NA,NA,"BOSTON","US-MA","US","02110","en","C/O PACIFIC INVESTMENT MANAGEMENT COMPANY LLC",NA,NA,NA,"DOVER","US-CA","US","92660","RA000665",NA,"S000009704","US","FUND","8888","FUND",NA,NA,"ACTIVE",NA,NA,NA,NA,NA,2012-10-23 00:00:00,NA,NA,NA,2012-10-24 09:00:00,2025-06-19 18:33:34,"ISSUED",2026-07-07 00:00:00,"5493001KJTIIGC8Y1R12","FULLY_CORROBORATED","RA000665",NA,"S000009704",NA,NA,NA,NA,NA,33595649,"CONFORMING","https://api.gleif.org/api/v1/lei-records/C0FSZ71JI1IAVNM4U731/managing-lou","https://api.gleif.org/api/v1/lei-records/C0FSZ71JI1IAVNM4U731/lei-issuer","https://api.gleif.org/api/v1/lei-records/C0FSZ71JI1IAVNM4U731/field-modifications","https://api.gleif.org/api/v1/lei-records/C0FSZ71JI1IAVNM4U731/direct-parent-reporting-exception","https://api.gleif.org/api/v1/lei-records/C0FSZ71JI1IAVNM4U731/ultimate-parent-reporting-exception","https://api.gleif.org/api/v1/lei-records/C0FSZ71JI1IAVNM4U731/fund-manager","https://api.gleif.org/api/v1/lei-records/C0FSZ71JI1IAVNM4U731/fund-manager-relationship",TRUE,NA,"PIMCO Funds - PIMCO StocksPLUS® Fund","en","PREVIOUS_LEGAL_NAME","155 FEDERAL ST.","650 Newport Center Drive",NA,NA,NA,NA,NA,NA,"https://api.gleif.org/api/v1/lei-records/C0FSZ71JI1IAVNM4U731/umbrella-fund","https://api.gleif.org/api/v1/lei-records/C0FSZ71JI1IAVNM4U731/umbrella-fund-relationship",NA,NA,NA,NA,NA,NA,"SUITE 700",NA,NA,NA,NA,NA,NA,NA,NA,NA,NA,NA,NA,NA,NA,NA,NA,NA,NA,NA,NA,NA,NA,NA,NA,NA,NA,NA,NA,NA,NA,NA,NA,NA,NA,NA,NA,NA,NA,NA,NA,NA,NA,NA,NA,NA,NA,NA,NA,NA,NA,NA,NA,NA,NA,NA,NA,NA,NA,NA,NA,NA,NA,NA,NA,NA,NA,NA,NA,NA,NA,NA,NA,NA,NA,NA,NA,NA,NA,NA,NA,NA,NA,NA,NA,NA,NA,NA,NA,NA,NA,NA,NA,NA,NA,NA,NA,NA,NA,NA,NA,NA,NA,NA,NA,NA,NA,NA,NA,NA,NA,NA,NA,NA,NA,NA,NA,NA,NA,NA,NA,NA,NA,NA,NA,NA,NA,NA,NA,NA,NA,NA,NA,NA,NA,NA,NA,NA,NA,NA,NA,NA,NA,NA,NA,NA,NA,NA,NA,NA,NA,NA,NA,NA,NA,NA,NA,NA,NA,NA,NA,NA,NA,NA,NA,NA,NA,NA,NA,NA,NA,NA,NA,NA,NA,NA,NA,NA,NA,NA,NA,NA,NA,NA,NA,NA,NA,NA,NA,NA,NA,NA,NA,NA,NA,NA,NA,NA,NA,NA,NA,NA,NA,NA,NA,NA,NA,NA,NA,NA,NA,NA,NA,NA,NA,NA,NA,NA,NA,NA,NA,NA,NA,NA,NA,NA,NA,NA,NA,NA,NA,NA,NA,NA,"PIMCO StocksPLUS  Fund","Open-End Mutual Fund"
"227","CC8M7XFKTNG56DXMAR33","CC8M7XFKTNG56DXMAR33",200,"CC8M7XFKTNG56DXMAR33","BLACKROCK CORE BOND TRUST","en",NA,NA,"en","c/o THE CORPORATION TRUST COMPANY; 1209 ORANGE ST",NA,NA,NA,"WILMINGTON","US-DE","US","19801","en","c/o BLACKROCK ADVISORS, LLC, c/o CORPORATION SERVICE COMPANY, 251 LITTLE FALLS DRIVE",NA,NA,"c/o BLACKROCK ADVISORS, LLC","Wilmington","US-DE","US","19808","RA000602",NA,"3445631","US-DE","FUND","4FSX",NA,NA,NA,"ACTIVE",NA,NA,NA,NA,NA,2001-10-11 22:00:00,NA,NA,NA,2012-10-11 13:41:00,2025-11-22 08:29:56,"ISSUED",2027-01-09 09:34:13,"5299000J2N45DDNE4Y28","FULLY_CORROBORATED","RA000665",NA,"0001160864",NA,NA,NA,NA,NA,3197341,"CONFORMING","https://api.gleif.org/api/v1/lei-records/CC8M7XFKTNG56DXMAR33/managing-lou","https://api.gleif.org/api/v1/lei-records/CC8M7XFKTNG56DXMAR33/lei-issuer","https://api.gleif.org/api/v1/lei-records/CC8M7XFKTNG56DXMAR33/field-modifications","https://api.gleif.org/api/v1/lei-records/CC8M7XFKTNG56DXMAR33/direct-parent-reporting-exception","https://api.gleif.org/api/v1/lei-records/CC8M7XFKTNG56DXMAR33/ultimate-parent-reporting-exception","https://api.gleif.org/api/v1/lei-records/CC8M7XFKTNG56DXMAR33/fund-manager","https://api.gleif.org/api/v1/lei-records/CC8M7XFKTNG56DXMAR33/fund-manager-relationship",TRUE,NA,NA,NA,NA,NA,NA,"STANDALONE","SUPPORTING_DOCUMENTS",2023-12-11 23:00:00,2023-12-12 09:53:00,"CHANGE_HQ_ADDRESS","COMPLETED",NA,NA,NA,NA,NA,NA,NA,NA,NA,NA,NA,NA,NA,NA,NA,"https://api.gleif.org/api/v1/lei-records/CC8M7XFKTNG56DXMAR33/isins",NA,NA,NA,NA,NA,NA,NA,NA,NA,NA,NA,NA,NA,NA,NA,NA,NA,NA,NA,NA,NA,NA,NA,NA,NA,NA,NA,NA,NA,NA,NA,NA,NA,NA,NA,NA,NA,NA,NA,NA,NA,NA,NA,NA,NA,NA,NA,NA,NA,NA,NA,NA,NA,NA,NA,NA,NA,NA,NA,NA,NA,NA,NA,NA,NA,NA,NA,NA,NA,NA,NA,NA,NA,NA,NA,NA,NA,NA,NA,NA,NA,NA,NA,NA,NA,NA,NA,NA,NA,NA,NA,NA,NA,NA,NA,NA,NA,NA,NA,NA,NA,NA,NA,NA,NA,NA,NA,NA,NA,NA,NA,NA,NA,NA,NA,NA,NA,NA,NA,NA,NA,NA,NA,NA,NA,NA,NA,NA,NA,NA,NA,NA,NA,NA,NA,NA,NA,NA,NA,NA,NA,NA,NA,NA,NA,NA,NA,NA,NA,NA,NA,NA,NA,NA,NA,NA,NA,NA,NA,NA,NA,NA,NA,NA,NA,NA,NA,NA,NA,NA,NA,NA,NA,NA,NA,NA,NA,NA,NA,NA,NA,NA,NA,NA,NA,NA,NA,NA,NA,NA,NA,NA,NA,NA,NA,NA,NA,NA,NA,NA,NA,NA,NA,NA,NA,NA,NA,NA,NA,NA,NA,NA,NA,NA,NA,NA,NA,NA,NA,NA,NA,NA,NA,NA,NA,NA,"BlackRock Core Bond Trust","Closed-End Fund"
"228","CTK6OQ0ECNS76TIBBU69","CTK6OQ0ECNS76TIBBU69",200,"CTK6OQ0ECNS76TIBBU69","The Hartford Emerging Markets Local Debt Fund","en",NA,NA,"en","C/O THE CORPORATION TRUST INCORPORATED",NA,NA,NA,"LUTHERVILLE TIMONIUM","US-MD","US","21093-2264","en","C/O HARTFORD FUNDS MANAGEMENT COMPANY, LLC",NA,NA,NA,"WAYNE","US-PA","US","19087","RA000665",NA,"S000032809","US","FUND","8888","SUB-FUND",NA,NA,"ACTIVE",NA,NA,NA,NA,NA,2012-11-25 00:00:00,NA,NA,NA,2012-11-26 16:03:00,2026-01-16 15:50:25,"ISSUED",2027-02-01 00:00:00,"5493001KJTIIGC8Y1R12","FULLY_CORROBORATED","RA000665",NA,"S000032809",NA,NA,NA,NA,NA,129459766,"CONFORMING","https://api.gleif.org/api/v1/lei-records/CTK6OQ0ECNS76TIBBU69/managing-lou","https://api.gleif.org/api/v1/lei-records/CTK6OQ0ECNS76TIBBU69/lei-issuer","https://api.gleif.org/api/v1/lei-records/CTK6OQ0ECNS76TIBBU69/field-modifications","https://api.gleif.org/api/v1/lei-records/CTK6OQ0ECNS76TIBBU69/direct-parent-reporting-exception","https://api.gleif.org/api/v1/lei-records/CTK6OQ0ECNS76TIBBU69/ultimate-parent-reporting-exception","https://api.gleif.org/api/v1/lei-records/CTK6OQ0ECNS76TIBBU69/fund-manager","https://api.gleif.org/api/v1/lei-records/CTK6OQ0ECNS76TIBBU69/fund-manager-relationship",TRUE,NA,NA,NA,NA,"2405 YORK ROAD","690 LEE ROAD",NA,NA,NA,NA,NA,NA,"https://api.gleif.org/api/v1/lei-records/CTK6OQ0ECNS76TIBBU69/umbrella-fund","https://api.gleif.org/api/v1/lei-records/CTK6OQ0ECNS76TIBBU69/umbrella-fund-relationship",NA,NA,NA,NA,NA,NA,"SUITE 201",NA,NA,NA,NA,NA,NA,NA,NA,NA,NA,NA,NA,NA,NA,NA,NA,NA,NA,NA,NA,NA,NA,NA,NA,NA,NA,NA,NA,NA,NA,NA,NA,NA,NA,NA,NA,NA,NA,NA,NA,NA,NA,NA,NA,NA,NA,NA,NA,NA,NA,NA,NA,NA,NA,NA,NA,NA,NA,NA,NA,NA,NA,NA,NA,NA,NA,NA,NA,NA,NA,NA,NA,NA,NA,NA,NA,NA,NA,NA,NA,NA,NA,NA,NA,NA,NA,NA,NA,NA,NA,NA,NA,NA,NA,NA,NA,NA,NA,NA,NA,NA,NA,NA,NA,NA,NA,NA,NA,NA,NA,NA,NA,NA,NA,NA,NA,NA,NA,NA,NA,NA,NA,NA,NA,NA,NA,NA,NA,NA,NA,NA,NA,NA,NA,NA,NA,NA,NA,NA,NA,NA,NA,NA,NA,NA,NA,NA,NA,NA,NA,NA,NA,NA,NA,NA,NA,NA,NA,NA,NA,NA,NA,NA,NA,NA,NA,NA,NA,NA,NA,NA,NA,NA,NA,NA,NA,NA,NA,NA,NA,NA,NA,NA,NA,NA,NA,NA,NA,NA,NA,NA,NA,NA,NA,NA,NA,NA,NA,NA,NA,NA,NA,NA,NA,NA,NA,NA,NA,NA,NA,NA,NA,NA,NA,NA,NA,NA,NA,NA,NA,NA,NA,NA,NA,NA,NA,NA,NA,NA,NA,NA,NA,NA,"The Hartford Emerging Markets Local Debt Fund","Open-End Mutual Fund"
"229","CV9JVC7JWV57MZ536B82","CV9JVC7JWV57MZ536B82",200,"CV9JVC7JWV57MZ536B82","Hartford Multi-Asset Income Fund","en",NA,NA,"en","C/O THE CORPORATION TRUST INCORPORATED",NA,NA,NA,"LUTHERVILLE TIMONIUM","US-MD","US","21093-2264","en","C/O HARTFORD FUNDS MANAGEMENT COMPANY, LLC",NA,NA,NA,"WAYNE","US-PA","US","19087","RA000665",NA,"S000003571","US","FUND","8888","SUB-FUND",NA,NA,"ACTIVE",NA,NA,NA,NA,NA,2012-11-25 00:00:00,NA,NA,NA,2012-11-26 16:03:00,2026-01-16 15:50:25,"ISSUED",2027-02-01 00:00:00,"5493001KJTIIGC8Y1R12","FULLY_CORROBORATED","RA000665",NA,"S000003571",NA,NA,NA,NA,NA,54631516,"CONFORMING","https://api.gleif.org/api/v1/lei-records/CV9JVC7JWV57MZ536B82/managing-lou","https://api.gleif.org/api/v1/lei-records/CV9JVC7JWV57MZ536B82/lei-issuer","https://api.gleif.org/api/v1/lei-records/CV9JVC7JWV57MZ536B82/field-modifications","https://api.gleif.org/api/v1/lei-records/CV9JVC7JWV57MZ536B82/direct-parent-reporting-exception","https://api.gleif.org/api/v1/lei-records/CV9JVC7JWV57MZ536B82/ultimate-parent-reporting-exception","https://api.gleif.org/api/v1/lei-records/CV9JVC7JWV57MZ536B82/fund-manager","https://api.gleif.org/api/v1/lei-records/CV9JVC7JWV57MZ536B82/fund-manager-relationship",TRUE,NA,NA,NA,NA,"2405 YORK ROAD","690 LEE ROAD",NA,NA,NA,NA,NA,NA,"https://api.gleif.org/api/v1/lei-records/CV9JVC7JWV57MZ536B82/umbrella-fund","https://api.gleif.org/api/v1/lei-records/CV9JVC7JWV57MZ536B82/umbrella-fund-relationship",NA,NA,NA,NA,NA,NA,"SUITE 201",NA,NA,NA,NA,NA,NA,NA,NA,NA,NA,NA,NA,NA,NA,NA,NA,NA,NA,NA,NA,NA,NA,NA,NA,NA,NA,NA,NA,NA,NA,NA,NA,NA,NA,NA,NA,NA,NA,NA,NA,NA,NA,NA,NA,NA,NA,NA,NA,NA,NA,NA,NA,NA,NA,NA,NA,NA,NA,NA,NA,NA,NA,NA,NA,NA,NA,NA,NA,NA,NA,NA,NA,NA,NA,NA,NA,NA,NA,NA,NA,NA,NA,NA,NA,NA,NA,NA,NA,NA,NA,NA,NA,NA,NA,NA,NA,NA,NA,NA,NA,NA,NA,NA,NA,NA,NA,NA,NA,NA,NA,NA,NA,NA,NA,NA,NA,NA,NA,NA,NA,NA,NA,NA,NA,NA,NA,NA,NA,NA,NA,NA,NA,NA,NA,NA,NA,NA,NA,NA,NA,NA,NA,NA,NA,NA,NA,NA,NA,NA,NA,NA,NA,NA,NA,NA,NA,NA,NA,NA,NA,NA,NA,NA,NA,NA,NA,NA,NA,NA,NA,NA,NA,NA,NA,NA,NA,NA,NA,NA,NA,NA,NA,NA,NA,NA,NA,NA,NA,NA,NA,NA,NA,NA,NA,NA,NA,NA,NA,NA,NA,NA,NA,NA,NA,NA,NA,NA,NA,NA,NA,NA,NA,NA,NA,NA,NA,NA,NA,NA,NA,NA,NA,NA,NA,NA,NA,NA,NA,NA,NA,NA,NA,NA,"THE HARTFORD BALANCED FUND","Open-End Mutual Fund"
"230","CW3W37V8QY7DVX87PQ66","CW3W37V8QY7DVX87PQ66",200,"CW3W37V8QY7DVX87PQ66","PIMCO GLOBAL STOCKSPLUS & INCOME FUND","en",NA,NA,"en","C/O CORPORATION SERVICE COMPANY",NA,NA,NA,"BOSTON","US-MA","US","02109","en","C/O Pacific Investment Management Company LLC",NA,NA,NA,"Newport Beach","US-CA","US","92660","RA000665",NA,"0001318025","US","FUND","8888","FUND",NA,NA,"ACTIVE",NA,NA,NA,NA,NA,2005-02-15 00:00:00,NA,NA,NA,2012-11-19 17:00:00,2025-06-20 17:00:35,"ISSUED",2026-07-07 00:00:00,"5493001KJTIIGC8Y1R12","FULLY_CORROBORATED","RA000665",NA,"0001318025",NA,NA,NA,NA,NA,21840526,"CONFORMING","https://api.gleif.org/api/v1/lei-records/CW3W37V8QY7DVX87PQ66/managing-lou","https://api.gleif.org/api/v1/lei-records/CW3W37V8QY7DVX87PQ66/lei-issuer","https://api.gleif.org/api/v1/lei-records/CW3W37V8QY7DVX87PQ66/field-modifications","https://api.gleif.org/api/v1/lei-records/CW3W37V8QY7DVX87PQ66/direct-parent-reporting-exception","https://api.gleif.org/api/v1/lei-records/CW3W37V8QY7DVX87PQ66/ultimate-parent-reporting-exception","https://api.gleif.org/api/v1/lei-records/CW3W37V8QY7DVX87PQ66/fund-manager","https://api.gleif.org/api/v1/lei-records/CW3W37V8QY7DVX87PQ66/fund-manager-relationship",TRUE,NA,NA,NA,NA,"84 STATE ST.","650 Newport Center Drive",NA,NA,NA,NA,NA,NA,NA,NA,NA,NA,NA,NA,NA,NA,NA,NA,NA,NA,NA,NA,NA,"https://api.gleif.org/api/v1/lei-records/CW3W37V8QY7DVX87PQ66/isins",NA,NA,NA,NA,NA,NA,NA,NA,NA,NA,NA,NA,NA,NA,NA,NA,NA,NA,NA,NA,NA,NA,NA,NA,NA,NA,NA,NA,NA,NA,NA,NA,NA,NA,NA,NA,NA,NA,NA,NA,NA,NA,NA,NA,NA,NA,NA,NA,NA,NA,NA,NA,NA,NA,NA,NA,NA,NA,NA,NA,NA,NA,NA,NA,NA,NA,NA,NA,NA,NA,NA,NA,NA,NA,NA,NA,NA,NA,NA,NA,NA,NA,NA,NA,NA,NA,NA,NA,NA,NA,NA,NA,NA,NA,NA,NA,NA,NA,NA,NA,NA,NA,NA,NA,NA,NA,NA,NA,NA,NA,NA,NA,NA,NA,NA,NA,NA,NA,NA,NA,NA,NA,NA,NA,NA,NA,NA,NA,NA,NA,NA,NA,NA,NA,NA,NA,NA,NA,NA,NA,NA,NA,NA,NA,NA,NA,NA,NA,NA,NA,NA,NA,NA,NA,NA,NA,NA,NA,NA,NA,NA,NA,NA,NA,NA,NA,NA,NA,NA,NA,NA,NA,NA,NA,NA,NA,NA,NA,NA,NA,NA,NA,NA,NA,NA,NA,NA,NA,NA,NA,NA,NA,NA,NA,NA,NA,NA,NA,NA,NA,NA,NA,NA,NA,NA,NA,NA,NA,NA,NA,NA,NA,NA,NA,NA,NA,NA,NA,NA,NA,NA,NA,NA,NA,NA,NA,"PIMCO Global StocksPLUS & Income Fund","Closed-End Fund"
"231","D8BVB3JRZ75950VGOK95","D8BVB3JRZ75950VGOK95",200,"D8BVB3JRZ75950VGOK95","PIMCO CommodityRealReturn Strategy Fund","en",NA,NA,"en","C/O C T CORPORATION SYSTEM",NA,NA,NA,"BOSTON","US-MA","US","02110","en","C/O PACIFIC INVESTMENT MANAGEMENT COMPANY LLC",NA,NA,NA,"NEWPORT BEACH","US-CA","US","92660","RA000665",NA,"S000009708","US","FUND","8888","FUND",NA,NA,"ACTIVE",NA,NA,NA,NA,NA,2012-10-23 00:00:00,NA,NA,NA,2012-10-24 09:00:00,2025-06-19 17:49:47,"ISSUED",2026-07-07 00:00:00,"5493001KJTIIGC8Y1R12","FULLY_CORROBORATED","RA000665",NA,"S000009708",NA,NA,NA,NA,NA,59315540,"CONFORMING","https://api.gleif.org/api/v1/lei-records/D8BVB3JRZ75950VGOK95/managing-lou","https://api.gleif.org/api/v1/lei-records/D8BVB3JRZ75950VGOK95/lei-issuer","https://api.gleif.org/api/v1/lei-records/D8BVB3JRZ75950VGOK95/field-modifications","https://api.gleif.org/api/v1/lei-records/D8BVB3JRZ75950VGOK95/direct-parent-reporting-exception","https://api.gleif.org/api/v1/lei-records/D8BVB3JRZ75950VGOK95/ultimate-parent-reporting-exception","https://api.gleif.org/api/v1/lei-records/D8BVB3JRZ75950VGOK95/fund-manager","https://api.gleif.org/api/v1/lei-records/D8BVB3JRZ75950VGOK95/fund-manager-relationship",TRUE,NA,NA,NA,NA,"155 FEDERAL ST.","650 NEWPORT CENTER DRIVE",NA,NA,NA,NA,NA,NA,"https://api.gleif.org/api/v1/lei-records/D8BVB3JRZ75950VGOK95/umbrella-fund","https://api.gleif.org/api/v1/lei-records/D8BVB3JRZ75950VGOK95/umbrella-fund-relationship",NA,NA,NA,NA,NA,NA,"SUITE 700",NA,NA,NA,NA,NA,NA,NA,NA,NA,NA,NA,NA,NA,NA,NA,NA,NA,NA,NA,NA,NA,NA,NA,NA,NA,NA,NA,NA,NA,NA,NA,NA,NA,NA,NA,NA,NA,NA,NA,NA,NA,NA,NA,NA,NA,NA,NA,NA,NA,NA,NA,NA,NA,NA,NA,NA,NA,NA,NA,NA,NA,NA,NA,NA,NA,NA,NA,NA,NA,NA,NA,NA,NA,NA,NA,NA,NA,NA,NA,NA,NA,NA,NA,NA,NA,NA,NA,NA,NA,NA,NA,NA,NA,NA,NA,NA,NA,NA,NA,NA,NA,NA,NA,NA,NA,NA,NA,NA,NA,NA,NA,NA,NA,NA,NA,NA,NA,NA,NA,NA,NA,NA,NA,NA,NA,NA,NA,NA,NA,NA,NA,NA,NA,NA,NA,NA,NA,NA,NA,NA,NA,NA,NA,NA,NA,NA,NA,NA,NA,NA,NA,NA,NA,NA,NA,NA,NA,NA,NA,NA,NA,NA,NA,NA,NA,NA,NA,NA,NA,NA,NA,NA,NA,NA,NA,NA,NA,NA,NA,NA,NA,NA,NA,NA,NA,NA,NA,NA,NA,NA,NA,NA,NA,NA,NA,NA,NA,NA,NA,NA,NA,NA,NA,NA,NA,NA,NA,NA,NA,NA,NA,NA,NA,NA,NA,NA,NA,NA,NA,NA,NA,NA,NA,NA,NA,NA,NA,NA,NA,NA,NA,NA,NA,"PIMCO CommodityRealReturn Strategy Fund","Open-End Mutual Fund"
"232","DCZWE085WXOXD94TOE33","DCZWE085WXOXD94TOE33",200,"DCZWE085WXOXD94TOE33","HARTFORD REAL ASSET FUND","en",NA,NA,"en","C/O THE CORPORATION TRUST INCORPORATED",NA,NA,NA,"LUTHERVILLE TIMONIUM","US-MD","US","21093-2264","en","C/O HARTFORD FUNDS MANAGEMENT COMPANY, LLC",NA,NA,NA,"WAYNE","US-PA","US","19087","RA000665",NA,"S000029045","US","FUND","8888","SUB-FUND",NA,NA,"ACTIVE",NA,NA,NA,NA,NA,2012-11-26 00:00:00,NA,NA,NA,2012-11-26 16:03:00,2026-01-16 15:50:26,"ISSUED",2027-02-10 00:00:00,"5493001KJTIIGC8Y1R12","FULLY_CORROBORATED","RA000665",NA,"S000029045",NA,NA,NA,NA,NA,106835988,"CONFORMING","https://api.gleif.org/api/v1/lei-records/DCZWE085WXOXD94TOE33/managing-lou","https://api.gleif.org/api/v1/lei-records/DCZWE085WXOXD94TOE33/lei-issuer","https://api.gleif.org/api/v1/lei-records/DCZWE085WXOXD94TOE33/field-modifications","https://api.gleif.org/api/v1/lei-records/DCZWE085WXOXD94TOE33/direct-parent-reporting-exception","https://api.gleif.org/api/v1/lei-records/DCZWE085WXOXD94TOE33/ultimate-parent-reporting-exception","https://api.gleif.org/api/v1/lei-records/DCZWE085WXOXD94TOE33/fund-manager","https://api.gleif.org/api/v1/lei-records/DCZWE085WXOXD94TOE33/fund-manager-relationship",TRUE,NA,"HARTFORD MUTUAL FUNDS INC - The Hartford Global Real Asset Fund","en","PREVIOUS_LEGAL_NAME","2405 YORK ROAD","690 LEE ROAD",NA,NA,NA,NA,NA,NA,"https://api.gleif.org/api/v1/lei-records/DCZWE085WXOXD94TOE33/umbrella-fund","https://api.gleif.org/api/v1/lei-records/DCZWE085WXOXD94TOE33/umbrella-fund-relationship",NA,NA,NA,NA,NA,NA,"SUITE 201",NA,NA,NA,NA,NA,NA,NA,NA,NA,NA,NA,NA,NA,NA,NA,NA,NA,NA,NA,NA,NA,NA,NA,NA,NA,NA,NA,NA,NA,NA,NA,NA,NA,NA,NA,NA,NA,NA,NA,NA,NA,NA,NA,NA,NA,NA,NA,NA,NA,NA,NA,NA,NA,NA,NA,NA,NA,NA,NA,NA,NA,NA,NA,NA,NA,NA,NA,NA,NA,NA,NA,NA,NA,NA,NA,NA,NA,NA,NA,NA,NA,NA,NA,NA,NA,NA,NA,NA,NA,NA,NA,NA,NA,NA,NA,NA,NA,NA,NA,NA,NA,NA,NA,NA,NA,NA,NA,NA,NA,NA,NA,NA,NA,NA,NA,NA,NA,NA,NA,NA,NA,NA,NA,NA,NA,NA,NA,NA,NA,NA,NA,NA,NA,NA,NA,NA,NA,NA,NA,NA,NA,NA,NA,NA,NA,NA,NA,NA,NA,NA,NA,NA,NA,NA,NA,NA,NA,NA,NA,NA,NA,NA,NA,NA,NA,NA,NA,NA,NA,NA,NA,NA,NA,NA,NA,NA,NA,NA,NA,NA,NA,NA,NA,NA,NA,NA,NA,NA,NA,NA,NA,NA,NA,NA,NA,NA,NA,NA,NA,NA,NA,NA,NA,NA,NA,NA,NA,NA,NA,NA,NA,NA,NA,NA,NA,NA,NA,NA,NA,NA,NA,NA,NA,NA,NA,NA,NA,NA,NA,NA,NA,NA,NA,"The Hartford Global Real Asset Fund","Open-End Mutual Fund"
"233","DEDTN79GLWZ1KEDURI73","DEDTN79GLWZ1KEDURI73",200,"DEDTN79GLWZ1KEDURI73","PIMCO Extended Duration Fund","en",NA,NA,"en","C/O CT CORPORATION SYSTEM",NA,NA,NA,"BOSTON","US-MA","US","02110","en","C/O PACIFIC INVESTMENT MANAGEMENT COMPANY LLC",NA,NA,NA,"DOVER","US-DE","US","19904","RA000665",NA,"S000013233","US","FUND","8888","SUB-FUND",NA,NA,"ACTIVE",NA,NA,NA,NA,NA,2012-10-18 12:00:00,NA,NA,NA,2012-10-19 08:02:00,2025-06-19 13:37:10,"ISSUED",2026-07-07 00:00:00,"5493001KJTIIGC8Y1R12","FULLY_CORROBORATED","RA000665",NA,"S000013233",NA,NA,NA,NA,NA,60046840,"CONFORMING","https://api.gleif.org/api/v1/lei-records/DEDTN79GLWZ1KEDURI73/managing-lou","https://api.gleif.org/api/v1/lei-records/DEDTN79GLWZ1KEDURI73/lei-issuer","https://api.gleif.org/api/v1/lei-records/DEDTN79GLWZ1KEDURI73/field-modifications","https://api.gleif.org/api/v1/lei-records/DEDTN79GLWZ1KEDURI73/direct-parent-reporting-exception","https://api.gleif.org/api/v1/lei-records/DEDTN79GLWZ1KEDURI73/ultimate-parent-reporting-exception","https://api.gleif.org/api/v1/lei-records/DEDTN79GLWZ1KEDURI73/fund-manager","https://api.gleif.org/api/v1/lei-records/DEDTN79GLWZ1KEDURI73/fund-manager-relationship",TRUE,NA,"PIMCO FUNDS - PIMCO Extended Duration Fund","en","PREVIOUS_LEGAL_NAME","155 FEDERAL ST.","838 WALKER ROAD",NA,NA,NA,NA,NA,NA,"https://api.gleif.org/api/v1/lei-records/DEDTN79GLWZ1KEDURI73/umbrella-fund","https://api.gleif.org/api/v1/lei-records/DEDTN79GLWZ1KEDURI73/umbrella-fund-relationship","SUITE 21-2",NA,NA,NA,NA,NA,"SUITE 700",NA,NA,NA,NA,NA,NA,NA,NA,NA,NA,NA,NA,NA,NA,NA,NA,NA,NA,NA,NA,NA,NA,NA,NA,NA,NA,NA,NA,NA,NA,NA,NA,NA,NA,NA,NA,NA,NA,NA,NA,NA,NA,NA,NA,NA,NA,NA,NA,NA,NA,NA,NA,NA,NA,NA,NA,NA,NA,NA,NA,NA,NA,NA,NA,NA,NA,NA,NA,NA,NA,NA,NA,NA,NA,NA,NA,NA,NA,NA,NA,NA,NA,NA,NA,NA,NA,NA,NA,NA,NA,NA,NA,NA,NA,NA,NA,NA,NA,NA,NA,NA,NA,NA,NA,NA,NA,NA,NA,NA,NA,NA,NA,NA,NA,NA,NA,NA,NA,NA,NA,NA,NA,NA,NA,NA,NA,NA,NA,NA,NA,NA,NA,NA,NA,NA,NA,NA,NA,NA,NA,NA,NA,NA,NA,NA,NA,NA,NA,NA,NA,NA,NA,NA,NA,NA,NA,NA,NA,NA,NA,NA,NA,NA,NA,NA,NA,NA,NA,NA,NA,NA,NA,NA,NA,NA,NA,NA,NA,NA,NA,NA,NA,NA,NA,NA,NA,NA,NA,NA,NA,NA,NA,NA,NA,NA,NA,NA,NA,NA,NA,NA,NA,NA,NA,NA,NA,NA,NA,NA,NA,NA,NA,NA,NA,NA,NA,NA,NA,NA,NA,NA,NA,NA,NA,NA,NA,NA,NA,NA,NA,NA,NA,NA,"PIMCO Extended Duration Fund","Open-End Mutual Fund"
"234","DKFEL85SJZHUKV0SC582","DKFEL85SJZHUKV0SC582",200,"DKFEL85SJZHUKV0SC582","Goldman Sachs Absolute Return Tracker Fund","en",NA,NA,"en","1201 North Market Street",NA,NA,NA,"Wilmington","US-DE","US","19801","en","200 West Street",NA,NA,"c/o GOLDMAN SACHS ASSET MANAGEMENT, L.P.","New York","US-NY","US","10282","RA000665",NA,"S000020314","US-DE","FUND","8888","Fund",NA,NA,"ACTIVE",NA,NA,NA,NA,NA,2008-05-30 00:00:00,NA,NA,NA,2012-09-20 17:29:00,2026-01-24 14:10:41,"ISSUED",2027-01-05 20:25:01,"529900T8BM49AURSDO55","PARTIALLY_CORROBORATED","RA000665",NA,"S000020314",NA,NA,NA,NA,NA,60016423,"CONFORMING","https://api.gleif.org/api/v1/lei-records/DKFEL85SJZHUKV0SC582/managing-lou","https://api.gleif.org/api/v1/lei-records/DKFEL85SJZHUKV0SC582/lei-issuer","https://api.gleif.org/api/v1/lei-records/DKFEL85SJZHUKV0SC582/field-modifications","https://api.gleif.org/api/v1/lei-records/DKFEL85SJZHUKV0SC582/direct-parent-reporting-exception","https://api.gleif.org/api/v1/lei-records/DKFEL85SJZHUKV0SC582/ultimate-parent-reporting-exception","https://api.gleif.org/api/v1/lei-records/DKFEL85SJZHUKV0SC582/fund-manager","https://api.gleif.org/api/v1/lei-records/DKFEL85SJZHUKV0SC582/fund-manager-relationship",TRUE,NA,NA,NA,NA,NA,NA,NA,NA,NA,NA,NA,NA,"https://api.gleif.org/api/v1/lei-records/DKFEL85SJZHUKV0SC582/umbrella-fund","https://api.gleif.org/api/v1/lei-records/DKFEL85SJZHUKV0SC582/umbrella-fund-relationship",NA,NA,NA,NA,NA,NA,NA,NA,NA,NA,NA,NA,NA,NA,NA,NA,NA,NA,NA,NA,NA,NA,NA,NA,NA,NA,NA,NA,NA,NA,NA,NA,NA,NA,NA,NA,NA,NA,NA,NA,NA,NA,NA,NA,NA,NA,NA,NA,NA,NA,NA,NA,NA,NA,NA,NA,NA,NA,NA,NA,NA,NA,NA,NA,NA,NA,NA,NA,NA,NA,NA,NA,NA,NA,NA,NA,NA,NA,NA,NA,NA,NA,NA,NA,NA,NA,NA,NA,NA,NA,NA,NA,NA,NA,NA,NA,NA,NA,NA,NA,NA,NA,NA,NA,NA,NA,NA,NA,NA,NA,NA,NA,NA,NA,NA,NA,NA,NA,NA,NA,NA,NA,NA,NA,NA,NA,NA,NA,NA,NA,NA,NA,NA,NA,NA,NA,NA,NA,NA,NA,NA,NA,NA,NA,NA,NA,NA,NA,NA,NA,NA,NA,NA,NA,NA,NA,NA,NA,NA,NA,NA,NA,NA,NA,NA,NA,NA,NA,NA,NA,NA,NA,NA,NA,NA,NA,NA,NA,NA,NA,NA,NA,NA,NA,NA,NA,NA,NA,NA,NA,NA,NA,NA,NA,NA,NA,NA,NA,NA,NA,NA,NA,NA,NA,NA,NA,NA,NA,NA,NA,NA,NA,NA,NA,NA,NA,NA,NA,NA,NA,NA,NA,NA,NA,NA,NA,NA,NA,NA,NA,NA,NA,NA,NA,NA,NA,NA,NA,NA,NA,"Goldman Sachs Absolute Return Tracker Fund","Open-End Mutual Fund"
"235","DP5YBOMA0XM2I3P0Z191","DP5YBOMA0XM2I3P0Z191",200,"DP5YBOMA0XM2I3P0Z191","PIMCO StocksPLUS Absolute Return Fund","en",NA,NA,"en","C/O C T CORPORATION SYSTEM",NA,NA,NA,"BOSTON","US-MA","US","02110","en","C/O PACIFIC INVESTMENT MANAGEMENT COMPANY LLC",NA,NA,NA,"DOVER","US-DE","US","19904","RA000665",NA,"S000009705","US","FUND","8888","SUB-FUND",NA,NA,"ACTIVE",NA,NA,NA,NA,NA,2012-10-23 00:00:00,NA,NA,NA,2012-10-24 09:00:00,2025-06-19 18:31:59,"ISSUED",2026-07-07 00:00:00,"5493001KJTIIGC8Y1R12","FULLY_CORROBORATED","RA000665",NA,"S000009705",NA,NA,NA,NA,NA,43893320,"CONFORMING","https://api.gleif.org/api/v1/lei-records/DP5YBOMA0XM2I3P0Z191/managing-lou","https://api.gleif.org/api/v1/lei-records/DP5YBOMA0XM2I3P0Z191/lei-issuer","https://api.gleif.org/api/v1/lei-records/DP5YBOMA0XM2I3P0Z191/field-modifications","https://api.gleif.org/api/v1/lei-records/DP5YBOMA0XM2I3P0Z191/direct-parent-reporting-exception","https://api.gleif.org/api/v1/lei-records/DP5YBOMA0XM2I3P0Z191/ultimate-parent-reporting-exception","https://api.gleif.org/api/v1/lei-records/DP5YBOMA0XM2I3P0Z191/fund-manager","https://api.gleif.org/api/v1/lei-records/DP5YBOMA0XM2I3P0Z191/fund-manager-relationship",TRUE,NA,"PIMCO FUNDS - PIMCO StocksPLUS Absolute Return Fund","en","PREVIOUS_LEGAL_NAME","155 FEDERAL ST., SUITE 700","838 WALKER ROAD",NA,NA,NA,NA,NA,NA,"https://api.gleif.org/api/v1/lei-records/DP5YBOMA0XM2I3P0Z191/umbrella-fund","https://api.gleif.org/api/v1/lei-records/DP5YBOMA0XM2I3P0Z191/umbrella-fund-relationship","SUITE 21-2",NA,NA,NA,NA,NA,NA,NA,NA,NA,NA,NA,NA,NA,NA,NA,NA,NA,NA,NA,NA,NA,NA,NA,NA,NA,NA,NA,NA,NA,NA,NA,NA,NA,NA,NA,NA,NA,NA,NA,NA,NA,NA,NA,NA,NA,NA,NA,NA,NA,NA,NA,NA,NA,NA,NA,NA,NA,NA,NA,NA,NA,NA,NA,NA,NA,NA,NA,NA,NA,NA,NA,NA,NA,NA,NA,NA,NA,NA,NA,NA,NA,NA,NA,NA,NA,NA,NA,NA,NA,NA,NA,NA,NA,NA,NA,NA,NA,NA,NA,NA,NA,NA,NA,NA,NA,NA,NA,NA,NA,NA,NA,NA,NA,NA,NA,NA,NA,NA,NA,NA,NA,NA,NA,NA,NA,NA,NA,NA,NA,NA,NA,NA,NA,NA,NA,NA,NA,NA,NA,NA,NA,NA,NA,NA,NA,NA,NA,NA,NA,NA,NA,NA,NA,NA,NA,NA,NA,NA,NA,NA,NA,NA,NA,NA,NA,NA,NA,NA,NA,NA,NA,NA,NA,NA,NA,NA,NA,NA,NA,NA,NA,NA,NA,NA,NA,NA,NA,NA,NA,NA,NA,NA,NA,NA,NA,NA,NA,NA,NA,NA,NA,NA,NA,NA,NA,NA,NA,NA,NA,NA,NA,NA,NA,NA,NA,NA,NA,NA,NA,NA,NA,NA,NA,NA,NA,NA,NA,NA,NA,NA,NA,NA,NA,NA,NA,NA,NA,NA,NA,"PIMCO StocksPLUS  Absolute Return Fund","Open-End Mutual Fund"
"236","E5LPIUVQZNA4IY7QBQ29","E5LPIUVQZNA4IY7QBQ29",200,"E5LPIUVQZNA4IY7QBQ29","PIMCO RAE PLUS EMG Fund","en",NA,NA,"en","C/O CT CORPORATION SYSTEM",NA,NA,NA,"BOSTON","US-MA","US","02110","en","C/O PACIFIC INVESTMENT MANAGEMENT COMPANY LLC",NA,NA,NA,"US","US-DE","US","19904","RA000665",NA,"S000023716","US","FUND","8888","FUND",NA,NA,"ACTIVE",NA,NA,NA,NA,NA,2012-10-23 00:00:00,NA,NA,NA,2012-10-24 09:01:00,2025-06-19 18:30:25,"ISSUED",2026-07-07 00:00:00,"5493001KJTIIGC8Y1R12","FULLY_CORROBORATED","RA000665",NA,"S000023716",NA,NA,NA,NA,NA,59315466,"CONFORMING","https://api.gleif.org/api/v1/lei-records/E5LPIUVQZNA4IY7QBQ29/managing-lou","https://api.gleif.org/api/v1/lei-records/E5LPIUVQZNA4IY7QBQ29/lei-issuer","https://api.gleif.org/api/v1/lei-records/E5LPIUVQZNA4IY7QBQ29/field-modifications","https://api.gleif.org/api/v1/lei-records/E5LPIUVQZNA4IY7QBQ29/direct-parent-reporting-exception","https://api.gleif.org/api/v1/lei-records/E5LPIUVQZNA4IY7QBQ29/ultimate-parent-reporting-exception","https://api.gleif.org/api/v1/lei-records/E5LPIUVQZNA4IY7QBQ29/fund-manager","https://api.gleif.org/api/v1/lei-records/E5LPIUVQZNA4IY7QBQ29/fund-manager-relationship",TRUE,NA,"PIMCO Funds - PIMCO RAE Fundamental PLUS EMG Fund","en","PREVIOUS_LEGAL_NAME","155 FEDERAL ST.","838 WALKER ROAD",NA,NA,NA,NA,NA,NA,"https://api.gleif.org/api/v1/lei-records/E5LPIUVQZNA4IY7QBQ29/umbrella-fund","https://api.gleif.org/api/v1/lei-records/E5LPIUVQZNA4IY7QBQ29/umbrella-fund-relationship","SUITE 21-2",NA,NA,"PIMCO FUNDS - PIMCO RAE PLUS EMG Fund","en","PREVIOUS_LEGAL_NAME","SUITE 700",NA,NA,NA,NA,NA,NA,"https://api.gleif.org/api/v1/lei-records/E5LPIUVQZNA4IY7QBQ29/isins",NA,NA,NA,NA,NA,NA,NA,NA,NA,NA,NA,NA,NA,NA,NA,NA,NA,NA,NA,NA,NA,NA,NA,NA,NA,NA,NA,NA,NA,NA,NA,NA,NA,NA,NA,NA,NA,NA,NA,NA,NA,NA,NA,NA,NA,NA,NA,NA,NA,NA,NA,NA,NA,NA,NA,NA,NA,NA,NA,NA,NA,NA,NA,NA,NA,NA,NA,NA,NA,NA,NA,NA,NA,NA,NA,NA,NA,NA,NA,NA,NA,NA,NA,NA,NA,NA,NA,NA,NA,NA,NA,NA,NA,NA,NA,NA,NA,NA,NA,NA,NA,NA,NA,NA,NA,NA,NA,NA,NA,NA,NA,NA,NA,NA,NA,NA,NA,NA,NA,NA,NA,NA,NA,NA,NA,NA,NA,NA,NA,NA,NA,NA,NA,NA,NA,NA,NA,NA,NA,NA,NA,NA,NA,NA,NA,NA,NA,NA,NA,NA,NA,NA,NA,NA,NA,NA,NA,NA,NA,NA,NA,NA,NA,NA,NA,NA,NA,NA,NA,NA,NA,NA,NA,NA,NA,NA,NA,NA,NA,NA,NA,NA,NA,NA,NA,NA,NA,NA,NA,NA,NA,NA,NA,NA,NA,NA,NA,NA,NA,NA,NA,NA,NA,NA,NA,NA,NA,NA,NA,NA,NA,NA,NA,NA,NA,NA,NA,NA,NA,NA,NA,NA,NA,NA,NA,NA,"PIMCO RAE PLUS EMG Fund","Open-End Mutual Fund"
"237","EJTCG40ZNRD9J2UWZ659","EJTCG40ZNRD9J2UWZ659",200,"EJTCG40ZNRD9J2UWZ659","GMO Implementation Fund","en",NA,NA,"en","53 State Street",NA,NA,NA,"Boston","US-MA","US","02109","en","C/O Grantham, Mayo, Van Otterloo & Co. LLC",NA,NA,NA,"Boston","US-MA","US","02109","RA000665",NA,"S000036091","US","FUND","8888","SUB-FUND",NA,NA,"ACTIVE",NA,NA,NA,NA,NA,2012-11-25 12:00:00,NA,NA,NA,2012-11-27 21:05:00,2025-10-06 19:50:59,"ISSUED",2026-11-03 00:00:00,"5493001KJTIIGC8Y1R12","FULLY_CORROBORATED","RA000665",NA,"S000036091",NA,NA,NA,NA,NA,215009207,"CONFORMING","https://api.gleif.org/api/v1/lei-records/EJTCG40ZNRD9J2UWZ659/managing-lou","https://api.gleif.org/api/v1/lei-records/EJTCG40ZNRD9J2UWZ659/lei-issuer","https://api.gleif.org/api/v1/lei-records/EJTCG40ZNRD9J2UWZ659/field-modifications","https://api.gleif.org/api/v1/lei-records/EJTCG40ZNRD9J2UWZ659/direct-parent-reporting-exception","https://api.gleif.org/api/v1/lei-records/EJTCG40ZNRD9J2UWZ659/ultimate-parent-reporting-exception","https://api.gleif.org/api/v1/lei-records/EJTCG40ZNRD9J2UWZ659/fund-manager","https://api.gleif.org/api/v1/lei-records/EJTCG40ZNRD9J2UWZ659/fund-manager-relationship",TRUE,NA,NA,NA,NA,"Suite 3300","53 State Street",NA,NA,NA,NA,NA,NA,"https://api.gleif.org/api/v1/lei-records/EJTCG40ZNRD9J2UWZ659/umbrella-fund","https://api.gleif.org/api/v1/lei-records/EJTCG40ZNRD9J2UWZ659/umbrella-fund-relationship","Floor 33",NA,NA,NA,NA,NA,NA,NA,NA,NA,NA,NA,NA,NA,NA,NA,NA,NA,NA,NA,NA,NA,NA,NA,NA,NA,NA,NA,NA,NA,NA,NA,NA,NA,NA,NA,NA,NA,NA,NA,NA,NA,NA,NA,NA,NA,NA,NA,NA,NA,NA,NA,NA,NA,NA,NA,NA,NA,NA,NA,NA,NA,NA,NA,NA,NA,NA,NA,NA,NA,NA,NA,NA,NA,NA,NA,NA,NA,NA,NA,NA,NA,NA,NA,NA,NA,NA,NA,NA,NA,NA,NA,NA,NA,NA,NA,NA,NA,NA,NA,NA,NA,NA,NA,NA,NA,NA,NA,NA,NA,NA,NA,NA,NA,NA,NA,NA,NA,NA,NA,NA,NA,NA,NA,NA,NA,NA,NA,NA,NA,NA,NA,NA,NA,NA,NA,NA,NA,NA,NA,NA,NA,NA,NA,NA,NA,NA,NA,NA,NA,NA,NA,NA,NA,NA,NA,NA,NA,NA,NA,NA,NA,NA,NA,NA,NA,NA,NA,NA,NA,NA,NA,NA,NA,NA,NA,NA,NA,NA,NA,NA,NA,NA,NA,NA,NA,NA,NA,NA,NA,NA,NA,NA,NA,NA,NA,NA,NA,NA,NA,NA,NA,NA,NA,NA,NA,NA,NA,NA,NA,NA,NA,NA,NA,NA,NA,NA,NA,NA,NA,NA,NA,NA,NA,NA,NA,NA,NA,NA,NA,NA,NA,NA,NA,NA,NA,NA,NA,NA,NA,"GMO Implementation Fund","Open-End Mutual Fund"
"238","ERY81DFZGNQ1I1V32G12","ERY81DFZGNQ1I1V32G12",200,"ERY81DFZGNQ1I1V32G12","Fixed Income SHares: Series R","en",NA,NA,"en","C/O CORPORATION SERVICE COMPANY",NA,NA,NA,"BOSTON","US-MA","US","02109","en","C/O PACIFIC INVESTMENT MANAGEMENT COMPANY LLC",NA,NA,NA,"NEWPORT BEACH","US-CA","US","92660","RA000665",NA,"S000004805","US","FUND","8888","FUND",NA,NA,"ACTIVE",NA,NA,NA,NA,NA,2012-11-18 00:00:00,NA,NA,NA,2012-11-19 17:00:00,2025-06-19 18:46:43,"ISSUED",2026-07-07 00:00:00,"5493001KJTIIGC8Y1R12","FULLY_CORROBORATED","RA000665",NA,"S000004805",NA,NA,NA,NA,NA,60247344,"CONFORMING","https://api.gleif.org/api/v1/lei-records/ERY81DFZGNQ1I1V32G12/managing-lou","https://api.gleif.org/api/v1/lei-records/ERY81DFZGNQ1I1V32G12/lei-issuer","https://api.gleif.org/api/v1/lei-records/ERY81DFZGNQ1I1V32G12/field-modifications","https://api.gleif.org/api/v1/lei-records/ERY81DFZGNQ1I1V32G12/direct-parent-reporting-exception","https://api.gleif.org/api/v1/lei-records/ERY81DFZGNQ1I1V32G12/ultimate-parent-reporting-exception","https://api.gleif.org/api/v1/lei-records/ERY81DFZGNQ1I1V32G12/fund-manager","https://api.gleif.org/api/v1/lei-records/ERY81DFZGNQ1I1V32G12/fund-manager-relationship",TRUE,NA,"AllianzGI Managed Accounts Trust - Fixed Income Shares: Series R","en","PREVIOUS_LEGAL_NAME","84 STATE STREET","650 NEWPORT CENTER DRIVE",NA,NA,NA,NA,NA,NA,"https://api.gleif.org/api/v1/lei-records/ERY81DFZGNQ1I1V32G12/umbrella-fund","https://api.gleif.org/api/v1/lei-records/ERY81DFZGNQ1I1V32G12/umbrella-fund-relationship",NA,NA,NA,"Allianz Global Investors Managed Accounts Trust - Fixed Income SHares: Series R","en","PREVIOUS_LEGAL_NAME",NA,NA,NA,NA,NA,NA,NA,NA,NA,NA,NA,NA,NA,NA,NA,NA,NA,NA,NA,NA,NA,NA,NA,NA,NA,NA,NA,NA,NA,NA,NA,NA,NA,NA,NA,NA,NA,NA,NA,NA,NA,NA,NA,NA,NA,NA,NA,NA,NA,NA,NA,NA,NA,"Fixed Income Shares Trust - Fixed Income Shares: Series R","en","PREVIOUS_LEGAL_NAME","PIMCO Managed Accounts Trust - Fixed Income SHares: Series R","en","PREVIOUS_LEGAL_NAME",NA,NA,NA,NA,NA,NA,NA,NA,NA,NA,NA,NA,NA,NA,NA,NA,NA,NA,NA,NA,NA,NA,NA,NA,NA,NA,NA,NA,NA,NA,NA,NA,NA,NA,NA,NA,NA,NA,NA,NA,NA,NA,NA,NA,NA,NA,NA,NA,NA,NA,NA,NA,NA,NA,NA,NA,NA,NA,NA,NA,NA,NA,NA,NA,NA,NA,NA,NA,NA,NA,NA,NA,NA,NA,NA,NA,NA,NA,NA,NA,NA,NA,NA,NA,NA,NA,NA,NA,NA,NA,NA,NA,NA,NA,NA,NA,NA,NA,NA,NA,NA,NA,NA,NA,NA,NA,NA,NA,NA,NA,NA,NA,NA,NA,NA,NA,NA,NA,NA,NA,NA,NA,NA,NA,NA,NA,NA,NA,NA,NA,NA,NA,NA,NA,NA,NA,NA,NA,NA,NA,NA,NA,NA,NA,NA,NA,NA,NA,NA,NA,NA,NA,NA,NA,NA,NA,NA,NA,NA,NA,NA,NA,NA,NA,NA,NA,NA,NA,NA,NA,NA,NA,NA,NA,NA,"PIMCO Fixed Income SHares: Series R","Open-End Mutual Fund"
"239","F0MWMXS5YG3P711FB044","F0MWMXS5YG3P711FB044",200,"F0MWMXS5YG3P711FB044","PIMCO DYNAMIC INCOME FUND","en",NA,NA,"en","C/O CORPORATION SERVICE COMPANY",NA,NA,NA,"BOSTON","US-MA","US","02109","en","C/O PACIFIC INVESTMENT MANAGEMENT COMPANY LLC",NA,NA,NA,"DOVER","US-DE","US","19904","RA000665",NA,"0001510599","US","FUND","8888","FUND",NA,NA,"ACTIVE",NA,NA,NA,NA,NA,2011-01-19 00:00:00,NA,NA,NA,2012-11-19 17:00:00,2025-06-19 14:27:09,"ISSUED",2026-07-07 00:00:00,"5493001KJTIIGC8Y1R12","FULLY_CORROBORATED","RA000665",NA,"0001510599",NA,NA,NA,NA,NA,172058006,"CONFORMING","https://api.gleif.org/api/v1/lei-records/F0MWMXS5YG3P711FB044/managing-lou","https://api.gleif.org/api/v1/lei-records/F0MWMXS5YG3P711FB044/lei-issuer","https://api.gleif.org/api/v1/lei-records/F0MWMXS5YG3P711FB044/field-modifications","https://api.gleif.org/api/v1/lei-records/F0MWMXS5YG3P711FB044/direct-parent-reporting-exception","https://api.gleif.org/api/v1/lei-records/F0MWMXS5YG3P711FB044/ultimate-parent-reporting-exception","https://api.gleif.org/api/v1/lei-records/F0MWMXS5YG3P711FB044/fund-manager","https://api.gleif.org/api/v1/lei-records/F0MWMXS5YG3P711FB044/fund-manager-relationship",TRUE,NA,NA,NA,NA,"84 STATE ST.","838 WALKER ROAD",NA,NA,NA,NA,NA,NA,NA,NA,"SUITE 21-2",NA,NA,NA,NA,NA,NA,NA,NA,NA,NA,NA,NA,"https://api.gleif.org/api/v1/lei-records/F0MWMXS5YG3P711FB044/isins",NA,NA,NA,NA,NA,NA,NA,NA,NA,NA,NA,NA,NA,NA,NA,NA,NA,NA,NA,NA,NA,NA,NA,NA,NA,NA,NA,NA,NA,NA,NA,NA,NA,NA,NA,NA,NA,NA,NA,NA,NA,NA,NA,NA,NA,NA,NA,NA,NA,NA,NA,NA,NA,NA,NA,NA,NA,NA,NA,NA,NA,NA,NA,NA,NA,NA,NA,NA,NA,NA,NA,NA,NA,NA,NA,NA,NA,NA,NA,NA,NA,NA,NA,NA,NA,NA,NA,NA,NA,NA,NA,NA,NA,NA,NA,NA,NA,NA,NA,NA,NA,NA,NA,NA,NA,NA,NA,NA,NA,NA,NA,NA,NA,NA,NA,NA,NA,NA,NA,NA,NA,NA,NA,NA,NA,NA,NA,NA,NA,NA,NA,NA,NA,NA,NA,NA,NA,NA,NA,NA,NA,NA,NA,NA,NA,NA,NA,NA,NA,NA,NA,NA,NA,NA,NA,NA,NA,NA,NA,NA,NA,NA,NA,NA,NA,NA,NA,NA,NA,NA,NA,NA,NA,NA,NA,NA,NA,NA,NA,NA,NA,NA,NA,NA,NA,NA,NA,NA,NA,NA,NA,NA,NA,NA,NA,NA,NA,NA,NA,NA,NA,NA,NA,NA,NA,NA,NA,NA,NA,NA,NA,NA,NA,NA,NA,NA,NA,NA,NA,NA,NA,NA,NA,NA,NA,NA,"PIMCO Dynamic Income Fund","Closed-End Fund"
"240","FI3TYFAC6Z35DQG3Y659","FI3TYFAC6Z35DQG3Y659",200,"FI3TYFAC6Z35DQG3Y659","PIMCO RAE PLUS Fund","en",NA,NA,"en","C/O C T CORPORATION SYSTEM",NA,NA,NA,"BOSTON","US-MA","US","02110","en","C/O PACIFIC INVESTMENT MANAGEMENT COMPANY LLC",NA,NA,NA,"NEWPORT BEACH","US-CA","US","92660","RA000665",NA,"S000009681","US","FUND","8888","SUB-FUND",NA,NA,"ACTIVE",NA,NA,NA,NA,NA,2012-10-23 00:00:00,NA,NA,NA,2012-10-24 09:00:00,2025-06-20 17:49:41,"ISSUED",2026-07-07 00:00:00,"5493001KJTIIGC8Y1R12","FULLY_CORROBORATED","RA000665",NA,"S000009681",NA,NA,NA,NA,NA,59315097,"CONFORMING","https://api.gleif.org/api/v1/lei-records/FI3TYFAC6Z35DQG3Y659/managing-lou","https://api.gleif.org/api/v1/lei-records/FI3TYFAC6Z35DQG3Y659/lei-issuer","https://api.gleif.org/api/v1/lei-records/FI3TYFAC6Z35DQG3Y659/field-modifications","https://api.gleif.org/api/v1/lei-records/FI3TYFAC6Z35DQG3Y659/direct-parent-reporting-exception","https://api.gleif.org/api/v1/lei-records/FI3TYFAC6Z35DQG3Y659/ultimate-parent-reporting-exception","https://api.gleif.org/api/v1/lei-records/FI3TYFAC6Z35DQG3Y659/fund-manager","https://api.gleif.org/api/v1/lei-records/FI3TYFAC6Z35DQG3Y659/fund-manager-relationship",TRUE,NA,"PIMCO Funds - PIMCO Fundamental IndexPLUS® AR Fund","en","PREVIOUS_LEGAL_NAME","155 FEDERAL ST.","650 NEWPORT CENTER DRIVE",NA,NA,NA,NA,NA,NA,"https://api.gleif.org/api/v1/lei-records/FI3TYFAC6Z35DQG3Y659/umbrella-fund","https://api.gleif.org/api/v1/lei-records/FI3TYFAC6Z35DQG3Y659/umbrella-fund-relationship",NA,NA,NA,"PIMCO Funds - PIMCO Fundamental IndexPLUS® TR Fund","en","PREVIOUS_LEGAL_NAME","SUITE 700",NA,NA,NA,NA,NA,NA,NA,NA,NA,NA,NA,NA,NA,NA,NA,NA,NA,NA,NA,NA,NA,NA,NA,NA,NA,NA,NA,NA,NA,NA,NA,NA,NA,NA,NA,NA,NA,NA,NA,NA,NA,NA,NA,NA,NA,NA,NA,NA,NA,NA,NA,NA,"PIMCO Funds - PIMCO RAE Fundamental PLUS Fund","en","PREVIOUS_LEGAL_NAME","PIMCO FUNDS - PIMCO RAE PLUS Fund","en","PREVIOUS_LEGAL_NAME",NA,NA,NA,NA,NA,NA,NA,NA,NA,NA,NA,NA,NA,NA,NA,NA,NA,NA,NA,NA,NA,NA,NA,NA,NA,NA,NA,NA,NA,NA,NA,NA,NA,NA,NA,NA,NA,NA,NA,NA,NA,NA,NA,NA,NA,NA,NA,NA,NA,NA,NA,NA,NA,NA,NA,NA,NA,NA,NA,NA,NA,NA,NA,NA,NA,NA,NA,NA,NA,NA,NA,NA,NA,NA,NA,NA,NA,NA,NA,NA,NA,NA,NA,NA,NA,NA,NA,NA,NA,NA,NA,NA,NA,NA,NA,NA,NA,NA,NA,NA,NA,NA,NA,NA,NA,NA,NA,NA,NA,NA,NA,NA,NA,NA,NA,NA,NA,NA,NA,NA,NA,NA,NA,NA,NA,NA,NA,NA,NA,NA,NA,NA,NA,NA,NA,NA,NA,NA,NA,NA,NA,NA,NA,NA,NA,NA,NA,NA,NA,NA,NA,NA,NA,NA,NA,NA,NA,NA,NA,NA,NA,NA,NA,NA,NA,NA,NA,NA,NA,NA,NA,NA,NA,NA,NA,"PIMCO RAE PLUS Fund","Open-End Mutual Fund"
"241","FRE2ROMRMC2BDS43QJ31","FRE2ROMRMC2BDS43QJ31",200,"FRE2ROMRMC2BDS43QJ31","PIMCO RAE PLUS International Fund","en",NA,NA,"en","C/O CT CORPORATION SYSTEM",NA,NA,NA,"BOSTON","US-MA","US","02110","en","C/O PACIFIC INVESTMENT MANAGEMENT COMPANY LLC",NA,NA,NA,"DOVER","US-DE","US","19904","RA000665",NA,"S000032698","US","FUND","8888","FUND",NA,NA,"ACTIVE",NA,NA,NA,NA,NA,2012-10-23 00:00:00,NA,NA,NA,2012-10-24 09:00:00,2025-06-19 19:00:04,"ISSUED",2026-07-07 00:00:00,"5493001KJTIIGC8Y1R12","FULLY_CORROBORATED","RA000665",NA,"S000032698",NA,NA,NA,NA,NA,133308362,"CONFORMING","https://api.gleif.org/api/v1/lei-records/FRE2ROMRMC2BDS43QJ31/managing-lou","https://api.gleif.org/api/v1/lei-records/FRE2ROMRMC2BDS43QJ31/lei-issuer","https://api.gleif.org/api/v1/lei-records/FRE2ROMRMC2BDS43QJ31/field-modifications","https://api.gleif.org/api/v1/lei-records/FRE2ROMRMC2BDS43QJ31/direct-parent-reporting-exception","https://api.gleif.org/api/v1/lei-records/FRE2ROMRMC2BDS43QJ31/ultimate-parent-reporting-exception","https://api.gleif.org/api/v1/lei-records/FRE2ROMRMC2BDS43QJ31/fund-manager","https://api.gleif.org/api/v1/lei-records/FRE2ROMRMC2BDS43QJ31/fund-manager-relationship",TRUE,NA,"PIMCO FUNDS - PIMCO RAE PLUS International Fund","en","PREVIOUS_LEGAL_NAME","155 FEDERAL ST.","838 WALKER ROAD",NA,NA,NA,NA,NA,NA,"https://api.gleif.org/api/v1/lei-records/FRE2ROMRMC2BDS43QJ31/umbrella-fund","https://api.gleif.org/api/v1/lei-records/FRE2ROMRMC2BDS43QJ31/umbrella-fund-relationship","SUITE 21-2",NA,NA,NA,NA,NA,"SUITE 700",NA,NA,NA,NA,NA,NA,NA,NA,NA,NA,NA,NA,NA,NA,NA,NA,NA,NA,NA,NA,NA,NA,NA,NA,NA,NA,NA,NA,NA,NA,NA,NA,NA,NA,NA,NA,NA,NA,NA,NA,NA,NA,NA,NA,NA,NA,NA,NA,NA,NA,NA,NA,NA,NA,NA,NA,NA,NA,NA,NA,NA,NA,NA,NA,NA,NA,NA,NA,NA,NA,NA,NA,NA,NA,NA,NA,NA,NA,NA,NA,NA,NA,NA,NA,NA,NA,NA,NA,NA,NA,NA,NA,NA,NA,NA,NA,NA,NA,NA,NA,NA,NA,NA,NA,NA,NA,NA,NA,NA,NA,NA,NA,NA,NA,NA,NA,NA,NA,NA,NA,NA,NA,NA,NA,NA,NA,NA,NA,NA,NA,NA,NA,NA,NA,NA,NA,NA,NA,NA,NA,NA,NA,NA,NA,NA,NA,NA,NA,NA,NA,NA,NA,NA,NA,NA,NA,NA,NA,NA,NA,NA,NA,NA,NA,NA,NA,NA,NA,NA,NA,NA,NA,NA,NA,NA,NA,NA,NA,NA,NA,NA,NA,NA,NA,NA,NA,NA,NA,NA,NA,NA,NA,NA,NA,NA,NA,NA,NA,NA,NA,NA,NA,NA,NA,NA,NA,NA,NA,NA,NA,NA,NA,NA,NA,NA,NA,NA,NA,NA,NA,NA,NA,NA,NA,NA,NA,NA,NA,NA,NA,NA,NA,NA,"PIMCO RAE PLUS International Fund","Open-End Mutual Fund"
"242","FREHSUZCHJI3D2JRSZ18","FREHSUZCHJI3D2JRSZ18",200,"FREHSUZCHJI3D2JRSZ18","PIMCO Inflation Protected Bond Portfolio","en",NA,NA,"en","C/O THE CORPORATION TRUST COMPANY",NA,NA,NA,"WILMINGTON","US-DE","US","19801","en","C/O PIMCO Inflation Protected Bond Portfolio",NA,NA,NA,"Boston","US-MA","US","02110","RA000665",NA,"S000011099","US","FUND","8888","FUND",NA,NA,"ACTIVE",NA,NA,NA,NA,NA,2016-12-31 00:00:00,NA,NA,NA,2012-11-19 14:10:00,2025-10-09 18:34:42,"ISSUED",2026-10-14 18:00:00,"5493001KJTIIGC8Y1R12","FULLY_CORROBORATED","RA000665",NA,"S000011099",NA,NA,NA,NA,NA,28114061,"CONFORMING","https://api.gleif.org/api/v1/lei-records/FREHSUZCHJI3D2JRSZ18/managing-lou","https://api.gleif.org/api/v1/lei-records/FREHSUZCHJI3D2JRSZ18/lei-issuer","https://api.gleif.org/api/v1/lei-records/FREHSUZCHJI3D2JRSZ18/field-modifications","https://api.gleif.org/api/v1/lei-records/FREHSUZCHJI3D2JRSZ18/direct-parent-reporting-exception","https://api.gleif.org/api/v1/lei-records/FREHSUZCHJI3D2JRSZ18/ultimate-parent-reporting-exception","https://api.gleif.org/api/v1/lei-records/FREHSUZCHJI3D2JRSZ18/fund-manager","https://api.gleif.org/api/v1/lei-records/FREHSUZCHJI3D2JRSZ18/fund-manager-relationship",TRUE,NA,NA,NA,NA,"CORPORATION TRUST CENTER","125 High Street",NA,NA,NA,NA,NA,NA,"https://api.gleif.org/api/v1/lei-records/FREHSUZCHJI3D2JRSZ18/umbrella-fund","https://api.gleif.org/api/v1/lei-records/FREHSUZCHJI3D2JRSZ18/umbrella-fund-relationship","Suite 732",NA,NA,NA,NA,NA,"1209 ORANGE ST",NA,NA,NA,NA,NA,NA,NA,NA,NA,NA,NA,NA,NA,NA,NA,NA,NA,NA,NA,NA,NA,NA,NA,NA,"https://api.gleif.org/api/v1/lei-records/FREHSUZCHJI3D2JRSZ18/managed-fund-relationships","https://api.gleif.org/api/v1/lei-records/FREHSUZCHJI3D2JRSZ18/managed-funds",NA,NA,NA,NA,NA,NA,NA,NA,NA,NA,NA,NA,NA,NA,NA,NA,NA,NA,NA,NA,NA,NA,NA,NA,NA,NA,NA,NA,NA,NA,NA,NA,NA,NA,NA,NA,NA,NA,NA,NA,NA,NA,NA,NA,NA,NA,NA,NA,NA,NA,NA,NA,NA,NA,NA,NA,NA,NA,NA,NA,NA,NA,NA,NA,NA,NA,NA,NA,NA,NA,NA,NA,NA,NA,NA,NA,NA,NA,NA,NA,NA,NA,NA,NA,NA,NA,NA,NA,NA,NA,NA,NA,NA,NA,NA,NA,NA,NA,NA,NA,NA,NA,NA,NA,NA,NA,NA,NA,NA,NA,NA,NA,NA,NA,NA,NA,NA,NA,NA,NA,NA,NA,NA,NA,NA,NA,NA,NA,NA,NA,NA,NA,NA,NA,NA,NA,NA,NA,NA,NA,NA,NA,NA,NA,NA,NA,NA,NA,NA,NA,NA,NA,NA,NA,NA,NA,NA,NA,NA,NA,NA,NA,NA,NA,NA,NA,NA,NA,NA,NA,NA,NA,NA,NA,NA,NA,NA,NA,NA,NA,NA,NA,NA,NA,NA,NA,NA,NA,NA,NA,NA,NA,NA,NA,NA,NA,NA,NA,NA,NA,NA,NA,NA,NA,NA,NA,NA,"PIMCO Inflation Protected Bond Portfolio","Open-End Mutual Fund"
"243","FRJ7V25Z5QJXHX7GVH84","FRJ7V25Z5QJXHX7GVH84",200,"FRJ7V25Z5QJXHX7GVH84","Strategic Income Opportunities Fund","en",NA,NA,"en","601 Congress Street",NA,NA,NA,"Boston","US-MA","US","02210","en","C/O John Hancock Investment Management LLC",NA,NA,NA,"Boston","US-MA","US","02116","RA000665",NA,"S000009820","US","FUND","8888","Sub-Fund",NA,NA,"ACTIVE",NA,NA,NA,NA,NA,2006-04-28 00:00:00,NA,NA,NA,2012-11-27 20:35:00,2025-09-26 19:36:30,"ISSUED",2026-10-25 00:00:00,"5493001KJTIIGC8Y1R12","FULLY_CORROBORATED","RA000665",NA,"S000009820",NA,NA,NA,NA,NA,104546189,"CONFORMING","https://api.gleif.org/api/v1/lei-records/FRJ7V25Z5QJXHX7GVH84/managing-lou","https://api.gleif.org/api/v1/lei-records/FRJ7V25Z5QJXHX7GVH84/lei-issuer","https://api.gleif.org/api/v1/lei-records/FRJ7V25Z5QJXHX7GVH84/field-modifications","https://api.gleif.org/api/v1/lei-records/FRJ7V25Z5QJXHX7GVH84/direct-parent-reporting-exception","https://api.gleif.org/api/v1/lei-records/FRJ7V25Z5QJXHX7GVH84/ultimate-parent-reporting-exception","https://api.gleif.org/api/v1/lei-records/FRJ7V25Z5QJXHX7GVH84/fund-manager","https://api.gleif.org/api/v1/lei-records/FRJ7V25Z5QJXHX7GVH84/fund-manager-relationship",TRUE,NA,NA,NA,NA,NA,"200 Berkeley St",NA,NA,NA,NA,NA,NA,"https://api.gleif.org/api/v1/lei-records/FRJ7V25Z5QJXHX7GVH84/umbrella-fund","https://api.gleif.org/api/v1/lei-records/FRJ7V25Z5QJXHX7GVH84/umbrella-fund-relationship",NA,NA,NA,NA,NA,NA,NA,NA,NA,NA,NA,NA,NA,NA,NA,NA,NA,NA,NA,NA,NA,NA,NA,NA,NA,NA,NA,NA,NA,NA,NA,NA,NA,NA,NA,NA,NA,NA,NA,NA,NA,NA,NA,NA,NA,NA,NA,NA,NA,NA,NA,NA,NA,NA,NA,NA,NA,NA,NA,NA,NA,NA,NA,NA,NA,NA,NA,NA,NA,NA,NA,NA,NA,NA,NA,NA,NA,NA,NA,NA,NA,NA,NA,NA,NA,NA,NA,NA,NA,NA,NA,NA,NA,NA,NA,NA,NA,NA,NA,NA,NA,NA,NA,NA,NA,NA,NA,NA,NA,NA,NA,NA,NA,NA,NA,NA,NA,NA,NA,NA,NA,NA,NA,NA,NA,NA,NA,NA,NA,NA,NA,NA,NA,NA,NA,NA,NA,NA,NA,NA,NA,NA,NA,NA,NA,NA,NA,NA,NA,NA,NA,NA,NA,NA,NA,NA,NA,NA,NA,NA,NA,NA,NA,NA,NA,NA,NA,NA,NA,NA,NA,NA,NA,NA,NA,NA,NA,NA,NA,NA,NA,NA,NA,NA,NA,NA,NA,NA,NA,NA,NA,NA,NA,NA,NA,NA,NA,NA,NA,NA,NA,NA,NA,NA,NA,NA,NA,NA,NA,NA,NA,NA,NA,NA,NA,NA,NA,NA,NA,NA,NA,NA,NA,NA,NA,NA,NA,NA,NA,NA,NA,NA,NA,NA,NA,NA,NA,NA,NA,NA,"Strategic Income Opportunities Fund","Open-End Mutual Fund"
"244","G1DUYJQZTF57S5N26287","G1DUYJQZTF57S5N26287",200,"G1DUYJQZTF57S5N26287","SA Multi-Managed Income/Equity Portfolio","en",NA,NA,"en","C/O THE PRENTICE-HALL CORPORATION SYSTEM, INC.",NA,NA,NA,"BOSTON","US-MA","US","02109","en","C/O SunAmerica Asset Management, LLC",NA,NA,NA,"Jersey City","US-NJ","US","07302","RA000665",NA,"S000008052","US","FUND","8888","FUND",NA,NA,"ACTIVE",NA,NA,NA,NA,NA,1995-10-10 12:00:00,NA,NA,NA,2012-11-28 00:00:00,2025-10-23 12:09:58,"ISSUED",2026-10-31 00:00:00,"5493001KJTIIGC8Y1R12","FULLY_CORROBORATED","RA000665",NA,"S000008052",NA,NA,NA,NA,NA,28139696,"CONFORMING","https://api.gleif.org/api/v1/lei-records/G1DUYJQZTF57S5N26287/managing-lou","https://api.gleif.org/api/v1/lei-records/G1DUYJQZTF57S5N26287/lei-issuer","https://api.gleif.org/api/v1/lei-records/G1DUYJQZTF57S5N26287/field-modifications","https://api.gleif.org/api/v1/lei-records/G1DUYJQZTF57S5N26287/direct-parent-reporting-exception","https://api.gleif.org/api/v1/lei-records/G1DUYJQZTF57S5N26287/ultimate-parent-reporting-exception","https://api.gleif.org/api/v1/lei-records/G1DUYJQZTF57S5N26287/fund-manager","https://api.gleif.org/api/v1/lei-records/G1DUYJQZTF57S5N26287/fund-manager-relationship",TRUE,NA,NA,NA,NA,"84 STATE ST.","30 Hudson Street",NA,NA,NA,NA,NA,NA,"https://api.gleif.org/api/v1/lei-records/G1DUYJQZTF57S5N26287/umbrella-fund","https://api.gleif.org/api/v1/lei-records/G1DUYJQZTF57S5N26287/umbrella-fund-relationship","16th Floor",NA,NA,NA,NA,NA,NA,NA,NA,NA,NA,NA,NA,NA,NA,NA,NA,NA,NA,NA,NA,NA,NA,NA,NA,NA,NA,NA,NA,NA,NA,NA,NA,NA,NA,NA,NA,NA,NA,NA,NA,NA,NA,NA,NA,NA,NA,NA,NA,NA,NA,NA,NA,NA,NA,NA,NA,NA,NA,NA,NA,NA,NA,NA,NA,NA,NA,NA,NA,NA,NA,NA,NA,NA,NA,NA,NA,NA,NA,NA,NA,NA,NA,NA,NA,NA,NA,NA,NA,NA,NA,NA,NA,NA,NA,NA,NA,NA,NA,NA,NA,NA,NA,NA,NA,NA,NA,NA,NA,NA,NA,NA,NA,NA,NA,NA,NA,NA,NA,NA,NA,NA,NA,NA,NA,NA,NA,NA,NA,NA,NA,NA,NA,NA,NA,NA,NA,NA,NA,NA,NA,NA,NA,NA,NA,NA,NA,NA,NA,NA,NA,NA,NA,NA,NA,NA,NA,NA,NA,NA,NA,NA,NA,NA,NA,NA,NA,NA,NA,NA,NA,NA,NA,NA,NA,NA,NA,NA,NA,NA,NA,NA,NA,NA,NA,NA,NA,NA,NA,NA,NA,NA,NA,NA,NA,NA,NA,NA,NA,NA,NA,NA,NA,NA,NA,NA,NA,NA,NA,NA,NA,NA,NA,NA,NA,NA,NA,NA,NA,NA,NA,NA,NA,NA,NA,NA,NA,NA,NA,NA,NA,NA,NA,NA,NA,NA,NA,NA,NA,NA,"SA Multi-Managed Income/Equity Portfolio","Open-End Mutual Fund"
"245","G328I1KUKNW2XU351K15","G328I1KUKNW2XU351K15",200,"G328I1KUKNW2XU351K15","Hartford Low Duration High Income Fund","en",NA,NA,"en","C/O THE CORPORATION TRUST INCORPORATED",NA,NA,NA,"LUTHERVILLE TIMONIUM","US-MD","US","21093-2264","en","C/O HARTFORD FUNDS MANAGEMENT COMPANY, LLC",NA,NA,NA,"WAYNE","US-PA","US","19087","RA000665",NA,"S000034093","US","FUND","8888","SUB-FUND",NA,NA,"ACTIVE",NA,NA,NA,NA,NA,2012-11-25 00:00:00,NA,NA,NA,2012-11-26 16:03:00,2026-01-16 15:50:29,"ISSUED",2027-02-01 00:00:00,"5493001KJTIIGC8Y1R12","FULLY_CORROBORATED","RA000665",NA,"S000034093",NA,NA,NA,NA,NA,141206932,"CONFORMING","https://api.gleif.org/api/v1/lei-records/G328I1KUKNW2XU351K15/managing-lou","https://api.gleif.org/api/v1/lei-records/G328I1KUKNW2XU351K15/lei-issuer","https://api.gleif.org/api/v1/lei-records/G328I1KUKNW2XU351K15/field-modifications","https://api.gleif.org/api/v1/lei-records/G328I1KUKNW2XU351K15/direct-parent-reporting-exception","https://api.gleif.org/api/v1/lei-records/G328I1KUKNW2XU351K15/ultimate-parent-reporting-exception","https://api.gleif.org/api/v1/lei-records/G328I1KUKNW2XU351K15/fund-manager","https://api.gleif.org/api/v1/lei-records/G328I1KUKNW2XU351K15/fund-manager-relationship",TRUE,NA,"The Hartford Floating Rate High Income Fund","en","PREVIOUS_LEGAL_NAME","2405 YORK ROAD","690 LEE ROAD","STANDALONE","REGULATORY_FILING",2024-03-01 00:00:00,2024-03-05 12:48:53,"CHANGE_LEGAL_NAME","COMPLETED","https://api.gleif.org/api/v1/lei-records/G328I1KUKNW2XU351K15/umbrella-fund","https://api.gleif.org/api/v1/lei-records/G328I1KUKNW2XU351K15/umbrella-fund-relationship",NA,NA,NA,NA,NA,NA,"SUITE 201",NA,NA,NA,NA,NA,NA,NA,NA,NA,NA,NA,NA,NA,NA,NA,NA,NA,NA,NA,NA,NA,NA,NA,NA,NA,NA,NA,NA,NA,NA,NA,NA,NA,NA,NA,NA,NA,NA,NA,NA,NA,NA,NA,NA,NA,NA,NA,NA,NA,NA,NA,NA,NA,NA,NA,NA,NA,NA,NA,NA,NA,NA,NA,NA,NA,NA,NA,NA,NA,NA,NA,NA,NA,NA,NA,NA,NA,NA,NA,NA,NA,NA,NA,NA,NA,NA,NA,NA,NA,NA,NA,NA,NA,NA,NA,NA,NA,NA,NA,NA,NA,NA,NA,NA,NA,NA,NA,NA,NA,NA,NA,NA,NA,NA,NA,NA,NA,NA,NA,NA,NA,NA,NA,NA,NA,NA,NA,NA,NA,NA,NA,NA,NA,NA,NA,NA,NA,NA,NA,NA,NA,NA,NA,NA,NA,NA,NA,NA,NA,NA,NA,NA,NA,NA,NA,NA,NA,NA,NA,NA,NA,NA,NA,NA,NA,NA,NA,NA,NA,NA,NA,NA,NA,NA,NA,NA,NA,NA,NA,NA,NA,NA,NA,NA,NA,NA,NA,NA,NA,NA,NA,NA,NA,NA,NA,NA,NA,NA,NA,NA,NA,NA,NA,NA,NA,NA,NA,NA,NA,NA,NA,NA,NA,NA,NA,NA,NA,NA,NA,NA,NA,NA,NA,NA,NA,NA,NA,NA,NA,NA,NA,NA,NA,"The Hartford Floating Rate High Income Fund","Open-End Mutual Fund"
"246","G5N2BYDEWDAE4WRGUK85","G5N2BYDEWDAE4WRGUK85",200,"G5N2BYDEWDAE4WRGUK85","MassMutual Select BlackRock Global Allocation Fund","en",NA,NA,"en","C/O MASSACHUSETTS MUTUAL LIFE INSURANCE COMPANY",NA,NA,NA,"SPRINGFIELD","US-MA","US","01111","en","C/O MML Investment Advisers, LLC",NA,NA,NA,"SPRINGFIELD","US-MA","US","01111","RA000665",NA,"S000027024","US-MA","FUND","8888","FUND",NA,NA,"ACTIVE",NA,NA,NA,NA,NA,2012-10-05 00:00:00,NA,NA,NA,2012-10-05 21:24:00,2023-08-04 15:17:13,"LAPSED",2023-03-09 18:40:00,"5493001KJTIIGC8Y1R12","FULLY_CORROBORATED","RA000665",NA,"S000027024",NA,NA,NA,NA,NA,99810815,"NON_CONFORMING","https://api.gleif.org/api/v1/lei-records/G5N2BYDEWDAE4WRGUK85/managing-lou","https://api.gleif.org/api/v1/lei-records/G5N2BYDEWDAE4WRGUK85/lei-issuer","https://api.gleif.org/api/v1/lei-records/G5N2BYDEWDAE4WRGUK85/field-modifications","https://api.gleif.org/api/v1/lei-records/G5N2BYDEWDAE4WRGUK85/direct-parent-reporting-exception","https://api.gleif.org/api/v1/lei-records/G5N2BYDEWDAE4WRGUK85/ultimate-parent-reporting-exception",NA,NA,TRUE,NA,"MASSMUTUAL SELECT FUNDS - MassMutual Select BlackRock Global Allocation Fund","en","PREVIOUS_LEGAL_NAME",NA,NA,NA,NA,NA,NA,NA,NA,"https://api.gleif.org/api/v1/lei-records/G5N2BYDEWDAE4WRGUK85/umbrella-fund","https://api.gleif.org/api/v1/lei-records/G5N2BYDEWDAE4WRGUK85/umbrella-fund-relationship",NA,NA,NA,NA,NA,NA,NA,NA,NA,NA,NA,NA,NA,NA,NA,NA,NA,NA,NA,NA,NA,NA,NA,NA,NA,NA,NA,NA,NA,NA,NA,NA,NA,NA,NA,NA,NA,NA,NA,NA,NA,NA,NA,NA,NA,NA,NA,NA,NA,NA,NA,NA,NA,NA,NA,NA,NA,NA,NA,NA,NA,NA,NA,NA,NA,NA,NA,NA,NA,NA,NA,NA,NA,NA,NA,NA,NA,NA,NA,NA,NA,NA,NA,NA,NA,NA,NA,NA,NA,NA,NA,NA,NA,NA,NA,NA,NA,NA,NA,NA,NA,NA,NA,NA,NA,NA,NA,NA,NA,NA,NA,NA,NA,NA,NA,NA,NA,NA,NA,NA,NA,NA,NA,NA,NA,NA,NA,NA,NA,NA,NA,NA,NA,NA,NA,NA,NA,NA,NA,NA,NA,NA,NA,NA,NA,NA,NA,NA,NA,NA,NA,NA,NA,NA,NA,NA,NA,NA,NA,NA,NA,NA,NA,NA,NA,NA,NA,NA,NA,NA,NA,NA,NA,NA,NA,NA,NA,NA,NA,NA,NA,NA,NA,NA,NA,NA,NA,NA,NA,NA,NA,NA,NA,NA,NA,NA,NA,NA,NA,NA,NA,NA,NA,NA,NA,NA,NA,NA,NA,NA,NA,NA,NA,NA,NA,NA,NA,NA,NA,NA,NA,NA,NA,NA,NA,NA,NA,NA,NA,NA,NA,NA,NA,NA,NA,NA,NA,NA,NA,NA,"MassMutual Select BlackRock Global Allocation Fund","Open-End Mutual Fund"
"247","G76TQ0PIXA72QHAXTM52","G76TQ0PIXA72QHAXTM52",200,"G76TQ0PIXA72QHAXTM52","AST BlackRock Global Strategies Portfolio","en",NA,NA,"en","C/O CORPORATION SERVICE COMPANY",NA,NA,NA,"BOSTON","US-MA","US","02109","en","C/O PGIM Investments LLC",NA,NA,NA,"Newark","US-NJ","US","07102","RA000665",NA,"S000031887","US","FUND","8888","FUND",NA,NA,"ACTIVE",NA,NA,NA,NA,NA,2012-10-24 00:00:00,NA,NA,NA,2012-10-24 14:00:00,2025-04-18 13:37:18,"LAPSED",2023-05-16 18:00:00,"5493001KJTIIGC8Y1R12","FULLY_CORROBORATED","RA000665",NA,"S000031887",NA,NA,NA,NA,NA,37508118,"NON_CONFORMING","https://api.gleif.org/api/v1/lei-records/G76TQ0PIXA72QHAXTM52/managing-lou","https://api.gleif.org/api/v1/lei-records/G76TQ0PIXA72QHAXTM52/lei-issuer","https://api.gleif.org/api/v1/lei-records/G76TQ0PIXA72QHAXTM52/field-modifications","https://api.gleif.org/api/v1/lei-records/G76TQ0PIXA72QHAXTM52/direct-parent-reporting-exception","https://api.gleif.org/api/v1/lei-records/G76TQ0PIXA72QHAXTM52/ultimate-parent-reporting-exception","https://api.gleif.org/api/v1/lei-records/G76TQ0PIXA72QHAXTM52/fund-manager","https://api.gleif.org/api/v1/lei-records/G76TQ0PIXA72QHAXTM52/fund-manager-relationship",TRUE,NA,"ADVANCED SERIES TRUST - AST BlackRock Global Strategies Portfolio","en","PREVIOUS_LEGAL_NAME","84 STATE ST.","655 Broad Street",NA,NA,NA,NA,NA,NA,"https://api.gleif.org/api/v1/lei-records/G76TQ0PIXA72QHAXTM52/umbrella-fund","https://api.gleif.org/api/v1/lei-records/G76TQ0PIXA72QHAXTM52/umbrella-fund-relationship",NA,NA,NA,NA,NA,NA,NA,NA,NA,NA,NA,NA,NA,NA,NA,NA,NA,NA,NA,NA,NA,NA,NA,NA,NA,NA,NA,NA,NA,NA,NA,NA,NA,NA,NA,NA,NA,NA,NA,NA,NA,NA,NA,NA,NA,NA,NA,NA,NA,NA,NA,NA,NA,NA,NA,NA,NA,NA,NA,NA,NA,NA,NA,NA,NA,NA,NA,NA,NA,NA,NA,NA,NA,NA,NA,NA,NA,NA,NA,NA,NA,NA,NA,NA,NA,NA,NA,NA,NA,NA,NA,NA,NA,NA,NA,NA,NA,NA,NA,NA,NA,NA,NA,NA,NA,NA,NA,NA,NA,NA,NA,NA,NA,NA,NA,NA,NA,NA,NA,NA,NA,NA,NA,NA,NA,NA,NA,NA,NA,NA,NA,NA,NA,NA,NA,NA,NA,NA,NA,NA,NA,NA,NA,NA,NA,NA,NA,NA,NA,NA,NA,NA,NA,NA,NA,NA,NA,NA,NA,NA,NA,NA,NA,NA,NA,NA,NA,NA,NA,NA,NA,NA,NA,NA,NA,NA,NA,NA,NA,NA,NA,NA,NA,NA,NA,NA,NA,NA,NA,NA,NA,NA,NA,NA,NA,NA,NA,NA,NA,NA,NA,NA,NA,NA,NA,NA,NA,NA,NA,NA,NA,NA,NA,NA,NA,NA,NA,NA,NA,NA,NA,NA,NA,NA,NA,NA,NA,NA,NA,NA,NA,NA,NA,NA,NA,NA,NA,NA,NA,NA,"AST BlackRock Global Strategies Portfolio","Open-End Mutual Fund"
"248","GAMOU5K3C0EHUN4DQC08","GAMOU5K3C0EHUN4DQC08",200,"GAMOU5K3C0EHUN4DQC08","AST AGGRESSIVE ASSET ALLOCATION PORTFOLIO","en",NA,NA,"en","C/O Corporation Service Company",NA,NA,NA,"Boston","US-MA","US","02109","en","C/O PGIM Investments LLC",NA,NA,NA,"Newark","US-NJ","US","07102","RA000665",NA,"S000006791","US","FUND","8888","Sub-Fund",NA,NA,"ACTIVE",NA,NA,NA,NA,NA,2005-12-05 00:00:00,NA,NA,NA,2012-10-24 14:01:00,2026-04-08 11:45:37,"ISSUED",2027-04-21 15:23:47,"5493001KJTIIGC8Y1R12","FULLY_CORROBORATED","RA000665",NA,"S000006791",NA,NA,NA,NA,NA,39560421,"CONFORMING","https://api.gleif.org/api/v1/lei-records/GAMOU5K3C0EHUN4DQC08/managing-lou","https://api.gleif.org/api/v1/lei-records/GAMOU5K3C0EHUN4DQC08/lei-issuer","https://api.gleif.org/api/v1/lei-records/GAMOU5K3C0EHUN4DQC08/field-modifications","https://api.gleif.org/api/v1/lei-records/GAMOU5K3C0EHUN4DQC08/direct-parent-reporting-exception","https://api.gleif.org/api/v1/lei-records/GAMOU5K3C0EHUN4DQC08/ultimate-parent-reporting-exception","https://api.gleif.org/api/v1/lei-records/GAMOU5K3C0EHUN4DQC08/fund-manager","https://api.gleif.org/api/v1/lei-records/GAMOU5K3C0EHUN4DQC08/fund-manager-relationship",TRUE,NA,"AST CAPITAL GROWTH ASSET ALLOCATION PORTFOLIO","en","PREVIOUS_LEGAL_NAME","84 State Street","655 Broad ST","STANDALONE","REGULATORY_FILING",2025-04-29 00:00:00,2025-04-29 11:04:07,"CHANGE_LEGAL_NAME","COMPLETED","https://api.gleif.org/api/v1/lei-records/GAMOU5K3C0EHUN4DQC08/umbrella-fund","https://api.gleif.org/api/v1/lei-records/GAMOU5K3C0EHUN4DQC08/umbrella-fund-relationship","17th Floor",NA,NA,NA,NA,NA,NA,NA,NA,NA,NA,NA,NA,NA,NA,NA,NA,NA,NA,NA,NA,NA,NA,NA,NA,NA,NA,NA,NA,NA,NA,NA,NA,NA,NA,NA,NA,NA,NA,NA,NA,NA,NA,NA,NA,NA,NA,NA,NA,NA,NA,NA,NA,NA,NA,NA,NA,NA,NA,NA,NA,NA,NA,NA,NA,NA,NA,NA,NA,NA,NA,NA,NA,NA,NA,NA,NA,NA,NA,NA,NA,NA,NA,NA,NA,NA,NA,NA,NA,NA,NA,NA,NA,NA,NA,NA,NA,NA,NA,NA,NA,NA,NA,NA,NA,NA,NA,NA,NA,NA,NA,NA,NA,NA,NA,NA,NA,NA,NA,NA,NA,NA,NA,NA,NA,NA,NA,NA,NA,NA,NA,NA,NA,NA,NA,NA,NA,NA,NA,NA,NA,NA,NA,NA,NA,NA,NA,NA,NA,NA,NA,NA,NA,NA,NA,NA,NA,NA,NA,NA,NA,NA,NA,NA,NA,NA,NA,NA,NA,NA,NA,NA,NA,NA,NA,NA,NA,NA,NA,NA,NA,NA,NA,NA,NA,NA,NA,NA,NA,NA,NA,NA,NA,NA,NA,NA,NA,NA,NA,NA,NA,NA,NA,NA,NA,NA,NA,NA,NA,NA,NA,NA,NA,NA,NA,NA,NA,NA,NA,NA,NA,NA,NA,NA,NA,NA,NA,NA,NA,NA,NA,NA,NA,NA,NA,NA,NA,NA,NA,NA,"AST Capital Growth Asset Allocation Portfolio","Open-End Mutual Fund"
"249","GCNDL0NN2LDP9NMF9T20","GCNDL0NN2LDP9NMF9T20",200,"GCNDL0NN2LDP9NMF9T20","PIMCO LOW DURATION OPPORTUNITIES FUND","en",NA,NA,"en","C/O CT CORPORATION SYSTEM",NA,NA,NA,"BOSTON","US-MA","US","02110","en","C/O PACIFIC INVESTMENT MANAGEMENT COMPANY LLC",NA,NA,NA,"DOVER","US-DE","US","19904","RA000665",NA,"S000024795","US","FUND","8888","SUB-FUND",NA,NA,"ACTIVE",NA,NA,NA,NA,NA,2012-10-18 00:00:00,NA,NA,NA,2012-10-19 08:02:00,2025-06-19 17:37:21,"ISSUED",2026-07-07 00:00:00,"5493001KJTIIGC8Y1R12","FULLY_CORROBORATED","RA000665",NA,"S000024795",NA,NA,NA,NA,NA,53122744,"CONFORMING","https://api.gleif.org/api/v1/lei-records/GCNDL0NN2LDP9NMF9T20/managing-lou","https://api.gleif.org/api/v1/lei-records/GCNDL0NN2LDP9NMF9T20/lei-issuer","https://api.gleif.org/api/v1/lei-records/GCNDL0NN2LDP9NMF9T20/field-modifications","https://api.gleif.org/api/v1/lei-records/GCNDL0NN2LDP9NMF9T20/direct-parent-reporting-exception","https://api.gleif.org/api/v1/lei-records/GCNDL0NN2LDP9NMF9T20/ultimate-parent-reporting-exception","https://api.gleif.org/api/v1/lei-records/GCNDL0NN2LDP9NMF9T20/fund-manager","https://api.gleif.org/api/v1/lei-records/GCNDL0NN2LDP9NMF9T20/fund-manager-relationship",TRUE,NA,"PIMCO FUNDS - PIMCO Strategic Bond Fund","en","PREVIOUS_LEGAL_NAME","155 FEDERAL ST.","838 WALKER ROAD",NA,NA,NA,NA,NA,NA,"https://api.gleif.org/api/v1/lei-records/GCNDL0NN2LDP9NMF9T20/umbrella-fund","https://api.gleif.org/api/v1/lei-records/GCNDL0NN2LDP9NMF9T20/umbrella-fund-relationship","SUITE 21-2",NA,NA,"PIMCO Funds - PIMCO Unconstrained Tax Managed Bond Fund","en","PREVIOUS_LEGAL_NAME","SUITE 700",NA,NA,NA,NA,NA,NA,NA,NA,NA,NA,NA,NA,NA,NA,NA,NA,NA,NA,NA,NA,NA,NA,NA,NA,NA,NA,NA,NA,NA,NA,NA,NA,NA,NA,NA,NA,NA,NA,NA,NA,NA,NA,NA,NA,NA,NA,NA,NA,NA,NA,NA,NA,NA,NA,NA,NA,NA,NA,NA,NA,NA,NA,NA,NA,NA,NA,NA,NA,NA,NA,NA,NA,NA,NA,NA,NA,NA,NA,NA,NA,NA,NA,NA,NA,NA,NA,NA,NA,NA,NA,NA,NA,NA,NA,NA,NA,NA,NA,NA,NA,NA,NA,NA,NA,NA,NA,NA,NA,NA,NA,NA,NA,NA,NA,NA,NA,NA,NA,NA,NA,NA,NA,NA,NA,NA,NA,NA,NA,NA,NA,NA,NA,NA,NA,NA,NA,NA,NA,NA,NA,NA,NA,NA,NA,NA,NA,NA,NA,NA,NA,NA,NA,NA,NA,NA,NA,NA,NA,NA,NA,NA,NA,NA,NA,NA,NA,NA,NA,NA,NA,NA,NA,NA,NA,NA,NA,NA,NA,NA,NA,NA,NA,NA,NA,NA,NA,NA,NA,NA,NA,NA,NA,NA,NA,NA,NA,NA,NA,NA,NA,NA,NA,NA,NA,NA,NA,NA,NA,NA,NA,NA,NA,NA,NA,NA,NA,NA,NA,NA,NA,NA,NA,NA,NA,NA,NA,NA,NA,NA,NA,NA,NA,NA,"PIMCO Strategic Bond Fund","Open-End Mutual Fund"
"250","GCOBPT5OHTVIN37L8N43","GCOBPT5OHTVIN37L8N43",200,"GCOBPT5OHTVIN37L8N43","PIMCO Total Return Fund","en",NA,NA,"en","C/O C T CORPORATION SYSTEM",NA,NA,NA,"BOSTON","US-MA","US","02110","en","C/O PACIFIC INVESTMENT MANAGEMENT COMPANY LLC",NA,NA,NA,"DOVER","US-DE","US","19904","RA000665",NA,"S000009707","US","FUND","8888","FUND",NA,NA,"ACTIVE",NA,NA,NA,NA,NA,2012-10-18 12:00:00,NA,NA,NA,2012-10-19 08:01:00,2025-06-19 13:38:02,"ISSUED",2026-07-07 00:00:00,"5493001KJTIIGC8Y1R12","FULLY_CORROBORATED","RA000665",NA,"S000009707",NA,NA,NA,NA,NA,33595857,"CONFORMING","https://api.gleif.org/api/v1/lei-records/GCOBPT5OHTVIN37L8N43/managing-lou","https://api.gleif.org/api/v1/lei-records/GCOBPT5OHTVIN37L8N43/lei-issuer","https://api.gleif.org/api/v1/lei-records/GCOBPT5OHTVIN37L8N43/field-modifications","https://api.gleif.org/api/v1/lei-records/GCOBPT5OHTVIN37L8N43/direct-parent-reporting-exception","https://api.gleif.org/api/v1/lei-records/GCOBPT5OHTVIN37L8N43/ultimate-parent-reporting-exception","https://api.gleif.org/api/v1/lei-records/GCOBPT5OHTVIN37L8N43/fund-manager","https://api.gleif.org/api/v1/lei-records/GCOBPT5OHTVIN37L8N43/fund-manager-relationship",TRUE,NA,NA,NA,NA,"155 FEDERAL ST.","838 WALKER ROAD",NA,NA,NA,NA,NA,NA,"https://api.gleif.org/api/v1/lei-records/GCOBPT5OHTVIN37L8N43/umbrella-fund","https://api.gleif.org/api/v1/lei-records/GCOBPT5OHTVIN37L8N43/umbrella-fund-relationship","SUITE 21-2",NA,NA,NA,NA,NA,"SUITE 700",NA,NA,NA,NA,NA,NA,NA,NA,NA,NA,NA,NA,NA,NA,NA,NA,NA,NA,NA,NA,NA,NA,NA,NA,NA,NA,NA,NA,NA,NA,NA,NA,NA,NA,NA,NA,NA,NA,NA,NA,NA,NA,NA,NA,NA,NA,NA,NA,NA,NA,NA,NA,NA,NA,NA,NA,NA,NA,NA,NA,NA,NA,NA,NA,NA,NA,NA,NA,NA,NA,NA,NA,NA,NA,NA,NA,NA,NA,NA,NA,NA,NA,NA,NA,NA,NA,NA,NA,NA,NA,NA,NA,NA,NA,NA,NA,NA,NA,NA,NA,NA,NA,NA,NA,NA,NA,NA,NA,NA,NA,NA,NA,NA,NA,NA,NA,NA,NA,NA,NA,NA,NA,NA,NA,NA,NA,NA,NA,NA,NA,NA,NA,NA,NA,NA,NA,NA,NA,NA,NA,NA,NA,NA,NA,NA,NA,NA,NA,NA,NA,NA,NA,NA,NA,NA,NA,NA,NA,NA,NA,NA,NA,NA,NA,NA,NA,NA,NA,NA,NA,NA,NA,NA,NA,NA,NA,NA,NA,NA,NA,NA,NA,NA,NA,NA,NA,NA,NA,NA,NA,NA,NA,NA,NA,NA,NA,NA,NA,NA,NA,NA,NA,NA,NA,NA,NA,NA,NA,NA,NA,NA,NA,NA,NA,NA,NA,NA,NA,NA,NA,NA,NA,NA,NA,NA,NA,NA,NA,NA,NA,NA,NA,NA,"PIMCO Total Return Fund","Open-End Mutual Fund"
"251","GHVLU4RL6XOLROKM7S50","GHVLU4RL6XOLROKM7S50",200,"GHVLU4RL6XOLROKM7S50","Strategic Income Opportunities Trust","en",NA,NA,"en","200 BERKELEY ST.",NA,NA,NA,"BOSTON","US-MA","US","02116","en","C/O JOHN HANCOCK VARIABLE TRUST ADVISERS LLC",NA,NA,NA,"BOSTON","US-MA","US","02116","RA000665",NA,"S000008320","US","FUND","8888","FUND",NA,NA,"ACTIVE",NA,NA,NA,NA,NA,2012-11-26 00:00:00,NA,NA,NA,2012-11-27 20:35:00,2025-09-26 19:36:48,"ISSUED",2026-10-25 00:00:00,"5493001KJTIIGC8Y1R12","FULLY_CORROBORATED","RA000665",NA,"S000008320",NA,NA,NA,NA,NA,32857575,"CONFORMING","https://api.gleif.org/api/v1/lei-records/GHVLU4RL6XOLROKM7S50/managing-lou","https://api.gleif.org/api/v1/lei-records/GHVLU4RL6XOLROKM7S50/lei-issuer","https://api.gleif.org/api/v1/lei-records/GHVLU4RL6XOLROKM7S50/field-modifications","https://api.gleif.org/api/v1/lei-records/GHVLU4RL6XOLROKM7S50/direct-parent-reporting-exception","https://api.gleif.org/api/v1/lei-records/GHVLU4RL6XOLROKM7S50/ultimate-parent-reporting-exception","https://api.gleif.org/api/v1/lei-records/GHVLU4RL6XOLROKM7S50/fund-manager","https://api.gleif.org/api/v1/lei-records/GHVLU4RL6XOLROKM7S50/fund-manager-relationship",TRUE,NA,"John Hancock Trust - Strategic Income Trust","en","PREVIOUS_LEGAL_NAME",NA,"200 BERKELEY STREET","STANDALONE","SUPPORTING_DOCUMENTS",2025-09-01 00:00:00,2025-09-11 00:00:00,"CHANGE_LEGAL_NAME","COMPLETED","https://api.gleif.org/api/v1/lei-records/GHVLU4RL6XOLROKM7S50/umbrella-fund","https://api.gleif.org/api/v1/lei-records/GHVLU4RL6XOLROKM7S50/umbrella-fund-relationship",NA,NA,NA,NA,NA,NA,NA,NA,NA,NA,NA,NA,NA,NA,NA,NA,NA,NA,NA,NA,NA,NA,NA,NA,NA,NA,NA,NA,NA,NA,NA,NA,NA,NA,NA,NA,NA,NA,NA,NA,NA,NA,NA,NA,NA,NA,NA,NA,NA,NA,NA,NA,NA,NA,NA,NA,NA,NA,NA,NA,NA,NA,NA,NA,NA,NA,NA,NA,NA,NA,NA,NA,NA,NA,NA,NA,NA,NA,NA,NA,NA,NA,NA,NA,NA,NA,NA,NA,NA,NA,NA,NA,NA,NA,NA,NA,NA,NA,NA,NA,NA,NA,NA,NA,NA,NA,NA,NA,NA,NA,NA,NA,NA,NA,NA,NA,NA,NA,NA,NA,NA,NA,NA,NA,NA,NA,NA,NA,NA,NA,NA,NA,NA,NA,NA,NA,NA,NA,NA,NA,NA,NA,NA,NA,NA,NA,NA,NA,NA,NA,NA,NA,NA,NA,NA,NA,NA,NA,NA,NA,NA,NA,NA,NA,NA,NA,NA,NA,NA,NA,NA,NA,NA,NA,NA,NA,NA,NA,NA,NA,NA,NA,NA,NA,NA,NA,NA,NA,NA,NA,NA,NA,NA,NA,NA,NA,NA,NA,NA,NA,NA,NA,NA,NA,NA,NA,NA,NA,NA,NA,NA,NA,NA,NA,NA,NA,NA,NA,NA,NA,NA,NA,NA,NA,NA,NA,NA,NA,NA,NA,NA,NA,NA,NA,NA,NA,NA,NA,NA,NA,"Strategic Income Opportunities Trust","Open-End Mutual Fund"
"252","HAXBNTSIUT2SHF0XLJ46","HAXBNTSIUT2SHF0XLJ46",200,"HAXBNTSIUT2SHF0XLJ46","EATON VANCE SHORT DURATION DIVERSIFIED INCOME FUND","en",NA,NA,"en","ONE POST OFFICE SQUARE",NA,NA,NA,"BOSTON","US-MA","US","02109","en","C/O EATON VANCE MANAGEMENT",NA,NA,NA,"BOSTON","US-MA","US","02110","RA000665",NA,"0001287498","US","FUND","8888","FUND",NA,NA,"ACTIVE",NA,NA,NA,NA,NA,2004-04-15 00:00:00,NA,NA,NA,2012-06-06 15:51:00,2025-06-16 11:34:50,"ISSUED",2026-07-05 14:42:01,"5493001KJTIIGC8Y1R12","FULLY_CORROBORATED","RA000665",NA,"0001287498",NA,NA,NA,NA,NA,9747195,"CONFORMING","https://api.gleif.org/api/v1/lei-records/HAXBNTSIUT2SHF0XLJ46/managing-lou","https://api.gleif.org/api/v1/lei-records/HAXBNTSIUT2SHF0XLJ46/lei-issuer","https://api.gleif.org/api/v1/lei-records/HAXBNTSIUT2SHF0XLJ46/field-modifications","https://api.gleif.org/api/v1/lei-records/HAXBNTSIUT2SHF0XLJ46/direct-parent-reporting-exception","https://api.gleif.org/api/v1/lei-records/HAXBNTSIUT2SHF0XLJ46/ultimate-parent-reporting-exception","https://api.gleif.org/api/v1/lei-records/HAXBNTSIUT2SHF0XLJ46/fund-manager","https://api.gleif.org/api/v1/lei-records/HAXBNTSIUT2SHF0XLJ46/fund-manager-relationship",TRUE,NA,"Eaton Vance Low Duration Diversified Income Fund","en","PREVIOUS_LEGAL_NAME",NA,"ONE POST OFFICE SQUARE",NA,NA,NA,NA,NA,NA,NA,NA,NA,NA,NA,NA,NA,NA,NA,NA,NA,NA,NA,NA,NA,"https://api.gleif.org/api/v1/lei-records/HAXBNTSIUT2SHF0XLJ46/isins",NA,NA,NA,NA,NA,NA,NA,NA,NA,NA,NA,NA,NA,NA,NA,NA,NA,NA,NA,NA,NA,NA,NA,NA,NA,NA,NA,NA,NA,NA,NA,NA,NA,NA,NA,NA,NA,NA,NA,NA,NA,NA,NA,NA,NA,NA,NA,NA,NA,NA,NA,NA,NA,NA,NA,NA,NA,NA,NA,NA,NA,NA,NA,NA,NA,NA,NA,NA,NA,NA,NA,NA,NA,NA,NA,NA,NA,NA,NA,NA,NA,NA,NA,NA,NA,NA,NA,NA,NA,NA,NA,NA,NA,NA,NA,NA,NA,NA,NA,NA,NA,NA,NA,NA,NA,NA,NA,NA,NA,NA,NA,NA,NA,NA,NA,NA,NA,NA,NA,NA,NA,NA,NA,NA,NA,NA,NA,NA,NA,NA,NA,NA,NA,NA,NA,NA,NA,NA,NA,NA,NA,NA,NA,NA,NA,NA,NA,NA,NA,NA,NA,NA,NA,NA,NA,NA,NA,NA,NA,NA,NA,NA,NA,NA,NA,NA,NA,NA,NA,NA,NA,NA,NA,NA,NA,NA,NA,NA,NA,NA,NA,NA,NA,NA,NA,NA,NA,NA,NA,NA,NA,NA,NA,NA,NA,NA,NA,NA,NA,NA,NA,NA,NA,NA,NA,NA,NA,NA,NA,NA,NA,NA,NA,NA,NA,NA,NA,NA,NA,NA,NA,NA,NA,NA,NA,NA,"Eaton Vance Short Duration Diversified Income Fund","Closed-End Fund"
"253","HDJSZ5QHGSLSDGZSRQ08","HDJSZ5QHGSLSDGZSRQ08",200,"HDJSZ5QHGSLSDGZSRQ08","ADVANCED SERIES TRUST - AST BLACKROCK/LOOMIS SAYLES BOND PORTFOLIO","en",NA,NA,"en","C/O CORPORATION SERVICE COMPANY",NA,NA,NA,"BOSTON","US-MA","US","02109","en","C/O PGIM Investments LLC",NA,NA,NA,"Newyork","US-NJ","US","07102","RA000665",NA,"S000002012","US","FUND","8888","FUND",NA,NA,"ACTIVE",NA,NA,NA,NA,NA,2021-05-15 00:00:00,NA,NA,NA,2012-10-24 14:01:00,2025-04-18 12:16:04,"LAPSED",2022-05-28 18:01:00,"5493001KJTIIGC8Y1R12","FULLY_CORROBORATED","RA000665",NA,"S000002012",NA,NA,NA,NA,NA,104715216,"NON_CONFORMING","https://api.gleif.org/api/v1/lei-records/HDJSZ5QHGSLSDGZSRQ08/managing-lou","https://api.gleif.org/api/v1/lei-records/HDJSZ5QHGSLSDGZSRQ08/lei-issuer","https://api.gleif.org/api/v1/lei-records/HDJSZ5QHGSLSDGZSRQ08/field-modifications","https://api.gleif.org/api/v1/lei-records/HDJSZ5QHGSLSDGZSRQ08/direct-parent-reporting-exception","https://api.gleif.org/api/v1/lei-records/HDJSZ5QHGSLSDGZSRQ08/ultimate-parent-reporting-exception","https://api.gleif.org/api/v1/lei-records/HDJSZ5QHGSLSDGZSRQ08/fund-manager","https://api.gleif.org/api/v1/lei-records/HDJSZ5QHGSLSDGZSRQ08/fund-manager-relationship",TRUE,NA,NA,NA,NA,"84 STATE ST.","655 Broad st",NA,NA,NA,NA,NA,NA,"https://api.gleif.org/api/v1/lei-records/HDJSZ5QHGSLSDGZSRQ08/umbrella-fund","https://api.gleif.org/api/v1/lei-records/HDJSZ5QHGSLSDGZSRQ08/umbrella-fund-relationship","17th floor",NA,NA,NA,NA,NA,NA,NA,NA,NA,NA,NA,NA,NA,NA,NA,NA,NA,NA,NA,NA,NA,NA,NA,NA,NA,NA,NA,NA,NA,NA,NA,NA,NA,NA,NA,NA,NA,NA,NA,NA,NA,NA,NA,NA,NA,NA,NA,NA,NA,NA,NA,NA,NA,NA,NA,NA,NA,NA,NA,NA,NA,NA,NA,NA,NA,NA,NA,NA,NA,NA,NA,NA,NA,NA,NA,NA,NA,NA,NA,NA,NA,NA,NA,NA,NA,NA,NA,NA,NA,NA,NA,NA,NA,NA,NA,NA,NA,NA,NA,NA,NA,NA,NA,NA,NA,NA,NA,NA,NA,NA,NA,NA,NA,NA,NA,NA,NA,NA,NA,NA,NA,NA,NA,NA,NA,NA,NA,NA,NA,NA,NA,NA,NA,NA,NA,NA,NA,NA,NA,NA,NA,NA,NA,NA,NA,NA,NA,NA,NA,NA,NA,NA,NA,NA,NA,NA,NA,NA,NA,NA,NA,NA,NA,NA,NA,NA,NA,NA,NA,NA,NA,NA,NA,NA,NA,NA,NA,NA,NA,NA,NA,NA,NA,NA,NA,NA,NA,NA,NA,NA,NA,NA,NA,NA,NA,NA,NA,NA,NA,NA,NA,NA,NA,NA,NA,NA,NA,NA,NA,NA,NA,NA,NA,NA,NA,NA,NA,NA,NA,NA,NA,NA,NA,NA,NA,NA,NA,NA,NA,NA,NA,NA,NA,NA,NA,NA,NA,NA,NA,"AST BlackRock/Loomis Sayles Bond Portfolio","Open-End Mutual Fund"
"254","HDLWHPN6NOUBN66AS151","HDLWHPN6NOUBN66AS151",200,"HDLWHPN6NOUBN66AS151","PIMCO CORPORATE & INCOME OPPORTUNITY FUND","en",NA,NA,"en","C/O CORPORATION SERVICE COMPANY",NA,NA,NA,"BOSTON","US-MA","US","02109","en","C/O PACIFIC INVESTMENT MANAGEMENT COMPANY LLC",NA,NA,NA,"Newport Beach","US-CA","US","92660","RA000665",NA,"0001190935","US","FUND","8888","FUND",NA,NA,"ACTIVE",NA,NA,NA,NA,NA,2002-09-13 00:00:00,NA,NA,NA,2012-11-19 17:00:00,2025-06-19 12:45:08,"ISSUED",2026-07-07 00:00:00,"5493001KJTIIGC8Y1R12","FULLY_CORROBORATED","RA000665",NA,"0001190935",NA,NA,NA,NA,NA,3660976,"CONFORMING","https://api.gleif.org/api/v1/lei-records/HDLWHPN6NOUBN66AS151/managing-lou","https://api.gleif.org/api/v1/lei-records/HDLWHPN6NOUBN66AS151/lei-issuer","https://api.gleif.org/api/v1/lei-records/HDLWHPN6NOUBN66AS151/field-modifications","https://api.gleif.org/api/v1/lei-records/HDLWHPN6NOUBN66AS151/direct-parent-reporting-exception","https://api.gleif.org/api/v1/lei-records/HDLWHPN6NOUBN66AS151/ultimate-parent-reporting-exception","https://api.gleif.org/api/v1/lei-records/HDLWHPN6NOUBN66AS151/fund-manager","https://api.gleif.org/api/v1/lei-records/HDLWHPN6NOUBN66AS151/fund-manager-relationship",TRUE,NA,"PIMCO CORPORATE OPPORTUNITY FUND","en","PREVIOUS_LEGAL_NAME","84 STATE STREET","650 Newport Center Drive",NA,NA,NA,NA,NA,NA,NA,NA,NA,NA,NA,NA,NA,NA,NA,NA,NA,NA,NA,NA,NA,"https://api.gleif.org/api/v1/lei-records/HDLWHPN6NOUBN66AS151/isins",NA,NA,NA,NA,NA,NA,NA,NA,NA,NA,NA,NA,NA,NA,NA,NA,NA,NA,NA,NA,NA,NA,NA,NA,NA,NA,NA,NA,NA,NA,NA,NA,NA,NA,NA,NA,NA,NA,NA,NA,NA,NA,NA,NA,NA,NA,NA,NA,NA,NA,NA,NA,NA,NA,NA,NA,NA,NA,NA,NA,NA,NA,NA,NA,NA,NA,NA,NA,NA,NA,NA,NA,NA,NA,NA,NA,NA,NA,NA,NA,NA,NA,NA,NA,NA,NA,NA,NA,NA,NA,NA,NA,NA,NA,NA,NA,NA,NA,NA,NA,NA,NA,NA,NA,NA,NA,NA,NA,NA,NA,NA,NA,NA,NA,NA,NA,NA,NA,NA,NA,NA,NA,NA,NA,NA,NA,NA,NA,NA,NA,NA,NA,NA,NA,NA,NA,NA,NA,NA,NA,NA,NA,NA,NA,NA,NA,NA,NA,NA,NA,NA,NA,NA,NA,NA,NA,NA,NA,NA,NA,NA,NA,NA,NA,NA,NA,NA,NA,NA,NA,NA,NA,NA,NA,NA,NA,NA,NA,NA,NA,NA,NA,NA,NA,NA,NA,NA,NA,NA,NA,NA,NA,NA,NA,NA,NA,NA,NA,NA,NA,NA,NA,NA,NA,NA,NA,NA,NA,NA,NA,NA,NA,NA,NA,NA,NA,NA,NA,NA,NA,NA,NA,NA,NA,NA,NA,"PIMCO Corporate & Income Opportunity Fund","Closed-End Fund"
"255","HGDM3WP2M1H6NT5B7Y90","HGDM3WP2M1H6NT5B7Y90",200,"HGDM3WP2M1H6NT5B7Y90","PIMCO RealEstateRealReturn Strategy Fund","en",NA,NA,"en","C/O C T CORPORATION SYSTEM",NA,NA,NA,"BOSTON","US-MA","US","02110","en","C/O PACIFIC INVESTMENT MANAGEMENT COMPANY LLC",NA,NA,NA,"NEWPORT BEACH","US-CA","US","92660","RA000665",NA,"S000009701","US","FUND","8888","FUND",NA,NA,"ACTIVE",NA,NA,NA,NA,NA,2012-10-18 00:00:00,NA,NA,NA,2012-10-19 08:02:00,2025-06-19 18:27:18,"ISSUED",2026-07-07 00:00:00,"5493001KJTIIGC8Y1R12","FULLY_CORROBORATED","RA000665",NA,"S000009701",NA,NA,NA,NA,NA,59313761,"CONFORMING","https://api.gleif.org/api/v1/lei-records/HGDM3WP2M1H6NT5B7Y90/managing-lou","https://api.gleif.org/api/v1/lei-records/HGDM3WP2M1H6NT5B7Y90/lei-issuer","https://api.gleif.org/api/v1/lei-records/HGDM3WP2M1H6NT5B7Y90/field-modifications","https://api.gleif.org/api/v1/lei-records/HGDM3WP2M1H6NT5B7Y90/direct-parent-reporting-exception","https://api.gleif.org/api/v1/lei-records/HGDM3WP2M1H6NT5B7Y90/ultimate-parent-reporting-exception","https://api.gleif.org/api/v1/lei-records/HGDM3WP2M1H6NT5B7Y90/fund-manager","https://api.gleif.org/api/v1/lei-records/HGDM3WP2M1H6NT5B7Y90/fund-manager-relationship",TRUE,NA,NA,NA,NA,"155 FEDERAL ST.","650 NEWPORT CENTER DRIVE",NA,NA,NA,NA,NA,NA,"https://api.gleif.org/api/v1/lei-records/HGDM3WP2M1H6NT5B7Y90/umbrella-fund","https://api.gleif.org/api/v1/lei-records/HGDM3WP2M1H6NT5B7Y90/umbrella-fund-relationship",NA,NA,NA,NA,NA,NA,"SUITE 700",NA,NA,NA,NA,NA,NA,NA,NA,NA,NA,NA,NA,NA,NA,NA,NA,NA,NA,NA,NA,NA,NA,NA,NA,NA,NA,NA,NA,NA,NA,NA,NA,NA,NA,NA,NA,NA,NA,NA,NA,NA,NA,NA,NA,NA,NA,NA,NA,NA,NA,NA,NA,NA,NA,NA,NA,NA,NA,NA,NA,NA,NA,NA,NA,NA,NA,NA,NA,NA,NA,NA,NA,NA,NA,NA,NA,NA,NA,NA,NA,NA,NA,NA,NA,NA,NA,NA,NA,NA,NA,NA,NA,NA,NA,NA,NA,NA,NA,NA,NA,NA,NA,NA,NA,NA,NA,NA,NA,NA,NA,NA,NA,NA,NA,NA,NA,NA,NA,NA,NA,NA,NA,NA,NA,NA,NA,NA,NA,NA,NA,NA,NA,NA,NA,NA,NA,NA,NA,NA,NA,NA,NA,NA,NA,NA,NA,NA,NA,NA,NA,NA,NA,NA,NA,NA,NA,NA,NA,NA,NA,NA,NA,NA,NA,NA,NA,NA,NA,NA,NA,NA,NA,NA,NA,NA,NA,NA,NA,NA,NA,NA,NA,NA,NA,NA,NA,NA,NA,NA,NA,NA,NA,NA,NA,NA,NA,NA,NA,NA,NA,NA,NA,NA,NA,NA,NA,NA,NA,NA,NA,NA,NA,NA,NA,NA,NA,NA,NA,NA,NA,NA,NA,NA,NA,NA,NA,NA,NA,NA,NA,NA,NA,NA,"PIMCO RealEstateRealReturn Strategy Fund","Open-End Mutual Fund"
"256","HJIMESMB9B2ISPEE2374","HJIMESMB9B2ISPEE2374",200,"HJIMESMB9B2ISPEE2374","BlackRock Managed Volatility V.I. Fund","en",NA,NA,"en","c/o THE CORPORATION TRUST, INCORPORATED; 2405 YORK ROAD; SUITE 201",NA,NA,NA,"LUTHERVILLE TIMONIUM","US-MD","US","21093-2264","en","c/o BLACKROCK ADVISORS, LLC, c/o CORPORATION SERVICE COMPANY, 251 LITTLE FALLS DRIVE",NA,NA,"c/o BLACKROCK ADVISORS, LLC","WILMINGTON","US-DE","US","19808","RA000665",NA,"S000002874","US-MD","FUND","HLR4",NA,NA,NA,"ACTIVE",NA,NA,NA,NA,NA,1988-05-31 22:00:00,NA,NA,NA,2012-10-11 13:41:00,2025-11-29 08:12:59,"ISSUED",2027-01-09 08:38:23,"5299000J2N45DDNE4Y28","FULLY_CORROBORATED","RA000665",NA,"S000002874",NA,NA,NA,NA,NA,28151456,"CONFORMING","https://api.gleif.org/api/v1/lei-records/HJIMESMB9B2ISPEE2374/managing-lou","https://api.gleif.org/api/v1/lei-records/HJIMESMB9B2ISPEE2374/lei-issuer","https://api.gleif.org/api/v1/lei-records/HJIMESMB9B2ISPEE2374/field-modifications","https://api.gleif.org/api/v1/lei-records/HJIMESMB9B2ISPEE2374/direct-parent-reporting-exception","https://api.gleif.org/api/v1/lei-records/HJIMESMB9B2ISPEE2374/ultimate-parent-reporting-exception","https://api.gleif.org/api/v1/lei-records/HJIMESMB9B2ISPEE2374/fund-manager","https://api.gleif.org/api/v1/lei-records/HJIMESMB9B2ISPEE2374/fund-manager-relationship",TRUE,NA,"BlackRock Variable Series Funds, Inc. - BlackRock Managed Volatility V.I. Fund","en","PREVIOUS_LEGAL_NAME",NA,NA,"STANDALONE","SUPPORTING_DOCUMENTS",2025-11-28 23:00:00,2025-11-29 08:12:59,"CHANGE_LEGAL_NAME","COMPLETED","https://api.gleif.org/api/v1/lei-records/HJIMESMB9B2ISPEE2374/umbrella-fund","https://api.gleif.org/api/v1/lei-records/HJIMESMB9B2ISPEE2374/umbrella-fund-relationship",NA,NA,NA,NA,NA,NA,NA,"STANDALONE","SUPPORTING_DOCUMENTS",2024-11-28 23:00:00,2024-11-29 16:20:43,"CHANGE_LEGAL_FORM","COMPLETED","https://api.gleif.org/api/v1/lei-records/HJIMESMB9B2ISPEE2374/isins",NA,NA,NA,NA,NA,NA,NA,NA,NA,NA,NA,NA,NA,NA,NA,NA,NA,NA,NA,"STANDALONE","SUPPORTING_DOCUMENTS",2024-11-28 23:00:00,2024-11-29 16:20:43,"CHANGE_LEGAL_ADDRESS","COMPLETED",NA,NA,NA,NA,NA,NA,NA,NA,NA,NA,NA,NA,NA,NA,NA,NA,NA,NA,NA,NA,NA,NA,NA,NA,NA,NA,NA,NA,NA,NA,NA,NA,NA,NA,NA,NA,NA,NA,NA,NA,NA,NA,NA,NA,NA,NA,NA,NA,NA,NA,NA,NA,NA,NA,NA,NA,NA,NA,NA,NA,NA,NA,NA,NA,NA,NA,NA,NA,NA,NA,NA,NA,NA,NA,NA,NA,NA,NA,NA,NA,NA,NA,NA,NA,NA,NA,NA,NA,NA,NA,NA,NA,NA,NA,NA,NA,NA,NA,NA,NA,NA,NA,NA,NA,NA,NA,NA,NA,NA,NA,NA,NA,NA,NA,NA,NA,NA,NA,NA,NA,NA,NA,NA,NA,NA,NA,NA,NA,NA,NA,NA,NA,NA,NA,NA,NA,NA,NA,NA,NA,NA,NA,NA,NA,NA,NA,NA,NA,NA,NA,NA,NA,NA,NA,NA,NA,NA,NA,NA,NA,NA,NA,NA,NA,NA,NA,NA,NA,NA,NA,NA,NA,NA,NA,NA,NA,NA,NA,NA,NA,NA,NA,NA,NA,NA,NA,NA,NA,NA,NA,NA,NA,NA,NA,NA,NA,NA,NA,NA,NA,NA,"BlackRock Managed Volatility V.I. Fund","Open-End Mutual Fund"
"257","HXUPEBLUHVD4YLUU0O61","HXUPEBLUHVD4YLUU0O61",200,"HXUPEBLUHVD4YLUU0O61","BlackRock Low Duration Bond Portfolio","en",NA,NA,"en","c/o C T CORPORATION SYSTEM; 155 FEDERAL ST., SUITE 700",NA,NA,NA,"BOSTON","US-MA","US","02110-1727","en","c/o BLACKROCK ADVISORS, LLC, c/o CORPORATION SERVICE COMPANY, 251 LITTLE FALLS DRIVE",NA,NA,"c/o BLACKROCK ADVISORS, LLC","WILMINGTON","US-DE","US","19808","RA000665",NA,"S000062361","US-MA","FUND","8888","Trust",NA,NA,"ACTIVE",NA,NA,NA,NA,NA,2012-10-10 22:00:00,NA,NA,NA,2012-10-11 13:44:00,2025-10-30 08:57:46,"ISSUED",2026-12-01 13:34:45,"5299000J2N45DDNE4Y28","FULLY_CORROBORATED","RA000665",NA,"S000062361",NA,NA,NA,NA,NA,48718525,"CONFORMING","https://api.gleif.org/api/v1/lei-records/HXUPEBLUHVD4YLUU0O61/managing-lou","https://api.gleif.org/api/v1/lei-records/HXUPEBLUHVD4YLUU0O61/lei-issuer","https://api.gleif.org/api/v1/lei-records/HXUPEBLUHVD4YLUU0O61/field-modifications","https://api.gleif.org/api/v1/lei-records/HXUPEBLUHVD4YLUU0O61/direct-parent-reporting-exception","https://api.gleif.org/api/v1/lei-records/HXUPEBLUHVD4YLUU0O61/ultimate-parent-reporting-exception","https://api.gleif.org/api/v1/lei-records/HXUPEBLUHVD4YLUU0O61/fund-manager","https://api.gleif.org/api/v1/lei-records/HXUPEBLUHVD4YLUU0O61/fund-manager-relationship",TRUE,NA,NA,NA,NA,NA,NA,NA,NA,NA,NA,NA,NA,"https://api.gleif.org/api/v1/lei-records/HXUPEBLUHVD4YLUU0O61/umbrella-fund","https://api.gleif.org/api/v1/lei-records/HXUPEBLUHVD4YLUU0O61/umbrella-fund-relationship",NA,NA,NA,NA,NA,NA,NA,NA,NA,NA,NA,NA,NA,NA,NA,NA,NA,NA,NA,NA,NA,NA,NA,NA,NA,NA,NA,NA,NA,NA,NA,NA,NA,NA,NA,NA,NA,NA,NA,NA,NA,NA,NA,NA,NA,NA,NA,NA,NA,NA,NA,NA,NA,NA,NA,NA,NA,NA,NA,NA,NA,NA,NA,NA,NA,NA,NA,NA,NA,NA,NA,NA,NA,NA,NA,NA,NA,NA,NA,NA,NA,NA,NA,NA,NA,NA,NA,NA,NA,NA,NA,NA,NA,NA,NA,NA,NA,NA,NA,NA,NA,NA,NA,NA,NA,NA,NA,NA,NA,NA,NA,NA,NA,NA,NA,NA,NA,NA,NA,NA,NA,NA,NA,NA,NA,NA,NA,NA,NA,NA,NA,NA,NA,NA,NA,NA,NA,NA,NA,NA,NA,NA,NA,NA,NA,NA,NA,NA,NA,NA,NA,NA,NA,NA,NA,NA,NA,NA,NA,NA,NA,NA,NA,NA,NA,NA,NA,NA,NA,NA,NA,NA,NA,NA,NA,NA,NA,NA,NA,NA,NA,NA,NA,NA,NA,NA,NA,NA,NA,NA,NA,NA,NA,NA,NA,NA,NA,NA,NA,NA,NA,NA,NA,NA,NA,NA,NA,NA,NA,NA,NA,NA,NA,NA,NA,NA,NA,NA,NA,NA,NA,NA,NA,NA,NA,NA,NA,NA,NA,NA,NA,NA,NA,NA,NA,NA,NA,NA,NA,NA,"BlackRock Low Duration Bond Portfolio","Open-End Mutual Fund"
"258","I0IK7Y6YGCB847JHZW53","I0IK7Y6YGCB847JHZW53",200,"I0IK7Y6YGCB847JHZW53","BlackRock U.S. Government Bond Portfolio","en",NA,NA,"en","c/o THE CORPORATION TRUST INCORPORATED; 2405 YORK ROAD; SUITE 201",NA,NA,NA,"LUTHERVILLE-TIMONIUM","US-MD","US","21093-2264","en","c/o BLACKROCK ADVISORS, LLC, c/o CORPORATION SERVICE COMPANY, 251 LITTLE FALLS DRIVE",NA,NA,"c/o BLACKROCK ADVISORS, LLC","WILMINGTON","US-DE","US","19808","RA000665",NA,"S000062375","US-MD","FUND","8888","Trust",NA,NA,"INACTIVE",NA,NA,NA,NA,NA,1980-12-31 23:00:00,NA,NA,NA,2012-10-11 13:46:00,2024-12-21 11:30:46,"RETIRED",2025-01-09 08:38:26,"5299000J2N45DDNE4Y28","FULLY_CORROBORATED","RA000665",NA,"S000062375",NA,NA,NA,NA,NA,108105731,"NOT_APPLICABLE","https://api.gleif.org/api/v1/lei-records/I0IK7Y6YGCB847JHZW53/managing-lou","https://api.gleif.org/api/v1/lei-records/I0IK7Y6YGCB847JHZW53/lei-issuer","https://api.gleif.org/api/v1/lei-records/I0IK7Y6YGCB847JHZW53/field-modifications","https://api.gleif.org/api/v1/lei-records/I0IK7Y6YGCB847JHZW53/direct-parent-reporting-exception","https://api.gleif.org/api/v1/lei-records/I0IK7Y6YGCB847JHZW53/ultimate-parent-reporting-exception",NA,NA,TRUE,NA,"BlackRock Series Fund II, Inc. - BlackRock U.S. Government Bond Portfolio","en","PREVIOUS_LEGAL_NAME",NA,NA,"STANDALONE","SUPPORTING_DOCUMENTS",2023-04-27 22:00:00,2024-12-21 11:30:46,"LIQUIDATION","COMPLETED",NA,NA,NA,NA,NA,NA,NA,NA,NA,"STANDALONE","SUPPORTING_DOCUMENTS",2023-02-13 23:00:00,2023-02-14 14:55:09,"CHANGE_LEGAL_NAME","COMPLETED",NA,NA,NA,NA,NA,NA,NA,NA,NA,NA,NA,NA,NA,NA,NA,NA,NA,NA,NA,NA,NA,NA,NA,NA,NA,NA,NA,NA,NA,NA,NA,NA,NA,NA,NA,NA,NA,NA,NA,NA,NA,NA,NA,NA,NA,NA,NA,NA,NA,NA,NA,NA,NA,NA,NA,NA,NA,NA,NA,NA,NA,NA,NA,NA,NA,NA,NA,NA,NA,NA,NA,NA,NA,NA,NA,NA,NA,NA,NA,NA,NA,NA,NA,NA,NA,NA,NA,NA,NA,NA,NA,NA,NA,NA,NA,NA,NA,NA,NA,NA,NA,NA,NA,NA,NA,NA,NA,NA,NA,NA,NA,NA,NA,NA,NA,NA,NA,NA,NA,NA,NA,NA,NA,NA,NA,NA,NA,NA,NA,NA,NA,NA,NA,NA,NA,NA,NA,NA,NA,NA,NA,NA,NA,NA,NA,NA,NA,NA,NA,NA,NA,NA,NA,NA,NA,NA,NA,NA,NA,NA,NA,NA,NA,NA,NA,NA,NA,NA,NA,NA,NA,NA,NA,NA,NA,NA,NA,NA,NA,NA,NA,NA,NA,NA,NA,NA,NA,NA,NA,NA,NA,NA,NA,NA,NA,NA,NA,NA,NA,NA,NA,NA,NA,NA,NA,NA,NA,NA,NA,NA,NA,NA,NA,NA,NA,NA,NA,NA,NA,NA,NA,NA,NA,NA,NA,NA,NA,"BlackRock U.S. Government Bond Portfolio","Open-End Mutual Fund"
"259","I2YKZAG5Y9OSPQRZQB97","I2YKZAG5Y9OSPQRZQB97",200,"I2YKZAG5Y9OSPQRZQB97","EMERGING MARKETS DEBT FUND","en",NA,NA,"en","C/O C T CORPORATION SYSTEM",NA,NA,NA,"BOSTON","US-MA","US","02110","en","C/O SEI INVESTMENTS MANAGEMENT CORPORATION",NA,NA,NA,"WILMINGTON","US-DE","US","19808","RA000665",NA,"S000006764","US","FUND","8888","FUND",NA,NA,"ACTIVE",NA,NA,NA,NA,NA,2012-06-05 00:00:00,NA,NA,NA,2012-06-06 15:54:00,2026-04-09 09:18:50,"ISSUED",2027-04-20 07:11:10,"5493001KJTIIGC8Y1R12","FULLY_CORROBORATED","RA000665",NA,"S000006764",NA,NA,NA,NA,NA,50953881,"CONFORMING","https://api.gleif.org/api/v1/lei-records/I2YKZAG5Y9OSPQRZQB97/managing-lou","https://api.gleif.org/api/v1/lei-records/I2YKZAG5Y9OSPQRZQB97/lei-issuer","https://api.gleif.org/api/v1/lei-records/I2YKZAG5Y9OSPQRZQB97/field-modifications","https://api.gleif.org/api/v1/lei-records/I2YKZAG5Y9OSPQRZQB97/direct-parent-reporting-exception","https://api.gleif.org/api/v1/lei-records/I2YKZAG5Y9OSPQRZQB97/ultimate-parent-reporting-exception","https://api.gleif.org/api/v1/lei-records/I2YKZAG5Y9OSPQRZQB97/fund-manager","https://api.gleif.org/api/v1/lei-records/I2YKZAG5Y9OSPQRZQB97/fund-manager-relationship",TRUE,NA,"SEI INSTITUTIONAL INVESTMENTS TRUST - Emerging Markets Debt Fund","en","PREVIOUS_LEGAL_NAME","155 FEDERAL STREET","251 LITTLE FALLS DRIVE",NA,NA,NA,NA,NA,NA,"https://api.gleif.org/api/v1/lei-records/I2YKZAG5Y9OSPQRZQB97/umbrella-fund","https://api.gleif.org/api/v1/lei-records/I2YKZAG5Y9OSPQRZQB97/umbrella-fund-relationship",NA,NA,NA,NA,NA,NA,"STE 700",NA,NA,NA,NA,NA,NA,NA,NA,NA,NA,NA,NA,NA,NA,NA,NA,NA,NA,NA,NA,NA,NA,NA,NA,NA,NA,NA,NA,NA,NA,NA,NA,NA,NA,NA,NA,NA,NA,NA,NA,NA,NA,NA,NA,NA,NA,NA,NA,NA,NA,NA,NA,NA,NA,NA,NA,NA,NA,NA,NA,NA,NA,NA,NA,NA,NA,NA,NA,NA,NA,NA,NA,NA,NA,NA,NA,NA,NA,NA,NA,NA,NA,NA,NA,NA,NA,NA,NA,NA,NA,NA,NA,NA,NA,NA,NA,NA,NA,NA,NA,NA,NA,NA,NA,NA,NA,NA,NA,NA,NA,NA,NA,NA,NA,NA,NA,NA,NA,NA,NA,NA,NA,NA,NA,NA,NA,NA,NA,NA,NA,NA,NA,NA,NA,NA,NA,NA,NA,NA,NA,NA,NA,NA,NA,NA,NA,NA,NA,NA,NA,NA,NA,NA,NA,NA,NA,NA,NA,NA,NA,NA,NA,NA,NA,NA,NA,NA,NA,NA,NA,NA,NA,NA,NA,NA,NA,NA,NA,NA,NA,NA,NA,NA,NA,NA,NA,NA,NA,NA,NA,NA,NA,NA,NA,NA,NA,NA,NA,NA,NA,NA,NA,NA,NA,NA,NA,NA,NA,NA,NA,NA,NA,NA,NA,NA,NA,NA,NA,NA,NA,NA,NA,NA,NA,NA,NA,NA,NA,NA,NA,NA,NA,NA,"SIIT EMERGING MARKETS DEBT FUND","Open-End Mutual Fund"
"260","IBB3EVPMDEHKHDPXA468","IBB3EVPMDEHKHDPXA468",200,"IBB3EVPMDEHKHDPXA468","BLACKROCK MULTI-ASSET INCOME PORTFOLIO","en",NA,NA,"en","c/o C T CORPORATION SYSTEM, 155 FEDERAL ST., SUITE 700",NA,NA,NA,"BOSTON","US-MA","US","02110","en","c/o BLACKROCK ADVISORS, LLC, c/o CORPORATION SERVICE COMPANY, 251 LITTLE FALLS DRIVE",NA,NA,"c/o BLACKROCK ADVISORS, LLC","WILMINGTON","US-DE","US","19808","RA000665",NA,"S000020792","US-MA","FUND","8888","Trust",NA,NA,"ACTIVE",NA,NA,NA,NA,NA,2003-07-07 22:00:00,NA,NA,NA,2012-11-21 14:02:00,2025-11-24 10:51:10,"ISSUED",2027-01-12 10:08:26,"5299000J2N45DDNE4Y28","FULLY_CORROBORATED","RA000665",NA,"S000020792",NA,NA,NA,NA,NA,58095253,"CONFORMING","https://api.gleif.org/api/v1/lei-records/IBB3EVPMDEHKHDPXA468/managing-lou","https://api.gleif.org/api/v1/lei-records/IBB3EVPMDEHKHDPXA468/lei-issuer","https://api.gleif.org/api/v1/lei-records/IBB3EVPMDEHKHDPXA468/field-modifications","https://api.gleif.org/api/v1/lei-records/IBB3EVPMDEHKHDPXA468/direct-parent-reporting-exception","https://api.gleif.org/api/v1/lei-records/IBB3EVPMDEHKHDPXA468/ultimate-parent-reporting-exception","https://api.gleif.org/api/v1/lei-records/IBB3EVPMDEHKHDPXA468/fund-manager","https://api.gleif.org/api/v1/lei-records/IBB3EVPMDEHKHDPXA468/fund-manager-relationship",TRUE,NA,"BlackRock Funds II - BLACKROCK MULTI-ASSET INCOME PORTFOLIO","en","PREVIOUS_LEGAL_NAME",NA,NA,"STANDALONE","SUPPORTING_DOCUMENTS",2023-06-12 22:00:00,2023-06-13 14:24:39,"CHANGE_LEGAL_ADDRESS","COMPLETED","https://api.gleif.org/api/v1/lei-records/IBB3EVPMDEHKHDPXA468/umbrella-fund","https://api.gleif.org/api/v1/lei-records/IBB3EVPMDEHKHDPXA468/umbrella-fund-relationship",NA,NA,NA,NA,NA,NA,NA,"STANDALONE","SUPPORTING_DOCUMENTS",2023-02-05 23:00:00,2023-02-06 14:51:22,"CHANGE_HQ_ADDRESS","COMPLETED",NA,NA,NA,NA,NA,NA,NA,NA,NA,NA,NA,NA,NA,NA,NA,NA,NA,NA,NA,NA,"STANDALONE","SUPPORTING_DOCUMENTS",2023-02-05 23:00:00,2023-02-06 14:51:22,"CHANGE_LEGAL_ADDRESS","COMPLETED","STANDALONE","SUPPORTING_DOCUMENTS",2023-02-05 23:00:00,2023-02-06 14:51:22,"CHANGE_LEGAL_NAME","COMPLETED",NA,NA,NA,NA,NA,NA,NA,NA,NA,NA,NA,NA,NA,NA,NA,NA,NA,NA,NA,NA,NA,NA,NA,NA,NA,NA,NA,NA,NA,NA,NA,NA,NA,NA,NA,NA,NA,NA,NA,NA,NA,NA,NA,NA,NA,NA,NA,NA,NA,NA,NA,NA,NA,NA,NA,NA,NA,NA,NA,NA,NA,NA,NA,NA,NA,NA,NA,NA,NA,NA,NA,NA,NA,NA,NA,NA,NA,NA,NA,NA,NA,NA,NA,NA,NA,NA,NA,NA,NA,NA,NA,NA,NA,NA,NA,NA,NA,NA,NA,NA,NA,NA,NA,NA,NA,NA,NA,NA,NA,NA,NA,NA,NA,NA,NA,NA,NA,NA,NA,NA,NA,NA,NA,NA,NA,NA,NA,NA,NA,NA,NA,NA,NA,NA,NA,NA,NA,NA,NA,NA,NA,NA,NA,NA,NA,NA,NA,NA,NA,NA,NA,NA,NA,NA,NA,NA,NA,NA,NA,NA,NA,NA,NA,NA,NA,NA,NA,NA,NA,NA,NA,NA,NA,NA,NA,NA,NA,NA,NA,NA,NA,NA,NA,NA,NA,NA,NA,NA,NA,NA,NA,NA,NA,NA,NA,"BlackRock Multi-Asset Income Portfolio","Open-End Mutual Fund"
"261","IC5ZX00CDTVYWZREUC51","IC5ZX00CDTVYWZREUC51",200,"IC5ZX00CDTVYWZREUC51","PIMCO Investment Grade Credit Bond Fund","en",NA,NA,"en","C/O C T CORPORATION SYSTEM",NA,NA,NA,"BOSTON","US-MA","US","02110","en","C/O PACIFIC INVESTMENT MANAGEMENT COMPANY LLC",NA,NA,NA,"NEWPORT BEACH","US-CA","US","92660","RA000665",NA,"S000009688","US","FUND","8888","FUND",NA,NA,"ACTIVE",NA,NA,NA,NA,NA,2012-10-18 12:00:00,NA,NA,NA,2012-10-19 08:01:00,2025-06-19 18:40:47,"ISSUED",2026-07-07 00:00:00,"5493001KJTIIGC8Y1R12","FULLY_CORROBORATED","RA000665",NA,"S000009688",NA,NA,NA,NA,NA,33595319,"CONFORMING","https://api.gleif.org/api/v1/lei-records/IC5ZX00CDTVYWZREUC51/managing-lou","https://api.gleif.org/api/v1/lei-records/IC5ZX00CDTVYWZREUC51/lei-issuer","https://api.gleif.org/api/v1/lei-records/IC5ZX00CDTVYWZREUC51/field-modifications","https://api.gleif.org/api/v1/lei-records/IC5ZX00CDTVYWZREUC51/direct-parent-reporting-exception","https://api.gleif.org/api/v1/lei-records/IC5ZX00CDTVYWZREUC51/ultimate-parent-reporting-exception","https://api.gleif.org/api/v1/lei-records/IC5ZX00CDTVYWZREUC51/fund-manager","https://api.gleif.org/api/v1/lei-records/IC5ZX00CDTVYWZREUC51/fund-manager-relationship",TRUE,NA,"PIMCO Funds - PIMCO Investment Grade Corporate Bond Fund","en","PREVIOUS_LEGAL_NAME","155 FEDERAL ST.","650 NEWPORT CENTER DRIVE",NA,NA,NA,NA,NA,NA,"https://api.gleif.org/api/v1/lei-records/IC5ZX00CDTVYWZREUC51/umbrella-fund","https://api.gleif.org/api/v1/lei-records/IC5ZX00CDTVYWZREUC51/umbrella-fund-relationship",NA,NA,NA,NA,NA,NA,"SUITE 700",NA,NA,NA,NA,NA,NA,NA,NA,NA,NA,NA,NA,NA,NA,NA,NA,NA,NA,NA,NA,NA,NA,NA,NA,NA,NA,NA,NA,NA,NA,NA,NA,NA,NA,NA,NA,NA,NA,NA,NA,NA,NA,NA,NA,NA,NA,NA,NA,NA,NA,NA,NA,NA,NA,NA,NA,NA,NA,NA,NA,NA,NA,NA,NA,NA,NA,NA,NA,NA,NA,NA,NA,NA,NA,NA,NA,NA,NA,NA,NA,NA,NA,NA,NA,NA,NA,NA,NA,NA,NA,NA,NA,NA,NA,NA,NA,NA,NA,NA,NA,NA,NA,NA,NA,NA,NA,NA,NA,NA,NA,NA,NA,NA,NA,NA,NA,NA,NA,NA,NA,NA,NA,NA,NA,NA,NA,NA,NA,NA,NA,NA,NA,NA,NA,NA,NA,NA,NA,NA,NA,NA,NA,NA,NA,NA,NA,NA,NA,NA,NA,NA,NA,NA,NA,NA,NA,NA,NA,NA,NA,NA,NA,NA,NA,NA,NA,NA,NA,NA,NA,NA,NA,NA,NA,NA,NA,NA,NA,NA,NA,NA,NA,NA,NA,NA,NA,NA,NA,NA,NA,NA,NA,NA,NA,NA,NA,NA,NA,NA,NA,NA,NA,NA,NA,NA,NA,NA,NA,NA,NA,NA,NA,NA,NA,NA,NA,NA,NA,NA,NA,NA,NA,NA,NA,NA,NA,NA,NA,NA,NA,NA,NA,NA,"PIMCO Investment Grade Credit Bond Fund","Open-End Mutual Fund"
"262","IH4EBTSDHE8OUKEDLS31","IH4EBTSDHE8OUKEDLS31",200,"IH4EBTSDHE8OUKEDLS31","THE HARTFORD BALANCED INCOME FUND","en",NA,NA,"en","C/O THE CORPORATION TRUST INCORPORATED",NA,NA,NA,"LUTHERVILLE TIMONIUM","US-MD","US","21093-2264","en","C/O HARTFORD FUNDS MANAGEMENT COMPANY, LLC",NA,NA,NA,"WAYNE","US-PA","US","19087","RA000665",NA,"S000012949","US","FUND","8888","Sub-Fund",NA,NA,"ACTIVE",NA,NA,NA,NA,NA,2012-11-25 00:00:00,NA,NA,NA,2012-11-26 16:03:00,2026-01-16 15:50:29,"ISSUED",2027-02-01 00:00:00,"5493001KJTIIGC8Y1R12","FULLY_CORROBORATED","RA000665",NA,"S000012949",NA,NA,NA,NA,NA,43211094,"CONFORMING","https://api.gleif.org/api/v1/lei-records/IH4EBTSDHE8OUKEDLS31/managing-lou","https://api.gleif.org/api/v1/lei-records/IH4EBTSDHE8OUKEDLS31/lei-issuer","https://api.gleif.org/api/v1/lei-records/IH4EBTSDHE8OUKEDLS31/field-modifications","https://api.gleif.org/api/v1/lei-records/IH4EBTSDHE8OUKEDLS31/direct-parent-reporting-exception","https://api.gleif.org/api/v1/lei-records/IH4EBTSDHE8OUKEDLS31/ultimate-parent-reporting-exception","https://api.gleif.org/api/v1/lei-records/IH4EBTSDHE8OUKEDLS31/fund-manager","https://api.gleif.org/api/v1/lei-records/IH4EBTSDHE8OUKEDLS31/fund-manager-relationship",TRUE,NA,NA,NA,NA,"2405 YORK ROAD","690 LEE ROAD",NA,NA,NA,NA,NA,NA,"https://api.gleif.org/api/v1/lei-records/IH4EBTSDHE8OUKEDLS31/umbrella-fund","https://api.gleif.org/api/v1/lei-records/IH4EBTSDHE8OUKEDLS31/umbrella-fund-relationship",NA,NA,NA,NA,NA,NA,"SUITE 201",NA,NA,NA,NA,NA,NA,NA,NA,NA,NA,NA,NA,NA,NA,NA,NA,NA,NA,NA,NA,NA,NA,NA,NA,NA,NA,NA,NA,NA,NA,NA,NA,NA,NA,NA,NA,NA,NA,NA,NA,NA,NA,NA,NA,NA,NA,NA,NA,NA,NA,NA,NA,NA,NA,NA,NA,NA,NA,NA,NA,NA,NA,NA,NA,NA,NA,NA,NA,NA,NA,NA,NA,NA,NA,NA,NA,NA,NA,NA,NA,NA,NA,NA,NA,NA,NA,NA,NA,NA,NA,NA,NA,NA,NA,NA,NA,NA,NA,NA,NA,NA,NA,NA,NA,NA,NA,NA,NA,NA,NA,NA,NA,NA,NA,NA,NA,NA,NA,NA,NA,NA,NA,NA,NA,NA,NA,NA,NA,NA,NA,NA,NA,NA,NA,NA,NA,NA,NA,NA,NA,NA,NA,NA,NA,NA,NA,NA,NA,NA,NA,NA,NA,NA,NA,NA,NA,NA,NA,NA,NA,NA,NA,NA,NA,NA,NA,NA,NA,NA,NA,NA,NA,NA,NA,NA,NA,NA,NA,NA,NA,NA,NA,NA,NA,NA,NA,NA,NA,NA,NA,NA,NA,NA,NA,NA,NA,NA,NA,NA,NA,NA,NA,NA,NA,NA,NA,NA,NA,NA,NA,NA,NA,NA,NA,NA,NA,NA,NA,NA,NA,NA,NA,NA,NA,NA,NA,NA,NA,NA,NA,NA,NA,NA,"THE HARTFORD BALANCED INCOME FUND","Open-End Mutual Fund"
"263","J2WM8Q8H6QHKH0TBNJ23","J2WM8Q8H6QHKH0TBNJ23",200,"J2WM8Q8H6QHKH0TBNJ23","Goldman Sachs Income Builder Fund","en",NA,NA,"en","1201 North Market Street",NA,NA,NA,"Wilmington","US-DE","US","19801","en","200 West Street",NA,NA,"c/o GOLDMAN SACHS ASSET MANAGEMENT, L.P.","New York","US-NY","US","10282","RA000665",NA,"S000009342","US-DE","FUND","8888","Fund",NA,NA,"ACTIVE",NA,NA,NA,NA,NA,1994-10-12 00:00:00,NA,NA,NA,2012-09-20 17:29:00,2026-01-24 14:10:41,"ISSUED",2027-01-05 20:25:01,"529900T8BM49AURSDO55","PARTIALLY_CORROBORATED","RA000665",NA,"S000009342",NA,NA,NA,NA,NA,28121147,"CONFORMING","https://api.gleif.org/api/v1/lei-records/J2WM8Q8H6QHKH0TBNJ23/managing-lou","https://api.gleif.org/api/v1/lei-records/J2WM8Q8H6QHKH0TBNJ23/lei-issuer","https://api.gleif.org/api/v1/lei-records/J2WM8Q8H6QHKH0TBNJ23/field-modifications","https://api.gleif.org/api/v1/lei-records/J2WM8Q8H6QHKH0TBNJ23/direct-parent-reporting-exception","https://api.gleif.org/api/v1/lei-records/J2WM8Q8H6QHKH0TBNJ23/ultimate-parent-reporting-exception","https://api.gleif.org/api/v1/lei-records/J2WM8Q8H6QHKH0TBNJ23/fund-manager","https://api.gleif.org/api/v1/lei-records/J2WM8Q8H6QHKH0TBNJ23/fund-manager-relationship",TRUE,NA,NA,NA,NA,NA,NA,NA,NA,NA,NA,NA,NA,"https://api.gleif.org/api/v1/lei-records/J2WM8Q8H6QHKH0TBNJ23/umbrella-fund","https://api.gleif.org/api/v1/lei-records/J2WM8Q8H6QHKH0TBNJ23/umbrella-fund-relationship",NA,NA,NA,NA,NA,NA,NA,NA,NA,NA,NA,NA,NA,NA,NA,NA,NA,NA,NA,NA,NA,NA,NA,NA,NA,NA,NA,NA,NA,NA,NA,NA,NA,NA,NA,NA,NA,NA,NA,NA,NA,NA,NA,NA,NA,NA,NA,NA,NA,NA,NA,NA,NA,NA,NA,NA,NA,NA,NA,NA,NA,NA,NA,NA,NA,NA,NA,NA,NA,NA,NA,NA,NA,NA,NA,NA,NA,NA,NA,NA,NA,NA,NA,NA,NA,NA,NA,NA,NA,NA,NA,NA,NA,NA,NA,NA,NA,NA,NA,NA,NA,NA,NA,NA,NA,NA,NA,NA,NA,NA,NA,NA,NA,NA,NA,NA,NA,NA,NA,NA,NA,NA,NA,NA,NA,NA,NA,NA,NA,NA,NA,NA,NA,NA,NA,NA,NA,NA,NA,NA,NA,NA,NA,NA,NA,NA,NA,NA,NA,NA,NA,NA,NA,NA,NA,NA,NA,NA,NA,NA,NA,NA,NA,NA,NA,NA,NA,NA,NA,NA,NA,NA,NA,NA,NA,NA,NA,NA,NA,NA,NA,NA,NA,NA,NA,NA,NA,NA,NA,NA,NA,NA,NA,NA,NA,NA,NA,NA,NA,NA,NA,NA,NA,NA,NA,NA,NA,NA,NA,NA,NA,NA,NA,NA,NA,NA,NA,NA,NA,NA,NA,NA,NA,NA,NA,NA,NA,NA,NA,NA,NA,NA,NA,NA,NA,NA,NA,NA,NA,NA,"Goldman Sachs Income Builder Fund","Open-End Mutual Fund"
"264","J3HDCJQLI0Z3MYG73Z14","J3HDCJQLI0Z3MYG73Z14",200,"J3HDCJQLI0Z3MYG73Z14","PIMCO Low Duration ESG Fund","en",NA,NA,"en","C/O CT CORPORATION SYSTEM",NA,NA,NA,"BOSTON","US-MA","US","02110","en","C/O PACIFIC INVESTMENT MANAGEMENT COMPANY LLC",NA,NA,NA,"DOVER","US-DE","US","19904","RA000665",NA,"S000009693","US","FUND","8888","FUND",NA,NA,"ACTIVE",NA,NA,NA,NA,NA,2012-10-18 00:00:00,NA,NA,NA,2012-10-19 08:01:00,2025-06-19 18:52:58,"ISSUED",2026-07-07 00:00:00,"5493001KJTIIGC8Y1R12","FULLY_CORROBORATED","RA000665",NA,"S000009693",NA,NA,NA,NA,NA,33597839,"CONFORMING","https://api.gleif.org/api/v1/lei-records/J3HDCJQLI0Z3MYG73Z14/managing-lou","https://api.gleif.org/api/v1/lei-records/J3HDCJQLI0Z3MYG73Z14/lei-issuer","https://api.gleif.org/api/v1/lei-records/J3HDCJQLI0Z3MYG73Z14/field-modifications","https://api.gleif.org/api/v1/lei-records/J3HDCJQLI0Z3MYG73Z14/direct-parent-reporting-exception","https://api.gleif.org/api/v1/lei-records/J3HDCJQLI0Z3MYG73Z14/ultimate-parent-reporting-exception","https://api.gleif.org/api/v1/lei-records/J3HDCJQLI0Z3MYG73Z14/fund-manager","https://api.gleif.org/api/v1/lei-records/J3HDCJQLI0Z3MYG73Z14/fund-manager-relationship",TRUE,NA,"PIMCO Funds - Low Duration Fund III","en","PREVIOUS_LEGAL_NAME","155 FEDERAL ST.","838 WALKER ROAD",NA,NA,NA,NA,NA,NA,"https://api.gleif.org/api/v1/lei-records/J3HDCJQLI0Z3MYG73Z14/umbrella-fund","https://api.gleif.org/api/v1/lei-records/J3HDCJQLI0Z3MYG73Z14/umbrella-fund-relationship","SUITE 21-2",NA,NA,"PIMCO Funds - PIMCO Low Duration Fund III","en","PREVIOUS_LEGAL_NAME","SUITE 700",NA,NA,NA,NA,NA,NA,NA,NA,NA,NA,NA,NA,NA,NA,NA,NA,NA,NA,NA,NA,NA,NA,NA,NA,NA,NA,NA,NA,NA,NA,NA,NA,NA,NA,NA,NA,NA,NA,NA,NA,NA,NA,NA,NA,NA,NA,NA,NA,NA,NA,NA,NA,NA,NA,NA,NA,NA,NA,NA,NA,NA,NA,NA,NA,NA,NA,NA,NA,NA,NA,NA,NA,NA,NA,NA,NA,NA,NA,NA,NA,NA,NA,NA,NA,NA,NA,NA,NA,NA,NA,NA,NA,NA,NA,NA,NA,NA,NA,NA,NA,NA,NA,NA,NA,NA,NA,NA,NA,NA,NA,NA,NA,NA,NA,NA,NA,NA,NA,NA,NA,NA,NA,NA,NA,NA,NA,NA,NA,NA,NA,NA,NA,NA,NA,NA,NA,NA,NA,NA,NA,NA,NA,NA,NA,NA,NA,NA,NA,NA,NA,NA,NA,NA,NA,NA,NA,NA,NA,NA,NA,NA,NA,NA,NA,NA,NA,NA,NA,NA,NA,NA,NA,NA,NA,NA,NA,NA,NA,NA,NA,NA,NA,NA,NA,NA,NA,NA,NA,NA,NA,NA,NA,NA,NA,NA,NA,NA,NA,NA,NA,NA,NA,NA,NA,NA,NA,NA,NA,NA,NA,NA,NA,NA,NA,NA,NA,NA,NA,NA,NA,NA,NA,NA,NA,NA,NA,NA,NA,NA,NA,NA,NA,NA,"PIMCO Low Duration ESG Fund","Open-End Mutual Fund"
"265","JG2TUH0Q6HM6T4LE7X38","JG2TUH0Q6HM6T4LE7X38",200,"JG2TUH0Q6HM6T4LE7X38","Transamerica Aegon Bond VP","en",NA,NA,"en","C/O THE CORPORATION TRUST COMPANY",NA,NA,NA,"WILMINGTON","US-DE","US","19801","en","C/O TRANSAMERICA ASSET MANAGEMENT, INC.",NA,NA,NA,"DENVER","US-CO","US","80202","RA000665",NA,"S000007911","US","FUND","8888","FUND",NA,NA,"ACTIVE",NA,NA,NA,NA,NA,2012-11-14 00:00:00,NA,NA,NA,2012-11-14 21:45:00,2025-09-09 18:36:18,"ISSUED",2026-09-27 18:30:37,"5493001KJTIIGC8Y1R12","FULLY_CORROBORATED","RA000665",NA,"S000007911",NA,NA,NA,NA,NA,84243425,"CONFORMING","https://api.gleif.org/api/v1/lei-records/JG2TUH0Q6HM6T4LE7X38/managing-lou","https://api.gleif.org/api/v1/lei-records/JG2TUH0Q6HM6T4LE7X38/lei-issuer","https://api.gleif.org/api/v1/lei-records/JG2TUH0Q6HM6T4LE7X38/field-modifications","https://api.gleif.org/api/v1/lei-records/JG2TUH0Q6HM6T4LE7X38/direct-parent-reporting-exception","https://api.gleif.org/api/v1/lei-records/JG2TUH0Q6HM6T4LE7X38/ultimate-parent-reporting-exception","https://api.gleif.org/api/v1/lei-records/JG2TUH0Q6HM6T4LE7X38/fund-manager","https://api.gleif.org/api/v1/lei-records/JG2TUH0Q6HM6T4LE7X38/fund-manager-relationship",TRUE,NA,"TRANSAMERICA SERIES TRUST - Transamerica PIMCO Total Return VP","en","PREVIOUS_LEGAL_NAME","CORPORATION TRUST CENTER","1801 CALIFORNIA STREET","STANDALONE","SUPPORTING_DOCUMENTS",2023-02-14 00:00:00,2023-09-22 05:34:33,"CHANGE_LEGAL_NAME","COMPLETED","https://api.gleif.org/api/v1/lei-records/JG2TUH0Q6HM6T4LE7X38/umbrella-fund","https://api.gleif.org/api/v1/lei-records/JG2TUH0Q6HM6T4LE7X38/umbrella-fund-relationship","SUITE 3700",NA,NA,"AEGON/Transamerica Series Trust - PIMCO Total Return","en","PREVIOUS_LEGAL_NAME","1209 ORANGE ST",NA,NA,NA,NA,NA,NA,NA,NA,NA,NA,NA,NA,NA,NA,NA,NA,NA,NA,NA,NA,NA,NA,NA,NA,NA,NA,NA,NA,NA,NA,NA,NA,NA,NA,NA,NA,NA,NA,NA,NA,NA,NA,NA,NA,NA,NA,NA,NA,NA,NA,NA,NA,NA,NA,NA,NA,NA,NA,NA,NA,NA,NA,NA,NA,NA,NA,NA,NA,NA,NA,NA,NA,NA,NA,NA,NA,NA,NA,NA,NA,NA,NA,NA,NA,NA,NA,NA,NA,NA,NA,NA,NA,NA,NA,NA,NA,NA,NA,NA,NA,NA,NA,NA,NA,NA,NA,NA,NA,NA,NA,NA,NA,NA,NA,NA,NA,NA,NA,NA,NA,NA,NA,NA,NA,NA,NA,NA,NA,NA,NA,NA,NA,NA,NA,NA,NA,NA,NA,NA,NA,NA,NA,NA,NA,NA,NA,NA,NA,NA,NA,NA,NA,NA,NA,NA,NA,NA,NA,NA,NA,NA,NA,NA,NA,NA,NA,NA,NA,NA,NA,NA,NA,NA,NA,NA,NA,NA,NA,NA,NA,NA,NA,NA,NA,NA,NA,NA,NA,NA,NA,NA,NA,NA,NA,NA,NA,NA,NA,NA,NA,NA,NA,NA,NA,NA,NA,NA,NA,NA,NA,NA,NA,NA,NA,NA,NA,NA,NA,NA,NA,NA,NA,NA,NA,NA,NA,NA,NA,NA,NA,NA,NA,NA,"Transamerica PIMCO Total Return VP","Open-End Mutual Fund"
"266","JIULD0UMK13CI0PIUL16","JIULD0UMK13CI0PIUL16",200,"JIULD0UMK13CI0PIUL16","Strategic Advisers Core Income Fund","en",NA,NA,"en","C/O DELAWARE CORPORATION ORGANIZERS, INC.",NA,NA,NA,"WILMINGTON","US-DE","US","19801","en","C/O Strategic Advisers LLC",NA,NA,NA,"Wilmington","US-DE","US","19801","RA000665",NA,"S000029150","US","FUND","8888","Sub-Fund",NA,NA,"ACTIVE",NA,NA,NA,NA,NA,2007-09-27 12:00:00,NA,NA,NA,2012-06-06 15:53:00,2026-03-24 14:41:16,"ISSUED",2027-04-18 16:07:22,"5493001KJTIIGC8Y1R12","FULLY_CORROBORATED","RA000665",NA,"S000029150",NA,NA,NA,NA,NA,60231222,"CONFORMING","https://api.gleif.org/api/v1/lei-records/JIULD0UMK13CI0PIUL16/managing-lou","https://api.gleif.org/api/v1/lei-records/JIULD0UMK13CI0PIUL16/lei-issuer","https://api.gleif.org/api/v1/lei-records/JIULD0UMK13CI0PIUL16/field-modifications","https://api.gleif.org/api/v1/lei-records/JIULD0UMK13CI0PIUL16/direct-parent-reporting-exception","https://api.gleif.org/api/v1/lei-records/JIULD0UMK13CI0PIUL16/ultimate-parent-reporting-exception","https://api.gleif.org/api/v1/lei-records/JIULD0UMK13CI0PIUL16/fund-manager","https://api.gleif.org/api/v1/lei-records/JIULD0UMK13CI0PIUL16/fund-manager-relationship",TRUE,NA,NA,NA,NA,"1201 NORTH MARKET ST","Corporation Trust Center",NA,NA,NA,NA,NA,NA,"https://api.gleif.org/api/v1/lei-records/JIULD0UMK13CI0PIUL16/umbrella-fund","https://api.gleif.org/api/v1/lei-records/JIULD0UMK13CI0PIUL16/umbrella-fund-relationship","1209 Orange Street",NA,NA,NA,NA,NA,"FL 18",NA,NA,NA,NA,NA,NA,NA,NA,NA,NA,NA,NA,NA,NA,NA,NA,NA,NA,NA,NA,NA,NA,NA,NA,NA,NA,NA,NA,NA,NA,NA,NA,NA,NA,NA,NA,NA,NA,NA,NA,NA,NA,NA,NA,NA,NA,NA,NA,NA,NA,NA,"P.O. BOX 1347",NA,NA,NA,NA,NA,NA,NA,NA,NA,NA,NA,NA,NA,NA,NA,NA,NA,NA,NA,NA,NA,NA,NA,NA,NA,NA,NA,NA,NA,NA,NA,NA,NA,NA,NA,NA,NA,NA,NA,NA,NA,NA,NA,NA,NA,NA,NA,NA,NA,NA,NA,NA,NA,NA,NA,NA,NA,NA,NA,NA,NA,NA,NA,NA,NA,NA,NA,NA,NA,NA,NA,NA,NA,NA,NA,NA,NA,NA,NA,NA,NA,NA,NA,NA,NA,NA,NA,NA,NA,NA,NA,NA,NA,NA,NA,NA,NA,NA,NA,NA,NA,NA,NA,NA,NA,NA,NA,NA,NA,NA,NA,NA,NA,NA,NA,NA,NA,NA,NA,NA,NA,NA,NA,NA,NA,NA,NA,NA,NA,NA,NA,NA,NA,NA,NA,NA,NA,NA,NA,NA,NA,NA,NA,NA,NA,NA,NA,NA,NA,NA,NA,NA,NA,NA,NA,NA,NA,NA,NA,NA,NA,NA,NA,NA,NA,NA,NA,NA,NA,NA,NA,NA,NA,NA,NA,NA,NA,NA,NA,NA,NA,"STRATEGIC ADVISERS CORE INCOME FUND","Open-End Mutual Fund"
"267","JPLOY0QGZ77SI04T0B25","JPLOY0QGZ77SI04T0B25",200,"JPLOY0QGZ77SI04T0B25","PIMCO Diversified Income Fund","en",NA,NA,"en","C/O CT CORPORATION SYSTEM",NA,NA,NA,"BOSTON","US-MA","US","02110","en","C/O PACIFIC INVESTMENT MANAGEMENT COMPANY LLC",NA,NA,NA,"Newport Beach","US-CA","US","92660","RA000665",NA,"S000009714","US","FUND","8888","FUND",NA,NA,"ACTIVE",NA,NA,NA,NA,NA,2012-10-18 00:00:00,NA,NA,NA,2012-10-19 08:02:00,2025-06-20 17:27:04,"ISSUED",2026-07-07 00:00:00,"5493001KJTIIGC8Y1R12","FULLY_CORROBORATED","RA000665",NA,"S000009714",NA,NA,NA,NA,NA,5775419,"CONFORMING","https://api.gleif.org/api/v1/lei-records/JPLOY0QGZ77SI04T0B25/managing-lou","https://api.gleif.org/api/v1/lei-records/JPLOY0QGZ77SI04T0B25/lei-issuer","https://api.gleif.org/api/v1/lei-records/JPLOY0QGZ77SI04T0B25/field-modifications","https://api.gleif.org/api/v1/lei-records/JPLOY0QGZ77SI04T0B25/direct-parent-reporting-exception","https://api.gleif.org/api/v1/lei-records/JPLOY0QGZ77SI04T0B25/ultimate-parent-reporting-exception","https://api.gleif.org/api/v1/lei-records/JPLOY0QGZ77SI04T0B25/fund-manager","https://api.gleif.org/api/v1/lei-records/JPLOY0QGZ77SI04T0B25/fund-manager-relationship",TRUE,NA,"PIMCO FUNDS - PIMCO Diversified Income Fund","en","PREVIOUS_LEGAL_NAME","155 FEDERAL ST., SUITE 700","650 Newport Center Drive",NA,NA,NA,NA,NA,NA,"https://api.gleif.org/api/v1/lei-records/JPLOY0QGZ77SI04T0B25/umbrella-fund","https://api.gleif.org/api/v1/lei-records/JPLOY0QGZ77SI04T0B25/umbrella-fund-relationship",NA,NA,NA,NA,NA,NA,NA,NA,NA,NA,NA,NA,NA,NA,NA,NA,NA,NA,NA,NA,NA,NA,NA,NA,NA,NA,NA,NA,NA,NA,NA,NA,NA,NA,NA,NA,NA,NA,NA,NA,NA,NA,NA,NA,NA,NA,NA,NA,NA,NA,NA,NA,NA,NA,NA,NA,NA,NA,NA,NA,NA,NA,NA,NA,NA,NA,NA,NA,NA,NA,NA,NA,NA,NA,NA,NA,NA,NA,NA,NA,NA,NA,NA,NA,NA,NA,NA,NA,NA,NA,NA,NA,NA,NA,NA,NA,NA,NA,NA,NA,NA,NA,NA,NA,NA,NA,NA,NA,NA,NA,NA,NA,NA,NA,NA,NA,NA,NA,NA,NA,NA,NA,NA,NA,NA,NA,NA,NA,NA,NA,NA,NA,NA,NA,NA,NA,NA,NA,NA,NA,NA,NA,NA,NA,NA,NA,NA,NA,NA,NA,NA,NA,NA,NA,NA,NA,NA,NA,NA,NA,NA,NA,NA,NA,NA,NA,NA,NA,NA,NA,NA,NA,NA,NA,NA,NA,NA,NA,NA,NA,NA,NA,NA,NA,NA,NA,NA,NA,NA,NA,NA,NA,NA,NA,NA,NA,NA,NA,NA,NA,NA,NA,NA,NA,NA,NA,NA,NA,NA,NA,NA,NA,NA,NA,NA,NA,NA,NA,NA,NA,NA,NA,NA,NA,NA,NA,NA,NA,NA,NA,NA,NA,NA,NA,NA,NA,NA,NA,NA,NA,"PIMCO Diversified Income Fund","Open-End Mutual Fund"
"268","JQYJ1J6EXECQXSNHTQ30","JQYJ1J6EXECQXSNHTQ30",200,"JQYJ1J6EXECQXSNHTQ30","Discovery Portfolio","en",NA,NA,"en","1 Tower Bridge",NA,NA,NA,"Philadelphia","US-PA","US","19428","en","C/O Morgan Stanley Investment Management Inc.",NA,NA,NA,"New York","US-NY","US","10036","RA000665",NA,"S000004127","US","FUND","8888","FUND",NA,NA,"ACTIVE",NA,NA,NA,NA,NA,2012-06-05 00:00:00,NA,NA,NA,2012-06-06 15:53:00,2026-03-12 13:59:15,"ISSUED",2027-04-07 15:14:07,"5493001KJTIIGC8Y1R12","FULLY_CORROBORATED","RA000665",NA,"S000004127",NA,NA,NA,NA,NA,28115806,"CONFORMING","https://api.gleif.org/api/v1/lei-records/JQYJ1J6EXECQXSNHTQ30/managing-lou","https://api.gleif.org/api/v1/lei-records/JQYJ1J6EXECQXSNHTQ30/lei-issuer","https://api.gleif.org/api/v1/lei-records/JQYJ1J6EXECQXSNHTQ30/field-modifications","https://api.gleif.org/api/v1/lei-records/JQYJ1J6EXECQXSNHTQ30/direct-parent-reporting-exception","https://api.gleif.org/api/v1/lei-records/JQYJ1J6EXECQXSNHTQ30/ultimate-parent-reporting-exception","https://api.gleif.org/api/v1/lei-records/JQYJ1J6EXECQXSNHTQ30/fund-manager","https://api.gleif.org/api/v1/lei-records/JQYJ1J6EXECQXSNHTQ30/fund-manager-relationship",TRUE,NA,"MORGAN STANLEY INSTITUTIONAL FUND TRUST - Discovery Portfolio","en","PREVIOUS_LEGAL_NAME","West Conshohocken","522 5th Avenue",NA,NA,NA,NA,NA,NA,"https://api.gleif.org/api/v1/lei-records/JQYJ1J6EXECQXSNHTQ30/umbrella-fund","https://api.gleif.org/api/v1/lei-records/JQYJ1J6EXECQXSNHTQ30/umbrella-fund-relationship",NA,NA,NA,"Morgan Stanley Institutional Fund Trust - Mid Cap Growth Portfolio","en","PREVIOUS_LEGAL_NAME",NA,NA,NA,NA,NA,NA,NA,NA,NA,NA,NA,NA,NA,NA,NA,NA,NA,NA,NA,NA,NA,NA,NA,NA,NA,NA,NA,NA,NA,NA,NA,NA,NA,NA,NA,NA,NA,NA,NA,NA,NA,NA,NA,NA,NA,NA,NA,NA,NA,NA,NA,NA,NA,NA,NA,NA,NA,NA,NA,NA,NA,NA,NA,NA,NA,NA,NA,NA,NA,NA,NA,NA,NA,NA,NA,NA,NA,NA,NA,NA,NA,NA,NA,NA,NA,NA,NA,NA,NA,NA,NA,NA,NA,NA,NA,NA,NA,NA,NA,NA,NA,NA,NA,NA,NA,NA,NA,NA,NA,NA,NA,NA,NA,NA,NA,NA,NA,NA,NA,NA,NA,NA,NA,NA,NA,NA,NA,NA,NA,NA,NA,NA,NA,NA,NA,NA,NA,NA,NA,NA,NA,NA,NA,NA,NA,NA,NA,NA,NA,NA,NA,NA,NA,NA,NA,NA,NA,NA,NA,NA,NA,NA,NA,NA,NA,NA,NA,NA,NA,NA,NA,NA,NA,NA,NA,NA,NA,NA,NA,NA,NA,NA,NA,NA,NA,NA,NA,NA,NA,NA,NA,NA,NA,NA,NA,NA,NA,NA,NA,NA,NA,NA,NA,NA,NA,NA,NA,NA,NA,NA,NA,NA,NA,NA,NA,NA,NA,NA,NA,NA,NA,NA,NA,NA,NA,NA,NA,NA,NA,NA,NA,NA,NA,NA,"Mid Cap Growth Portfolio","Open-End Mutual Fund"
"269","KCDOXOJHAWHO0AANJ261","KCDOXOJHAWHO0AANJ261",200,"KCDOXOJHAWHO0AANJ261","PIMCO International Bond Fund (Unhedged)","en",NA,NA,"en","C/O C T CORPORATION SYSTEM",NA,NA,NA,"BOSTON","US-MA","US","02110","en","C/O PACIFIC INVESTMENT MANAGEMENT COMPANY LLC",NA,NA,NA,"Newport Beach","US-CA","US","92660","RA000665",NA,"S000009679","US","FUND","8888","FUND",NA,NA,"ACTIVE",NA,NA,NA,NA,NA,2012-10-18 00:00:00,NA,NA,NA,2012-10-19 08:01:00,2025-06-19 14:07:27,"ISSUED",2026-07-07 00:00:00,"5493001KJTIIGC8Y1R12","FULLY_CORROBORATED","RA000665",NA,"S000009679",NA,NA,NA,NA,NA,50920338,"CONFORMING","https://api.gleif.org/api/v1/lei-records/KCDOXOJHAWHO0AANJ261/managing-lou","https://api.gleif.org/api/v1/lei-records/KCDOXOJHAWHO0AANJ261/lei-issuer","https://api.gleif.org/api/v1/lei-records/KCDOXOJHAWHO0AANJ261/field-modifications","https://api.gleif.org/api/v1/lei-records/KCDOXOJHAWHO0AANJ261/direct-parent-reporting-exception","https://api.gleif.org/api/v1/lei-records/KCDOXOJHAWHO0AANJ261/ultimate-parent-reporting-exception","https://api.gleif.org/api/v1/lei-records/KCDOXOJHAWHO0AANJ261/fund-manager","https://api.gleif.org/api/v1/lei-records/KCDOXOJHAWHO0AANJ261/fund-manager-relationship",TRUE,NA,"PIMCO Funds - PIMCO Foreign Bond Fund (Unhedged)","en","PREVIOUS_LEGAL_NAME","155 FEDERAL ST.","650 Newport Center Drive",NA,NA,NA,NA,NA,NA,"https://api.gleif.org/api/v1/lei-records/KCDOXOJHAWHO0AANJ261/umbrella-fund","https://api.gleif.org/api/v1/lei-records/KCDOXOJHAWHO0AANJ261/umbrella-fund-relationship",NA,NA,NA,NA,NA,NA,"SUITE 700",NA,NA,NA,NA,NA,NA,NA,NA,NA,NA,NA,NA,NA,NA,NA,NA,NA,NA,NA,NA,NA,NA,NA,NA,NA,NA,NA,NA,NA,NA,NA,NA,NA,NA,NA,NA,NA,NA,NA,NA,NA,NA,NA,NA,NA,NA,NA,NA,NA,NA,NA,NA,NA,NA,NA,NA,NA,NA,NA,NA,NA,NA,NA,NA,NA,NA,NA,NA,NA,NA,NA,NA,NA,NA,NA,NA,NA,NA,NA,NA,NA,NA,NA,NA,NA,NA,NA,NA,NA,NA,NA,NA,NA,NA,NA,NA,NA,NA,NA,NA,NA,NA,NA,NA,NA,NA,NA,NA,NA,NA,NA,NA,NA,NA,NA,NA,NA,NA,NA,NA,NA,NA,NA,NA,NA,NA,NA,NA,NA,NA,NA,NA,NA,NA,NA,NA,NA,NA,NA,NA,NA,NA,NA,NA,NA,NA,NA,NA,NA,NA,NA,NA,NA,NA,NA,NA,NA,NA,NA,NA,NA,NA,NA,NA,NA,NA,NA,NA,NA,NA,NA,NA,NA,NA,NA,NA,NA,NA,NA,NA,NA,NA,NA,NA,NA,NA,NA,NA,NA,NA,NA,NA,NA,NA,NA,NA,NA,NA,NA,NA,NA,NA,NA,NA,NA,NA,NA,NA,NA,NA,NA,NA,NA,NA,NA,NA,NA,NA,NA,NA,NA,NA,NA,NA,NA,NA,NA,NA,NA,NA,NA,NA,NA,"PIMCO International Bond Fund (Unhedged)","Open-End Mutual Fund"
"270","KDEBNS7APXQDZVF7RF26","KDEBNS7APXQDZVF7RF26",200,"KDEBNS7APXQDZVF7RF26","GMO Benchmark-Free Fund","en",NA,NA,"en","53 State Street",NA,NA,NA,"Boston","US-MA","US","02109","en","C/O Grantham, Mayo, Van Otterloo & Co. LLC",NA,NA,NA,"Boston","US-MA","US","02109","RA000665",NA,"S000033464","US","FUND","8888","FUND",NA,NA,"ACTIVE",NA,NA,NA,NA,NA,2012-11-26 00:00:00,NA,NA,NA,2012-11-27 21:05:00,2025-10-06 19:51:06,"ISSUED",2026-11-03 00:00:00,"5493001KJTIIGC8Y1R12","FULLY_CORROBORATED","RA000665",NA,"S000033464",NA,NA,NA,NA,NA,142468576,"CONFORMING","https://api.gleif.org/api/v1/lei-records/KDEBNS7APXQDZVF7RF26/managing-lou","https://api.gleif.org/api/v1/lei-records/KDEBNS7APXQDZVF7RF26/lei-issuer","https://api.gleif.org/api/v1/lei-records/KDEBNS7APXQDZVF7RF26/field-modifications","https://api.gleif.org/api/v1/lei-records/KDEBNS7APXQDZVF7RF26/direct-parent-reporting-exception","https://api.gleif.org/api/v1/lei-records/KDEBNS7APXQDZVF7RF26/ultimate-parent-reporting-exception","https://api.gleif.org/api/v1/lei-records/KDEBNS7APXQDZVF7RF26/fund-manager","https://api.gleif.org/api/v1/lei-records/KDEBNS7APXQDZVF7RF26/fund-manager-relationship",TRUE,NA,NA,NA,NA,"Suite 3300","53 State Street",NA,NA,NA,NA,NA,NA,"https://api.gleif.org/api/v1/lei-records/KDEBNS7APXQDZVF7RF26/umbrella-fund","https://api.gleif.org/api/v1/lei-records/KDEBNS7APXQDZVF7RF26/umbrella-fund-relationship","Floor 33",NA,NA,NA,NA,NA,NA,NA,NA,NA,NA,NA,NA,NA,NA,NA,NA,NA,NA,NA,NA,NA,NA,NA,NA,NA,NA,NA,NA,NA,NA,NA,NA,NA,NA,NA,NA,NA,NA,NA,NA,NA,NA,NA,NA,NA,NA,NA,NA,NA,NA,NA,NA,NA,NA,NA,NA,NA,NA,NA,NA,NA,NA,NA,NA,NA,NA,NA,NA,NA,NA,NA,NA,NA,NA,NA,NA,NA,NA,NA,NA,NA,NA,NA,NA,NA,NA,NA,NA,NA,NA,NA,NA,NA,NA,NA,NA,NA,NA,NA,NA,NA,NA,NA,NA,NA,NA,NA,NA,NA,NA,NA,NA,NA,NA,NA,NA,NA,NA,NA,NA,NA,NA,NA,NA,NA,NA,NA,NA,NA,NA,NA,NA,NA,NA,NA,NA,NA,NA,NA,NA,NA,NA,NA,NA,NA,NA,NA,NA,NA,NA,NA,NA,NA,NA,NA,NA,NA,NA,NA,NA,NA,NA,NA,NA,NA,NA,NA,NA,NA,NA,NA,NA,NA,NA,NA,NA,NA,NA,NA,NA,NA,NA,NA,NA,NA,NA,NA,NA,NA,NA,NA,NA,NA,NA,NA,NA,NA,NA,NA,NA,NA,NA,NA,NA,NA,NA,NA,NA,NA,NA,NA,NA,NA,NA,NA,NA,NA,NA,NA,NA,NA,NA,NA,NA,NA,NA,NA,NA,NA,NA,NA,NA,NA,NA,NA,NA,NA,NA,NA,"GMO Benchmark-Free Fund","Open-End Mutual Fund"
"271","KG1SRQTOLDWJGRR7C372","KG1SRQTOLDWJGRR7C372",200,"KG1SRQTOLDWJGRR7C372","THE HARTFORD HIGH YIELD FUND","en",NA,NA,"en","C/O THE CORPORATION TRUST INCORPORATED",NA,NA,NA,"LUTHERVILLE TIMONIUM","US-MD","US","21093-2264","en","C/O HARTFORD FUNDS MANAGEMENT COMPANY, LLC",NA,NA,NA,"WAYNE","US-PA","US","19087","RA000665",NA,"S000003580","US","FUND","8888","Sub-Fund",NA,NA,"ACTIVE",NA,NA,NA,NA,NA,2012-06-05 00:00:00,NA,NA,NA,2012-06-06 15:50:00,2026-01-16 15:50:26,"ISSUED",2027-02-01 00:00:00,"5493001KJTIIGC8Y1R12","FULLY_CORROBORATED","RA000665",NA,"S000003580",NA,NA,NA,NA,NA,34336105,"CONFORMING","https://api.gleif.org/api/v1/lei-records/KG1SRQTOLDWJGRR7C372/managing-lou","https://api.gleif.org/api/v1/lei-records/KG1SRQTOLDWJGRR7C372/lei-issuer","https://api.gleif.org/api/v1/lei-records/KG1SRQTOLDWJGRR7C372/field-modifications","https://api.gleif.org/api/v1/lei-records/KG1SRQTOLDWJGRR7C372/direct-parent-reporting-exception","https://api.gleif.org/api/v1/lei-records/KG1SRQTOLDWJGRR7C372/ultimate-parent-reporting-exception","https://api.gleif.org/api/v1/lei-records/KG1SRQTOLDWJGRR7C372/fund-manager","https://api.gleif.org/api/v1/lei-records/KG1SRQTOLDWJGRR7C372/fund-manager-relationship",TRUE,NA,NA,NA,NA,"2405 YORK ROAD","690 LEE ROAD",NA,NA,NA,NA,NA,NA,"https://api.gleif.org/api/v1/lei-records/KG1SRQTOLDWJGRR7C372/umbrella-fund","https://api.gleif.org/api/v1/lei-records/KG1SRQTOLDWJGRR7C372/umbrella-fund-relationship",NA,NA,NA,NA,NA,NA,"SUITE 201",NA,NA,NA,NA,NA,NA,NA,NA,NA,NA,NA,NA,NA,NA,NA,NA,NA,NA,NA,NA,NA,NA,NA,NA,NA,NA,NA,NA,NA,NA,NA,NA,NA,NA,NA,NA,NA,NA,NA,NA,NA,NA,NA,NA,NA,NA,NA,NA,NA,NA,NA,NA,NA,NA,NA,NA,NA,NA,NA,NA,NA,NA,NA,NA,NA,NA,NA,NA,NA,NA,NA,NA,NA,NA,NA,NA,NA,NA,NA,NA,NA,NA,NA,NA,NA,NA,NA,NA,NA,NA,NA,NA,NA,NA,NA,NA,NA,NA,NA,NA,NA,NA,NA,NA,NA,NA,NA,NA,NA,NA,NA,NA,NA,NA,NA,NA,NA,NA,NA,NA,NA,NA,NA,NA,NA,NA,NA,NA,NA,NA,NA,NA,NA,NA,NA,NA,NA,NA,NA,NA,NA,NA,NA,NA,NA,NA,NA,NA,NA,NA,NA,NA,NA,NA,NA,NA,NA,NA,NA,NA,NA,NA,NA,NA,NA,NA,NA,NA,NA,NA,NA,NA,NA,NA,NA,NA,NA,NA,NA,NA,NA,NA,NA,NA,NA,NA,NA,NA,NA,NA,NA,NA,NA,NA,NA,NA,NA,NA,NA,NA,NA,NA,NA,NA,NA,NA,NA,NA,NA,NA,NA,NA,NA,NA,NA,NA,NA,NA,NA,NA,NA,NA,NA,NA,NA,NA,NA,NA,NA,NA,NA,NA,NA,"THE HARTFORD HIGH YIELD FUND","Open-End Mutual Fund"
"272","KN4O2R884TUHPY814X62","KN4O2R884TUHPY814X62",200,"KN4O2R884TUHPY814X62","Morgan Stanley Income Opportunities Fund","en",NA,NA,"en","C/O C T CORPORATION SYSTEM",NA,NA,NA,"BOSTON","US-MA","US","02110","en","C/O MORGAN STANLEY INVESTMENT MANAGEMENT INC.",NA,NA,NA,"NEW YORK","US-NY","US","10036","RA000665",NA,"0000882381","US","FUND","8888","FUND",NA,NA,"ACTIVE",NA,NA,NA,NA,NA,1991-12-15 00:00:00,NA,NA,NA,2012-06-06 15:56:00,2025-09-22 10:39:39,"ISSUED",2026-05-07 15:14:07,"5493001KJTIIGC8Y1R12","FULLY_CORROBORATED","RA000665",NA,"0000882381",NA,NA,NA,NA,NA,29071188,"CONFORMING","https://api.gleif.org/api/v1/lei-records/KN4O2R884TUHPY814X62/managing-lou","https://api.gleif.org/api/v1/lei-records/KN4O2R884TUHPY814X62/lei-issuer","https://api.gleif.org/api/v1/lei-records/KN4O2R884TUHPY814X62/field-modifications","https://api.gleif.org/api/v1/lei-records/KN4O2R884TUHPY814X62/direct-parent-reporting-exception","https://api.gleif.org/api/v1/lei-records/KN4O2R884TUHPY814X62/ultimate-parent-reporting-exception","https://api.gleif.org/api/v1/lei-records/KN4O2R884TUHPY814X62/fund-manager","https://api.gleif.org/api/v1/lei-records/KN4O2R884TUHPY814X62/fund-manager-relationship",TRUE,NA,"MORGAN STANLEY FLEXIBLE INCOME TRUST","en","PREVIOUS_LEGAL_NAME","155 FEDERAL ST.","1585 BROADWAY","STANDALONE","SUPPORTING_DOCUMENTS",2025-05-30 00:00:00,2025-06-06 00:00:00,"CHANGE_LEGAL_NAME","COMPLETED",NA,NA,NA,NA,NA,"MORGAN STANLEY GLOBAL FIXED INCOME OPPORTUNITIES FUND","en","PREVIOUS_LEGAL_NAME","SUITE 700","STANDALONE","REGULATORY_FILING",2023-11-30 00:00:00,2025-09-17 08:10:02,"CHANGE_HQ_ADDRESS","COMPLETED",NA,NA,NA,NA,NA,NA,NA,NA,NA,NA,NA,NA,NA,NA,NA,NA,NA,NA,NA,NA,NA,NA,NA,NA,NA,NA,NA,NA,NA,NA,NA,NA,NA,NA,NA,NA,NA,NA,NA,NA,NA,NA,NA,NA,NA,NA,NA,NA,NA,NA,NA,NA,NA,NA,NA,NA,NA,NA,NA,NA,NA,NA,NA,NA,NA,NA,NA,NA,NA,NA,NA,NA,NA,NA,NA,NA,NA,NA,NA,NA,NA,NA,NA,NA,NA,NA,NA,NA,NA,NA,NA,NA,NA,NA,NA,NA,NA,NA,NA,NA,NA,NA,NA,NA,NA,NA,NA,NA,NA,NA,NA,NA,NA,NA,NA,NA,NA,NA,NA,NA,NA,NA,NA,NA,NA,NA,NA,NA,NA,NA,NA,NA,NA,NA,NA,NA,NA,NA,NA,NA,NA,NA,NA,NA,NA,NA,NA,NA,NA,NA,NA,NA,NA,NA,NA,NA,NA,NA,NA,NA,NA,NA,NA,NA,NA,NA,NA,NA,NA,NA,NA,NA,NA,NA,NA,NA,NA,NA,NA,NA,NA,NA,NA,NA,NA,NA,NA,NA,NA,NA,NA,NA,NA,NA,NA,NA,NA,NA,NA,NA,NA,NA,NA,NA,NA,NA,NA,NA,NA,NA,NA,NA,NA,NA,NA,NA,NA,NA,NA,NA,NA,NA,NA,NA,NA,NA,NA,"Global Fixed Income Opportunities Fund","Open-End Mutual Fund"
"273","L5PKZHI2VYFXFVFBIX10","L5PKZHI2VYFXFVFBIX10",200,"L5PKZHI2VYFXFVFBIX10","PIMCO Total Return ESG Fund","en",NA,NA,"en","C/O CT CORPORATION SYSTEM",NA,NA,NA,"BOSTON","US-MA","US","02110","en","C/O PACIFIC INVESTMENT MANAGEMENT COMPANY LLC",NA,NA,NA,"DOVER","US-DE","US","19904","RA000665",NA,"S000009710","US","FUND","8888","SUB-FUND",NA,NA,"ACTIVE",NA,NA,NA,NA,NA,2012-10-18 00:00:00,NA,NA,NA,2012-10-19 08:02:00,2025-06-19 19:07:27,"ISSUED",2026-07-07 00:00:00,"5493001KJTIIGC8Y1R12","FULLY_CORROBORATED","RA000665",NA,"S000009710",NA,NA,NA,NA,NA,33596430,"CONFORMING","https://api.gleif.org/api/v1/lei-records/L5PKZHI2VYFXFVFBIX10/managing-lou","https://api.gleif.org/api/v1/lei-records/L5PKZHI2VYFXFVFBIX10/lei-issuer","https://api.gleif.org/api/v1/lei-records/L5PKZHI2VYFXFVFBIX10/field-modifications","https://api.gleif.org/api/v1/lei-records/L5PKZHI2VYFXFVFBIX10/direct-parent-reporting-exception","https://api.gleif.org/api/v1/lei-records/L5PKZHI2VYFXFVFBIX10/ultimate-parent-reporting-exception","https://api.gleif.org/api/v1/lei-records/L5PKZHI2VYFXFVFBIX10/fund-manager","https://api.gleif.org/api/v1/lei-records/L5PKZHI2VYFXFVFBIX10/fund-manager-relationship",TRUE,NA,"PIMCO Funds - PIMCO Total Return Fund III","en","PREVIOUS_LEGAL_NAME","155 FEDERAL ST.","838 WALKER ROAD",NA,NA,NA,NA,NA,NA,"https://api.gleif.org/api/v1/lei-records/L5PKZHI2VYFXFVFBIX10/umbrella-fund","https://api.gleif.org/api/v1/lei-records/L5PKZHI2VYFXFVFBIX10/umbrella-fund-relationship","SUITE 21-2",NA,NA,NA,NA,NA,"SUITE 700",NA,NA,NA,NA,NA,NA,NA,NA,NA,NA,NA,NA,NA,NA,NA,NA,NA,NA,NA,NA,NA,NA,NA,NA,NA,NA,NA,NA,NA,NA,NA,NA,NA,NA,NA,NA,NA,NA,NA,NA,NA,NA,NA,NA,NA,NA,NA,NA,NA,NA,NA,NA,NA,NA,NA,NA,NA,NA,NA,NA,NA,NA,NA,NA,NA,NA,NA,NA,NA,NA,NA,NA,NA,NA,NA,NA,NA,NA,NA,NA,NA,NA,NA,NA,NA,NA,NA,NA,NA,NA,NA,NA,NA,NA,NA,NA,NA,NA,NA,NA,NA,NA,NA,NA,NA,NA,NA,NA,NA,NA,NA,NA,NA,NA,NA,NA,NA,NA,NA,NA,NA,NA,NA,NA,NA,NA,NA,NA,NA,NA,NA,NA,NA,NA,NA,NA,NA,NA,NA,NA,NA,NA,NA,NA,NA,NA,NA,NA,NA,NA,NA,NA,NA,NA,NA,NA,NA,NA,NA,NA,NA,NA,NA,NA,NA,NA,NA,NA,NA,NA,NA,NA,NA,NA,NA,NA,NA,NA,NA,NA,NA,NA,NA,NA,NA,NA,NA,NA,NA,NA,NA,NA,NA,NA,NA,NA,NA,NA,NA,NA,NA,NA,NA,NA,NA,NA,NA,NA,NA,NA,NA,NA,NA,NA,NA,NA,NA,NA,NA,NA,NA,NA,NA,NA,NA,NA,NA,NA,NA,NA,NA,NA,NA,"PIMCO Total Return ESG Fund","Open-End Mutual Fund"
"274","LBQB1OG7EE0H97712G55","LBQB1OG7EE0H97712G55",200,"LBQB1OG7EE0H97712G55","INTERNATIONAL FIXED INCOME FUND","en",NA,NA,"en","C/O C T CORPORATION SYSTEM",NA,NA,NA,"BOSTON","US-MA","US","02110","en","C/O SEI Investments Management Corporation",NA,NA,NA,"Wilmington","US-DE","US","19808","RA000665",NA,"S000006419","US","FUND","8888","Sub-Fund",NA,NA,"ACTIVE",NA,NA,NA,NA,NA,1993-09-01 00:00:00,NA,NA,NA,2012-06-06 15:54:00,2026-04-09 09:19:08,"ISSUED",2027-04-20 07:11:10,"5493001KJTIIGC8Y1R12","FULLY_CORROBORATED","RA000665",NA,"S000006419",NA,NA,NA,NA,NA,54241044,"CONFORMING","https://api.gleif.org/api/v1/lei-records/LBQB1OG7EE0H97712G55/managing-lou","https://api.gleif.org/api/v1/lei-records/LBQB1OG7EE0H97712G55/lei-issuer","https://api.gleif.org/api/v1/lei-records/LBQB1OG7EE0H97712G55/field-modifications","https://api.gleif.org/api/v1/lei-records/LBQB1OG7EE0H97712G55/direct-parent-reporting-exception","https://api.gleif.org/api/v1/lei-records/LBQB1OG7EE0H97712G55/ultimate-parent-reporting-exception","https://api.gleif.org/api/v1/lei-records/LBQB1OG7EE0H97712G55/fund-manager","https://api.gleif.org/api/v1/lei-records/LBQB1OG7EE0H97712G55/fund-manager-relationship",TRUE,NA,"SIT INTERNATIONAL FIXED INCOME FUND","en","PREVIOUS_LEGAL_NAME","155 FEDERAL STREET","251 Little Falls Drive","STANDALONE","SUPPORTING_DOCUMENTS",2025-09-29 00:00:00,2025-10-15 00:00:00,"CHANGE_LEGAL_NAME","COMPLETED","https://api.gleif.org/api/v1/lei-records/LBQB1OG7EE0H97712G55/umbrella-fund","https://api.gleif.org/api/v1/lei-records/LBQB1OG7EE0H97712G55/umbrella-fund-relationship",NA,NA,NA,NA,NA,NA,"STE 700",NA,NA,NA,NA,NA,NA,NA,NA,NA,NA,NA,NA,NA,NA,NA,NA,NA,NA,NA,NA,NA,NA,NA,NA,NA,NA,NA,NA,NA,NA,NA,NA,NA,NA,NA,NA,NA,NA,NA,NA,NA,NA,NA,NA,NA,NA,NA,NA,NA,NA,NA,NA,NA,NA,NA,NA,NA,NA,NA,NA,NA,NA,NA,NA,NA,NA,NA,NA,NA,NA,NA,NA,NA,NA,NA,NA,NA,NA,NA,NA,NA,NA,NA,NA,NA,NA,NA,NA,NA,NA,NA,NA,NA,NA,NA,NA,NA,NA,NA,NA,NA,NA,NA,NA,NA,NA,NA,NA,NA,NA,NA,NA,NA,NA,NA,NA,NA,NA,NA,NA,NA,NA,NA,NA,NA,NA,NA,NA,NA,NA,NA,NA,NA,NA,NA,NA,NA,NA,NA,NA,NA,NA,NA,NA,NA,NA,NA,NA,NA,NA,NA,NA,NA,NA,NA,NA,NA,NA,NA,NA,NA,NA,NA,NA,NA,NA,NA,NA,NA,NA,NA,NA,NA,NA,NA,NA,NA,NA,NA,NA,NA,NA,NA,NA,NA,NA,NA,NA,NA,NA,NA,NA,NA,NA,NA,NA,NA,NA,NA,NA,NA,NA,NA,NA,NA,NA,NA,NA,NA,NA,NA,NA,NA,NA,NA,NA,NA,NA,NA,NA,NA,NA,NA,NA,NA,NA,NA,NA,NA,NA,NA,NA,NA,"SIT International Fixed Income Fund","Open-End Mutual Fund"
"275","LDI5R4W41VRH6VOM1967","LDI5R4W41VRH6VOM1967",200,"LDI5R4W41VRH6VOM1967","THE HARTFORD FLOATING RATE FUND","en",NA,NA,"en","C/O THE CORPORATION TRUST INCORPORATED",NA,NA,NA,"LUTHERVILLE TIMONIUM","US-MD","US","21093-2264","en","C/O HARTFORD FUNDS MANAGEMENT COMPANY, LLC",NA,NA,NA,"WAYNE","US-PA","US","19087","RA000665",NA,"S000003572","US","FUND","8888","SUB-FUND",NA,NA,"ACTIVE",NA,NA,NA,NA,NA,2012-06-05 00:00:00,NA,NA,NA,2012-06-06 15:54:00,2026-01-16 15:50:29,"ISSUED",2027-02-01 00:00:00,"5493001KJTIIGC8Y1R12","FULLY_CORROBORATED","RA000665",NA,"S000003572",NA,NA,NA,NA,NA,27294957,"CONFORMING","https://api.gleif.org/api/v1/lei-records/LDI5R4W41VRH6VOM1967/managing-lou","https://api.gleif.org/api/v1/lei-records/LDI5R4W41VRH6VOM1967/lei-issuer","https://api.gleif.org/api/v1/lei-records/LDI5R4W41VRH6VOM1967/field-modifications","https://api.gleif.org/api/v1/lei-records/LDI5R4W41VRH6VOM1967/direct-parent-reporting-exception","https://api.gleif.org/api/v1/lei-records/LDI5R4W41VRH6VOM1967/ultimate-parent-reporting-exception","https://api.gleif.org/api/v1/lei-records/LDI5R4W41VRH6VOM1967/fund-manager","https://api.gleif.org/api/v1/lei-records/LDI5R4W41VRH6VOM1967/fund-manager-relationship",TRUE,NA,NA,NA,NA,"2405 YORK ROAD","690 LEE ROAD",NA,NA,NA,NA,NA,NA,"https://api.gleif.org/api/v1/lei-records/LDI5R4W41VRH6VOM1967/umbrella-fund","https://api.gleif.org/api/v1/lei-records/LDI5R4W41VRH6VOM1967/umbrella-fund-relationship",NA,NA,NA,NA,NA,NA,"SUITE 201",NA,NA,NA,NA,NA,NA,NA,NA,NA,NA,NA,NA,NA,NA,NA,NA,NA,NA,NA,NA,NA,NA,NA,NA,NA,NA,NA,NA,NA,NA,NA,NA,NA,NA,NA,NA,NA,NA,NA,NA,NA,NA,NA,NA,NA,NA,NA,NA,NA,NA,NA,NA,NA,NA,NA,NA,NA,NA,NA,NA,NA,NA,NA,NA,NA,NA,NA,NA,NA,NA,NA,NA,NA,NA,NA,NA,NA,NA,NA,NA,NA,NA,NA,NA,NA,NA,NA,NA,NA,NA,NA,NA,NA,NA,NA,NA,NA,NA,NA,NA,NA,NA,NA,NA,NA,NA,NA,NA,NA,NA,NA,NA,NA,NA,NA,NA,NA,NA,NA,NA,NA,NA,NA,NA,NA,NA,NA,NA,NA,NA,NA,NA,NA,NA,NA,NA,NA,NA,NA,NA,NA,NA,NA,NA,NA,NA,NA,NA,NA,NA,NA,NA,NA,NA,NA,NA,NA,NA,NA,NA,NA,NA,NA,NA,NA,NA,NA,NA,NA,NA,NA,NA,NA,NA,NA,NA,NA,NA,NA,NA,NA,NA,NA,NA,NA,NA,NA,NA,NA,NA,NA,NA,NA,NA,NA,NA,NA,NA,NA,NA,NA,NA,NA,NA,NA,NA,NA,NA,NA,NA,NA,NA,NA,NA,NA,NA,NA,NA,NA,NA,NA,NA,NA,NA,NA,NA,NA,NA,NA,NA,NA,NA,NA,"THE HARTFORD FLOATING RATE FUND","Open-End Mutual Fund"
"276","LK4IXFQ214RZJC3PVT49","LK4IXFQ214RZJC3PVT49",200,"LK4IXFQ214RZJC3PVT49","Emerging Markets Debt Portfolio","en",NA,NA,"en","C/O THE CORPORATION TRUST INCORPORATED",NA,NA,NA,"LUTHERVILLE TIMONIUM","US-MD","US","21093-2252","en","C/O Morgan Stanley Investment Management Inc.",NA,NA,NA,"New York","US-NY","US","10036","RA000665",NA,"S000004174","US","FUND","8888","FUND",NA,NA,"ACTIVE",NA,NA,NA,NA,NA,2012-06-05 00:00:00,NA,NA,NA,2012-06-06 15:53:00,2025-04-08 11:50:04,"ISSUED",2026-05-07 15:14:07,"5493001KJTIIGC8Y1R12","FULLY_CORROBORATED","RA000665",NA,"S000004174",NA,NA,NA,NA,NA,44262029,"CONFORMING","https://api.gleif.org/api/v1/lei-records/LK4IXFQ214RZJC3PVT49/managing-lou","https://api.gleif.org/api/v1/lei-records/LK4IXFQ214RZJC3PVT49/lei-issuer","https://api.gleif.org/api/v1/lei-records/LK4IXFQ214RZJC3PVT49/field-modifications","https://api.gleif.org/api/v1/lei-records/LK4IXFQ214RZJC3PVT49/direct-parent-reporting-exception","https://api.gleif.org/api/v1/lei-records/LK4IXFQ214RZJC3PVT49/ultimate-parent-reporting-exception","https://api.gleif.org/api/v1/lei-records/LK4IXFQ214RZJC3PVT49/fund-manager","https://api.gleif.org/api/v1/lei-records/LK4IXFQ214RZJC3PVT49/fund-manager-relationship",TRUE,NA,"MORGAN STANLEY VARIABLE INSURANCE FUND INC. - Emerging Markets Debt Portfolio","en","PREVIOUS_LEGAL_NAME","2405 YORK ROAD","522 5th Avenue",NA,NA,NA,NA,NA,NA,"https://api.gleif.org/api/v1/lei-records/LK4IXFQ214RZJC3PVT49/umbrella-fund","https://api.gleif.org/api/v1/lei-records/LK4IXFQ214RZJC3PVT49/umbrella-fund-relationship",NA,NA,NA,"The Universal Institutional Funds, Inc. - Emerging Markets Debt Portfolio","en","PREVIOUS_LEGAL_NAME","SUITE 201",NA,NA,NA,NA,NA,NA,NA,NA,NA,NA,NA,NA,NA,NA,NA,NA,NA,NA,NA,NA,NA,NA,NA,NA,NA,NA,NA,NA,NA,NA,NA,NA,NA,NA,NA,NA,NA,NA,NA,NA,NA,NA,NA,NA,NA,NA,NA,NA,NA,NA,NA,NA,NA,NA,NA,NA,NA,NA,NA,NA,NA,NA,NA,NA,NA,NA,NA,NA,NA,NA,NA,NA,NA,NA,NA,NA,NA,NA,NA,NA,NA,NA,NA,NA,NA,NA,NA,NA,NA,NA,NA,NA,NA,NA,NA,NA,NA,NA,NA,NA,NA,NA,NA,NA,NA,NA,NA,NA,NA,NA,NA,NA,NA,NA,NA,NA,NA,NA,NA,NA,NA,NA,NA,NA,NA,NA,NA,NA,NA,NA,NA,NA,NA,NA,NA,NA,NA,NA,NA,NA,NA,NA,NA,NA,NA,NA,NA,NA,NA,NA,NA,NA,NA,NA,NA,NA,NA,NA,NA,NA,NA,NA,NA,NA,NA,NA,NA,NA,NA,NA,NA,NA,NA,NA,NA,NA,NA,NA,NA,NA,NA,NA,NA,NA,NA,NA,NA,NA,NA,NA,NA,NA,NA,NA,NA,NA,NA,NA,NA,NA,NA,NA,NA,NA,NA,NA,NA,NA,NA,NA,NA,NA,NA,NA,NA,NA,NA,NA,NA,NA,NA,NA,NA,NA,NA,NA,NA,NA,NA,NA,NA,NA,NA,"Emerging Markets Debt Portfolio","Open-End Mutual Fund"
"277","LP81JMWRLFYV1VGLZ622","LP81JMWRLFYV1VGLZ622",200,"LP81JMWRLFYV1VGLZ622","PIMCO StocksPLUS Small Fund","en",NA,NA,"en","C/O CT CORPORATION SYSTEM",NA,NA,NA,"BOSTON","US-MA","US","02110","en","C/O PACIFIC INVESTMENT MANAGEMENT COMPANY LLC",NA,NA,NA,"Newport Beach","US-CA","US","92660","RA000665",NA,"S000010253","US","FUND","8888","FUND",NA,NA,"ACTIVE",NA,NA,NA,NA,NA,2012-10-23 00:00:00,NA,NA,NA,2012-10-24 09:00:00,2025-06-20 15:31:21,"ISSUED",2026-07-07 00:00:00,"5493001KJTIIGC8Y1R12","FULLY_CORROBORATED","RA000665",NA,"S000010253",NA,NA,NA,NA,NA,43893300,"CONFORMING","https://api.gleif.org/api/v1/lei-records/LP81JMWRLFYV1VGLZ622/managing-lou","https://api.gleif.org/api/v1/lei-records/LP81JMWRLFYV1VGLZ622/lei-issuer","https://api.gleif.org/api/v1/lei-records/LP81JMWRLFYV1VGLZ622/field-modifications","https://api.gleif.org/api/v1/lei-records/LP81JMWRLFYV1VGLZ622/direct-parent-reporting-exception","https://api.gleif.org/api/v1/lei-records/LP81JMWRLFYV1VGLZ622/ultimate-parent-reporting-exception","https://api.gleif.org/api/v1/lei-records/LP81JMWRLFYV1VGLZ622/fund-manager","https://api.gleif.org/api/v1/lei-records/LP81JMWRLFYV1VGLZ622/fund-manager-relationship",TRUE,NA,"PIMCO FUNDS - PIMCO StocksPLUS® Small Fund","en","TRADING_OR_OPERATING_NAME","155 FEDERAL ST., SUITE 700","650 Newport Center Drive",NA,NA,NA,NA,NA,NA,"https://api.gleif.org/api/v1/lei-records/LP81JMWRLFYV1VGLZ622/umbrella-fund","https://api.gleif.org/api/v1/lei-records/LP81JMWRLFYV1VGLZ622/umbrella-fund-relationship",NA,NA,NA,"PIMCO Funds - PIMCO Small Cap StocksPLUS® TR Fund","en","PREVIOUS_LEGAL_NAME",NA,NA,NA,NA,NA,NA,NA,NA,NA,NA,NA,NA,NA,NA,NA,NA,NA,NA,NA,NA,NA,NA,NA,NA,NA,NA,NA,NA,NA,NA,NA,NA,NA,NA,NA,NA,NA,NA,NA,NA,NA,NA,NA,NA,NA,NA,NA,NA,NA,NA,NA,NA,NA,NA,NA,NA,NA,NA,NA,NA,NA,NA,NA,NA,NA,NA,NA,NA,NA,NA,NA,NA,NA,NA,NA,NA,NA,NA,NA,NA,NA,NA,NA,NA,NA,NA,NA,NA,NA,NA,NA,NA,NA,NA,NA,NA,NA,NA,NA,NA,NA,NA,NA,NA,NA,NA,NA,NA,NA,NA,NA,NA,NA,NA,NA,NA,NA,NA,NA,NA,NA,NA,NA,NA,NA,NA,NA,NA,NA,NA,NA,NA,NA,NA,NA,NA,NA,NA,NA,NA,NA,NA,NA,NA,NA,NA,NA,NA,NA,NA,NA,NA,NA,NA,NA,NA,NA,NA,NA,NA,NA,NA,NA,NA,NA,NA,NA,NA,NA,NA,NA,NA,NA,NA,NA,NA,NA,NA,NA,NA,NA,NA,NA,NA,NA,NA,NA,NA,NA,NA,NA,NA,NA,NA,NA,NA,NA,NA,NA,NA,NA,NA,NA,NA,NA,NA,NA,NA,NA,NA,NA,NA,NA,NA,NA,NA,NA,NA,NA,NA,NA,NA,NA,NA,NA,NA,NA,NA,NA,NA,NA,NA,NA,NA,"PIMCO StocksPLUS  Small Fund","Open-End Mutual Fund"
"278","LWVQWTQCFH3YG7CVH718","LWVQWTQCFH3YG7CVH718",200,"LWVQWTQCFH3YG7CVH718","PIMCO Short-Term Floating NAV Portfolio III","en",NA,NA,"en","C/O CT CORPORATION SYSTEM",NA,NA,NA,"BOSTON","US-MA","US","02110","en","C/O PACIFIC INVESTMENT MANAGEMENT COMPANY LLC",NA,NA,NA,"DOVER","US-DE","US","19904","RA000665",NA,"S000037048","US","FUND","8888","FUND",NA,NA,"ACTIVE",NA,NA,NA,NA,NA,2012-10-18 00:00:00,NA,NA,NA,2012-10-19 08:03:00,2025-06-19 14:47:13,"ISSUED",2026-07-07 00:00:00,"5493001KJTIIGC8Y1R12","FULLY_CORROBORATED","RA000665",NA,"S000037048",NA,NA,NA,NA,NA,204666510,"CONFORMING","https://api.gleif.org/api/v1/lei-records/LWVQWTQCFH3YG7CVH718/managing-lou","https://api.gleif.org/api/v1/lei-records/LWVQWTQCFH3YG7CVH718/lei-issuer","https://api.gleif.org/api/v1/lei-records/LWVQWTQCFH3YG7CVH718/field-modifications","https://api.gleif.org/api/v1/lei-records/LWVQWTQCFH3YG7CVH718/direct-parent-reporting-exception","https://api.gleif.org/api/v1/lei-records/LWVQWTQCFH3YG7CVH718/ultimate-parent-reporting-exception","https://api.gleif.org/api/v1/lei-records/LWVQWTQCFH3YG7CVH718/fund-manager","https://api.gleif.org/api/v1/lei-records/LWVQWTQCFH3YG7CVH718/fund-manager-relationship",TRUE,NA,NA,NA,NA,"155 FEDERAL ST.","838 WALKER ROAD",NA,NA,NA,NA,NA,NA,"https://api.gleif.org/api/v1/lei-records/LWVQWTQCFH3YG7CVH718/umbrella-fund","https://api.gleif.org/api/v1/lei-records/LWVQWTQCFH3YG7CVH718/umbrella-fund-relationship","SUITE 21-2",NA,NA,NA,NA,NA,"SUITE 700",NA,NA,NA,NA,NA,NA,NA,NA,NA,NA,NA,NA,NA,NA,NA,NA,NA,NA,NA,NA,NA,NA,NA,NA,NA,NA,NA,NA,NA,NA,NA,NA,NA,NA,NA,NA,NA,NA,NA,NA,NA,NA,NA,NA,NA,NA,NA,NA,NA,NA,NA,NA,NA,NA,NA,NA,NA,NA,NA,NA,NA,NA,NA,NA,NA,NA,NA,NA,NA,NA,NA,NA,NA,NA,NA,NA,NA,NA,NA,NA,NA,NA,NA,NA,NA,NA,NA,NA,NA,NA,NA,NA,NA,NA,NA,NA,NA,NA,NA,NA,NA,NA,NA,NA,NA,NA,NA,NA,NA,NA,NA,NA,NA,NA,NA,NA,NA,NA,NA,NA,NA,NA,NA,NA,NA,NA,NA,NA,NA,NA,NA,NA,NA,NA,NA,NA,NA,NA,NA,NA,NA,NA,NA,NA,NA,NA,NA,NA,NA,NA,NA,NA,NA,NA,NA,NA,NA,NA,NA,NA,NA,NA,NA,NA,NA,NA,NA,NA,NA,NA,NA,NA,NA,NA,NA,NA,NA,NA,NA,NA,NA,NA,NA,NA,NA,NA,NA,NA,NA,NA,NA,NA,NA,NA,NA,NA,NA,NA,NA,NA,NA,NA,NA,NA,NA,NA,NA,NA,NA,NA,NA,NA,NA,NA,NA,NA,NA,NA,NA,NA,NA,NA,NA,NA,NA,NA,NA,NA,NA,NA,NA,NA,NA,"PIMCO Short-Term Floating NAV Portfolio III","Open-End Mutual Fund"
"279","MGFS63GRW2G1SZOESY83","MGFS63GRW2G1SZOESY83",200,"MGFS63GRW2G1SZOESY83","PIMCO Low Duration Fund","en",NA,NA,"en","C/O C T CORPORATION SYSTEM",NA,NA,NA,"BOSTON","US-MA","US","02110","en","C/O PACIFIC INVESTMENT MANAGEMENT COMPANY LLC",NA,NA,NA,"DOVER","US-DE","US","19904","RA000665",NA,"S000009691","US","FUND","8888","SUB-FUND",NA,NA,"ACTIVE",NA,NA,NA,NA,NA,2012-10-18 00:00:00,NA,NA,NA,2012-10-19 08:01:00,2025-06-19 18:27:47,"ISSUED",2026-07-07 00:00:00,"5493001KJTIIGC8Y1R12","FULLY_CORROBORATED","RA000665",NA,"S000009691",NA,NA,NA,NA,NA,33595552,"CONFORMING","https://api.gleif.org/api/v1/lei-records/MGFS63GRW2G1SZOESY83/managing-lou","https://api.gleif.org/api/v1/lei-records/MGFS63GRW2G1SZOESY83/lei-issuer","https://api.gleif.org/api/v1/lei-records/MGFS63GRW2G1SZOESY83/field-modifications","https://api.gleif.org/api/v1/lei-records/MGFS63GRW2G1SZOESY83/direct-parent-reporting-exception","https://api.gleif.org/api/v1/lei-records/MGFS63GRW2G1SZOESY83/ultimate-parent-reporting-exception","https://api.gleif.org/api/v1/lei-records/MGFS63GRW2G1SZOESY83/fund-manager","https://api.gleif.org/api/v1/lei-records/MGFS63GRW2G1SZOESY83/fund-manager-relationship",TRUE,NA,"PIMCO Funds - Low Duration Fund","en","PREVIOUS_LEGAL_NAME","155 FEDERAL ST.","838 WALKER ROAD",NA,NA,NA,NA,NA,NA,"https://api.gleif.org/api/v1/lei-records/MGFS63GRW2G1SZOESY83/umbrella-fund","https://api.gleif.org/api/v1/lei-records/MGFS63GRW2G1SZOESY83/umbrella-fund-relationship","SUITE 21-2",NA,NA,NA,NA,NA,"SUITE 700",NA,NA,NA,NA,NA,NA,NA,NA,NA,NA,NA,NA,NA,NA,NA,NA,NA,NA,NA,NA,NA,NA,NA,NA,NA,NA,NA,NA,NA,NA,NA,NA,NA,NA,NA,NA,NA,NA,NA,NA,NA,NA,NA,NA,NA,NA,NA,NA,NA,NA,NA,NA,NA,NA,NA,NA,NA,NA,NA,NA,NA,NA,NA,NA,NA,NA,NA,NA,NA,NA,NA,NA,NA,NA,NA,NA,NA,NA,NA,NA,NA,NA,NA,NA,NA,NA,NA,NA,NA,NA,NA,NA,NA,NA,NA,NA,NA,NA,NA,NA,NA,NA,NA,NA,NA,NA,NA,NA,NA,NA,NA,NA,NA,NA,NA,NA,NA,NA,NA,NA,NA,NA,NA,NA,NA,NA,NA,NA,NA,NA,NA,NA,NA,NA,NA,NA,NA,NA,NA,NA,NA,NA,NA,NA,NA,NA,NA,NA,NA,NA,NA,NA,NA,NA,NA,NA,NA,NA,NA,NA,NA,NA,NA,NA,NA,NA,NA,NA,NA,NA,NA,NA,NA,NA,NA,NA,NA,NA,NA,NA,NA,NA,NA,NA,NA,NA,NA,NA,NA,NA,NA,NA,NA,NA,NA,NA,NA,NA,NA,NA,NA,NA,NA,NA,NA,NA,NA,NA,NA,NA,NA,NA,NA,NA,NA,NA,NA,NA,NA,NA,NA,NA,NA,NA,NA,NA,NA,NA,NA,NA,NA,NA,NA,"PIMCO Low Duration Fund","Open-End Mutual Fund"
"280","MNQ6D2305GB58HFPL064","MNQ6D2305GB58HFPL064",200,"MNQ6D2305GB58HFPL064","GMO SGM Major Markets Fund","en",NA,NA,"en","53 State Street",NA,NA,NA,"Boston","US-MA","US","02109","en","c/o Grantham, Mayo, Van Otterloo & Co, LLC",NA,NA,NA,"Boston","US-MA","US","02110","RA000665",NA,"S000005494","US","FUND","8888","FUND",NA,NA,"ACTIVE",NA,NA,NA,NA,NA,2005-04-11 00:00:00,NA,NA,NA,2012-11-27 21:05:00,2024-11-03 13:30:04,"LAPSED",2024-11-03 00:00:00,"5493001KJTIIGC8Y1R12","FULLY_CORROBORATED","RA000665",NA,"S000005494",NA,NA,NA,NA,NA,34214181,"NON_CONFORMING","https://api.gleif.org/api/v1/lei-records/MNQ6D2305GB58HFPL064/managing-lou","https://api.gleif.org/api/v1/lei-records/MNQ6D2305GB58HFPL064/lei-issuer","https://api.gleif.org/api/v1/lei-records/MNQ6D2305GB58HFPL064/field-modifications","https://api.gleif.org/api/v1/lei-records/MNQ6D2305GB58HFPL064/direct-parent-reporting-exception","https://api.gleif.org/api/v1/lei-records/MNQ6D2305GB58HFPL064/ultimate-parent-reporting-exception","https://api.gleif.org/api/v1/lei-records/MNQ6D2305GB58HFPL064/fund-manager","https://api.gleif.org/api/v1/lei-records/MNQ6D2305GB58HFPL064/fund-manager-relationship",TRUE,NA,"GMO Trust - GMO Alternative Asset Opportunity Fund","en","PREVIOUS_LEGAL_NAME",NA,"40 Rowes Wharf",NA,NA,NA,NA,NA,NA,"https://api.gleif.org/api/v1/lei-records/MNQ6D2305GB58HFPL064/umbrella-fund","https://api.gleif.org/api/v1/lei-records/MNQ6D2305GB58HFPL064/umbrella-fund-relationship",NA,NA,NA,"GMO Trust - GMO Systematic Global Macro Opportunity Fund","en","PREVIOUS_LEGAL_NAME",NA,NA,NA,NA,NA,NA,NA,NA,NA,NA,NA,NA,NA,NA,NA,NA,NA,NA,NA,NA,NA,NA,NA,NA,NA,NA,NA,NA,NA,NA,NA,NA,NA,NA,NA,NA,NA,NA,NA,NA,NA,NA,NA,NA,NA,NA,NA,NA,NA,NA,NA,NA,NA,NA,NA,NA,NA,NA,NA,NA,NA,NA,NA,NA,NA,NA,NA,NA,NA,NA,NA,NA,NA,NA,NA,NA,NA,NA,NA,NA,NA,NA,NA,NA,NA,NA,NA,NA,NA,NA,NA,NA,NA,NA,NA,NA,NA,NA,NA,NA,NA,NA,NA,NA,NA,NA,NA,NA,NA,NA,NA,NA,NA,NA,NA,NA,NA,NA,NA,NA,NA,NA,NA,NA,NA,NA,NA,NA,NA,NA,NA,NA,NA,NA,NA,NA,NA,NA,NA,NA,NA,NA,NA,NA,NA,NA,NA,NA,NA,NA,NA,NA,NA,NA,NA,NA,NA,NA,NA,NA,NA,NA,NA,NA,NA,NA,NA,NA,NA,NA,NA,NA,NA,NA,NA,NA,NA,NA,NA,NA,NA,NA,NA,NA,NA,NA,NA,NA,NA,NA,NA,NA,NA,NA,NA,NA,NA,NA,NA,NA,NA,NA,NA,NA,NA,NA,NA,NA,NA,NA,NA,NA,NA,NA,NA,NA,NA,NA,NA,NA,NA,NA,NA,NA,NA,NA,NA,NA,NA,NA,NA,NA,NA,NA,"GMO SGM Major Markets Fund","Open-End Mutual Fund"
"281","MSRINVBKWZXRZ70AVU36","MSRINVBKWZXRZ70AVU36",200,"MSRINVBKWZXRZ70AVU36","Vanguard High-Yield Corporate Fund","en",NA,NA,"en","c/o CORPORATION SERVICE COMPANY, 251 LITTLE FALLS DRIVE",NA,NA,NA,"WILMINGTON","US-DE","US","19808","en","c/o THE VANGUARD GROUP, INC., 100 VANGUARD BLVD",NA,NA,"c/o THE VANGUARD GROUP, INC.","MALVERN","US-PA","US","19355","RA000665",NA,"S000002584","US-DE","FUND","4FSX",NA,NA,NA,"ACTIVE",NA,NA,NA,NA,NA,2006-03-26 22:00:00,NA,NA,NA,2012-10-05 20:27:00,2025-05-08 08:56:34,"ISSUED",2026-06-24 09:56:38,"5299000J2N45DDNE4Y28","FULLY_CORROBORATED","RA000665",NA,"S000002584",NA,NA,NA,NA,NA,54209593,"CONFORMING","https://api.gleif.org/api/v1/lei-records/MSRINVBKWZXRZ70AVU36/managing-lou","https://api.gleif.org/api/v1/lei-records/MSRINVBKWZXRZ70AVU36/lei-issuer","https://api.gleif.org/api/v1/lei-records/MSRINVBKWZXRZ70AVU36/field-modifications","https://api.gleif.org/api/v1/lei-records/MSRINVBKWZXRZ70AVU36/direct-parent-reporting-exception","https://api.gleif.org/api/v1/lei-records/MSRINVBKWZXRZ70AVU36/ultimate-parent-reporting-exception","https://api.gleif.org/api/v1/lei-records/MSRINVBKWZXRZ70AVU36/fund-manager","https://api.gleif.org/api/v1/lei-records/MSRINVBKWZXRZ70AVU36/fund-manager-relationship",TRUE,NA,NA,NA,NA,NA,NA,NA,NA,NA,NA,NA,NA,"https://api.gleif.org/api/v1/lei-records/MSRINVBKWZXRZ70AVU36/umbrella-fund","https://api.gleif.org/api/v1/lei-records/MSRINVBKWZXRZ70AVU36/umbrella-fund-relationship",NA,NA,NA,NA,NA,NA,NA,NA,NA,NA,NA,NA,NA,NA,NA,NA,NA,NA,NA,NA,NA,NA,NA,NA,NA,NA,NA,NA,NA,NA,NA,NA,NA,NA,NA,NA,NA,NA,NA,NA,NA,NA,NA,NA,NA,NA,NA,NA,NA,NA,NA,NA,NA,NA,NA,NA,NA,NA,NA,NA,NA,NA,NA,NA,NA,NA,NA,NA,NA,NA,NA,NA,NA,NA,NA,NA,NA,NA,NA,NA,NA,NA,NA,NA,NA,NA,NA,NA,NA,NA,NA,NA,NA,NA,NA,NA,NA,NA,NA,NA,NA,NA,NA,NA,NA,NA,NA,NA,NA,NA,NA,NA,NA,NA,NA,NA,NA,NA,NA,NA,NA,NA,NA,NA,NA,NA,NA,NA,NA,NA,NA,NA,NA,NA,NA,NA,NA,NA,NA,NA,NA,NA,NA,NA,NA,NA,NA,NA,NA,NA,NA,NA,NA,NA,NA,NA,NA,NA,NA,NA,NA,NA,NA,NA,NA,NA,NA,NA,NA,NA,NA,NA,NA,NA,NA,NA,NA,NA,NA,NA,NA,NA,NA,NA,NA,NA,NA,NA,NA,NA,NA,NA,NA,NA,NA,NA,NA,NA,NA,NA,NA,NA,NA,NA,NA,NA,NA,NA,NA,NA,NA,NA,NA,NA,NA,NA,NA,NA,NA,NA,NA,NA,NA,NA,NA,NA,NA,NA,NA,NA,NA,NA,NA,NA,NA,NA,NA,NA,NA,NA,"VANGUARD HIGH-YIELD CORPORATE FUND","Open-End Mutual Fund"
"282","MUZDM0OUSTCN1WUJ0O98","MUZDM0OUSTCN1WUJ0O98",200,"MUZDM0OUSTCN1WUJ0O98","BlackRock Income Fund","en",NA,NA,"en","c/o C T CORPORATION SYSTEM, 155 FEDERAL ST., SUITE 700",NA,NA,NA,"BOSTON","US-MA","US","02110","en","c/o BLACKROCK ADVISORS, LLC, c/o CORPORATION SERVICE COMPANY, 251 LITTLE FALLS DRIVE",NA,NA,"c/o BLACKROCK ADVISORS, LLC","WILMINGTON","US-DE","US","19809","RA000665",NA,"S000062356","US-MA","FUND","8888","Trust",NA,NA,"ACTIVE",NA,NA,NA,NA,NA,2003-03-08 23:00:00,NA,NA,NA,2012-10-11 13:46:00,2025-11-24 12:18:37,"ISSUED",2027-01-12 10:08:39,"5299000J2N45DDNE4Y28","FULLY_CORROBORATED","RA000665",NA,"S000062356",NA,NA,NA,NA,NA,106361565,"CONFORMING","https://api.gleif.org/api/v1/lei-records/MUZDM0OUSTCN1WUJ0O98/managing-lou","https://api.gleif.org/api/v1/lei-records/MUZDM0OUSTCN1WUJ0O98/lei-issuer","https://api.gleif.org/api/v1/lei-records/MUZDM0OUSTCN1WUJ0O98/field-modifications","https://api.gleif.org/api/v1/lei-records/MUZDM0OUSTCN1WUJ0O98/direct-parent-reporting-exception","https://api.gleif.org/api/v1/lei-records/MUZDM0OUSTCN1WUJ0O98/ultimate-parent-reporting-exception","https://api.gleif.org/api/v1/lei-records/MUZDM0OUSTCN1WUJ0O98/fund-manager","https://api.gleif.org/api/v1/lei-records/MUZDM0OUSTCN1WUJ0O98/fund-manager-relationship",TRUE,NA,"BlackRock Funds V - BlackRock Income Fund","en","PREVIOUS_LEGAL_NAME",NA,NA,"STANDALONE","SUPPORTING_DOCUMENTS",2023-02-05 23:00:00,2023-02-06 14:41:21,"CHANGE_HQ_ADDRESS","COMPLETED","https://api.gleif.org/api/v1/lei-records/MUZDM0OUSTCN1WUJ0O98/umbrella-fund","https://api.gleif.org/api/v1/lei-records/MUZDM0OUSTCN1WUJ0O98/umbrella-fund-relationship",NA,NA,NA,NA,NA,NA,NA,"STANDALONE","SUPPORTING_DOCUMENTS",2023-02-05 23:00:00,2023-02-06 14:41:21,"CHANGE_LEGAL_ADDRESS","COMPLETED",NA,NA,NA,NA,NA,NA,NA,NA,NA,NA,NA,NA,NA,NA,NA,NA,NA,NA,NA,NA,"STANDALONE","SUPPORTING_DOCUMENTS",2023-02-05 23:00:00,2023-02-06 14:41:21,"CHANGE_LEGAL_NAME","COMPLETED",NA,NA,NA,NA,NA,NA,NA,NA,NA,NA,NA,NA,NA,NA,NA,NA,NA,NA,NA,NA,NA,NA,NA,NA,NA,NA,NA,NA,NA,NA,NA,NA,NA,NA,NA,NA,NA,NA,NA,NA,NA,NA,NA,NA,NA,NA,NA,NA,NA,NA,NA,NA,NA,NA,NA,NA,NA,NA,NA,NA,NA,NA,NA,NA,NA,NA,NA,NA,NA,NA,NA,NA,NA,NA,NA,NA,NA,NA,NA,NA,NA,NA,NA,NA,NA,NA,NA,NA,NA,NA,NA,NA,NA,NA,NA,NA,NA,NA,NA,NA,NA,NA,NA,NA,NA,NA,NA,NA,NA,NA,NA,NA,NA,NA,NA,NA,NA,NA,NA,NA,NA,NA,NA,NA,NA,NA,NA,NA,NA,NA,NA,NA,NA,NA,NA,NA,NA,NA,NA,NA,NA,NA,NA,NA,NA,NA,NA,NA,NA,NA,NA,NA,NA,NA,NA,NA,NA,NA,NA,NA,NA,NA,NA,NA,NA,NA,NA,NA,NA,NA,NA,NA,NA,NA,NA,NA,NA,NA,NA,NA,NA,NA,NA,NA,NA,NA,NA,NA,NA,NA,NA,NA,NA,NA,NA,NA,NA,NA,NA,NA,NA,"BlackRock Credit Strategies Income Fund","Open-End Mutual Fund"
"283","MZ4W4ROOON3S99B8WI92","MZ4W4ROOON3S99B8WI92",200,"MZ4W4ROOON3S99B8WI92","LVIP BlackRock Inflation Protected Bond Fund","en",NA,NA,"en","C/O CORPORATION SERVICE COMPANY",NA,NA,NA,"WILMINGTON","US-DE","US","19808","en","C/O Lincoln Financial Investments Corporation",NA,NA,NA,"Philadelphia","US-PA","US","19087-5252","RA000665",NA,"S000028580","US","FUND","8888","SUB FUND",NA,NA,"ACTIVE",NA,NA,NA,NA,NA,2012-11-01 00:00:00,NA,NA,NA,2012-11-02 00:03:00,2025-12-15 21:06:08,"ISSUED",2026-12-19 00:00:00,"5493001KJTIIGC8Y1R12","FULLY_CORROBORATED","RA000665",NA,"S000028580",NA,NA,NA,NA,NA,113029931,"CONFORMING","https://api.gleif.org/api/v1/lei-records/MZ4W4ROOON3S99B8WI92/managing-lou","https://api.gleif.org/api/v1/lei-records/MZ4W4ROOON3S99B8WI92/lei-issuer","https://api.gleif.org/api/v1/lei-records/MZ4W4ROOON3S99B8WI92/field-modifications","https://api.gleif.org/api/v1/lei-records/MZ4W4ROOON3S99B8WI92/direct-parent-reporting-exception","https://api.gleif.org/api/v1/lei-records/MZ4W4ROOON3S99B8WI92/ultimate-parent-reporting-exception","https://api.gleif.org/api/v1/lei-records/MZ4W4ROOON3S99B8WI92/fund-manager","https://api.gleif.org/api/v1/lei-records/MZ4W4ROOON3S99B8WI92/fund-manager-relationship",TRUE,NA,"LINCOLN VARIABLE INSURANCE PRODUCTS TRUST - LVIP BlackRock Inflation Protected Bond Fund","en","PREVIOUS_LEGAL_NAME","251 LITTLE FALLS DRIVE","150 North Radnor Chester Road",NA,NA,NA,NA,NA,NA,"https://api.gleif.org/api/v1/lei-records/MZ4W4ROOON3S99B8WI92/umbrella-fund","https://api.gleif.org/api/v1/lei-records/MZ4W4ROOON3S99B8WI92/umbrella-fund-relationship","Radnor",NA,NA,NA,NA,NA,NA,NA,NA,NA,NA,NA,NA,NA,NA,NA,NA,NA,NA,NA,NA,NA,NA,NA,NA,NA,NA,NA,NA,NA,NA,NA,NA,NA,NA,NA,NA,NA,NA,NA,NA,NA,NA,NA,NA,NA,NA,NA,NA,NA,NA,NA,NA,NA,NA,NA,NA,NA,NA,NA,NA,NA,NA,NA,NA,NA,NA,NA,NA,NA,NA,NA,NA,NA,NA,NA,NA,NA,NA,NA,NA,NA,NA,NA,NA,NA,NA,NA,NA,NA,NA,NA,NA,NA,NA,NA,NA,NA,NA,NA,NA,NA,NA,NA,NA,NA,NA,NA,NA,NA,NA,NA,NA,NA,NA,NA,NA,NA,NA,NA,NA,NA,NA,NA,NA,NA,NA,NA,NA,NA,NA,NA,NA,NA,NA,NA,NA,NA,NA,NA,NA,NA,NA,NA,NA,NA,NA,NA,NA,NA,NA,NA,NA,NA,NA,NA,NA,NA,NA,NA,NA,NA,NA,NA,NA,NA,NA,NA,NA,NA,NA,NA,NA,NA,NA,NA,NA,NA,NA,NA,NA,NA,NA,NA,NA,NA,NA,NA,NA,NA,NA,NA,NA,NA,NA,NA,NA,NA,NA,NA,NA,NA,NA,NA,NA,NA,NA,NA,NA,NA,NA,NA,NA,NA,NA,NA,NA,NA,NA,NA,NA,NA,NA,NA,NA,NA,NA,NA,NA,NA,NA,NA,NA,NA,NA,NA,NA,NA,NA,NA,"LVIP BlackRock Inflation Protected Bond Fund","Open-End Mutual Fund"
"284","N5EJMO5UDFS6RTXYN111","N5EJMO5UDFS6RTXYN111",200,"N5EJMO5UDFS6RTXYN111","AST MULTI-ASSET DIVERSIFIED PLUS PORTFOLIO","en",NA,NA,"en","C/O Corporation Service Company",NA,NA,NA,"Boston","US-MA","US","02109","en","C/O PGIM INVESTMENTS LLC",NA,NA,NA,"NEWARK","US-NJ","US","07102","RA000665",NA,"S000006792","US","FUND","8888","Sub-Fund",NA,NA,"ACTIVE",NA,NA,NA,NA,NA,2005-12-05 00:00:00,NA,NA,NA,2012-08-13 19:36:00,2026-04-08 11:46:33,"ISSUED",2027-04-21 15:23:47,"5493001KJTIIGC8Y1R12","FULLY_CORROBORATED","RA000665",NA,"S000006792",NA,NA,NA,NA,NA,42160607,"CONFORMING","https://api.gleif.org/api/v1/lei-records/N5EJMO5UDFS6RTXYN111/managing-lou","https://api.gleif.org/api/v1/lei-records/N5EJMO5UDFS6RTXYN111/lei-issuer","https://api.gleif.org/api/v1/lei-records/N5EJMO5UDFS6RTXYN111/field-modifications","https://api.gleif.org/api/v1/lei-records/N5EJMO5UDFS6RTXYN111/direct-parent-reporting-exception","https://api.gleif.org/api/v1/lei-records/N5EJMO5UDFS6RTXYN111/ultimate-parent-reporting-exception","https://api.gleif.org/api/v1/lei-records/N5EJMO5UDFS6RTXYN111/fund-manager","https://api.gleif.org/api/v1/lei-records/N5EJMO5UDFS6RTXYN111/fund-manager-relationship",TRUE,NA,"AST ACADEMIC STRATEGIES ASSET ALLOCATION PORTFOLIO","en","PREVIOUS_LEGAL_NAME","84 State Street","655 BROAD ST","STANDALONE","REGULATORY_FILING",2025-04-29 00:00:00,2025-04-30 20:53:17,"CHANGE_LEGAL_NAME","COMPLETED","https://api.gleif.org/api/v1/lei-records/N5EJMO5UDFS6RTXYN111/umbrella-fund","https://api.gleif.org/api/v1/lei-records/N5EJMO5UDFS6RTXYN111/umbrella-fund-relationship","17TH FLOOR",NA,NA,NA,NA,NA,NA,NA,NA,NA,NA,NA,NA,NA,NA,NA,NA,NA,NA,NA,NA,NA,NA,NA,NA,NA,NA,NA,NA,NA,NA,NA,NA,NA,NA,NA,NA,NA,NA,NA,NA,NA,NA,NA,NA,NA,NA,NA,NA,NA,NA,NA,NA,NA,NA,NA,NA,NA,NA,NA,NA,NA,NA,NA,NA,NA,NA,NA,NA,NA,NA,NA,NA,NA,NA,NA,NA,NA,NA,NA,NA,NA,NA,NA,NA,NA,NA,NA,NA,NA,NA,NA,NA,NA,NA,NA,NA,NA,NA,NA,NA,NA,NA,NA,NA,NA,NA,NA,NA,NA,NA,NA,NA,NA,NA,NA,NA,NA,NA,NA,NA,NA,NA,NA,NA,NA,NA,NA,NA,NA,NA,NA,NA,NA,NA,NA,NA,NA,NA,NA,NA,NA,NA,NA,NA,NA,NA,NA,NA,NA,NA,NA,NA,NA,NA,NA,NA,NA,NA,NA,NA,NA,NA,NA,NA,NA,NA,NA,NA,NA,NA,NA,NA,NA,NA,NA,NA,NA,NA,NA,NA,NA,NA,NA,NA,NA,NA,NA,NA,NA,NA,NA,NA,NA,NA,NA,NA,NA,NA,NA,NA,NA,NA,NA,NA,NA,NA,NA,NA,NA,NA,NA,NA,NA,NA,NA,NA,NA,NA,NA,NA,NA,NA,NA,NA,NA,NA,NA,NA,NA,NA,NA,NA,NA,NA,NA,NA,NA,NA,NA,"AST Academic Strategies Asset Allocation Portfolio","Open-End Mutual Fund"
"285","NKY7JRBKJHQQ68KJ6252","NKY7JRBKJHQQ68KJ6252",200,"NKY7JRBKJHQQ68KJ6252","GLOBAL MACRO ABSOLUTE RETURN ADVANTAGE PORTFOLIO","en",NA,NA,"en","ONE POST OFFICE SQUARE",NA,NA,NA,"BOSTON","US-MA","US","02109","en","C/O BOSTON MANAGEMENT AND RESEARCH",NA,NA,NA,"BOSTON","US-MA","US","02110","RA000665",NA,"0001493214","US","FUND","8888","FUND",NA,NA,"ACTIVE",NA,NA,NA,NA,NA,2010-06-03 00:00:00,NA,NA,NA,2012-06-28 09:07:00,2025-06-16 11:34:50,"ISSUED",2026-07-05 14:42:01,"5493001KJTIIGC8Y1R12","FULLY_CORROBORATED","RA000665",NA,"0001493214",NA,NA,NA,NA,NA,214079100,"CONFORMING","https://api.gleif.org/api/v1/lei-records/NKY7JRBKJHQQ68KJ6252/managing-lou","https://api.gleif.org/api/v1/lei-records/NKY7JRBKJHQQ68KJ6252/lei-issuer","https://api.gleif.org/api/v1/lei-records/NKY7JRBKJHQQ68KJ6252/field-modifications","https://api.gleif.org/api/v1/lei-records/NKY7JRBKJHQQ68KJ6252/direct-parent-reporting-exception","https://api.gleif.org/api/v1/lei-records/NKY7JRBKJHQQ68KJ6252/ultimate-parent-reporting-exception","https://api.gleif.org/api/v1/lei-records/NKY7JRBKJHQQ68KJ6252/fund-manager","https://api.gleif.org/api/v1/lei-records/NKY7JRBKJHQQ68KJ6252/fund-manager-relationship",TRUE,NA,"Global Strategies Portfolio","en","PREVIOUS_LEGAL_NAME",NA,"ONE POST OFFICE SQUARE",NA,NA,NA,NA,NA,NA,NA,NA,NA,NA,NA,NA,NA,NA,NA,NA,NA,NA,NA,NA,NA,NA,NA,NA,NA,NA,NA,NA,NA,NA,NA,NA,NA,NA,NA,NA,NA,NA,NA,NA,NA,NA,NA,NA,NA,NA,NA,NA,NA,NA,NA,NA,NA,NA,NA,NA,NA,NA,NA,NA,NA,NA,NA,NA,NA,NA,NA,NA,NA,NA,NA,NA,NA,NA,NA,NA,NA,NA,NA,NA,NA,NA,NA,NA,NA,NA,NA,NA,NA,NA,NA,NA,NA,NA,NA,NA,NA,NA,NA,NA,NA,NA,NA,NA,NA,NA,NA,NA,NA,NA,NA,NA,NA,NA,NA,NA,NA,NA,NA,NA,NA,NA,NA,NA,NA,NA,NA,NA,NA,NA,NA,NA,NA,NA,NA,NA,NA,NA,NA,NA,NA,NA,NA,NA,NA,NA,NA,NA,NA,NA,NA,NA,NA,NA,NA,NA,NA,NA,NA,NA,NA,NA,NA,NA,NA,NA,NA,NA,NA,NA,NA,NA,NA,NA,NA,NA,NA,NA,NA,NA,NA,NA,NA,NA,NA,NA,NA,NA,NA,NA,NA,NA,NA,NA,NA,NA,NA,NA,NA,NA,NA,NA,NA,NA,NA,NA,NA,NA,NA,NA,NA,NA,NA,NA,NA,NA,NA,NA,NA,NA,NA,NA,NA,NA,NA,NA,NA,NA,NA,NA,NA,NA,NA,NA,NA,NA,NA,NA,NA,NA,NA,NA,NA,NA,NA,NA,NA,NA,"Global Macro Absolute Return Advantage Portfolio","Open-End Mutual Fund"
"286","NPOWQJ8X1XVWUZXY4I44","NPOWQJ8X1XVWUZXY4I44",200,"NPOWQJ8X1XVWUZXY4I44","AST MULTI-ASSET DIVERSIFIED PORTFOLIO","en",NA,NA,"en","C/o Corporation Service Company",NA,NA,NA,"Boston","US-MA","US","02109","en","C/O PGIM Investments LLC",NA,NA,NA,"New York","US-NY","US","10005","RA000665",NA,"S000006797","US","FUND","8888","Sub-Fund",NA,NA,"ACTIVE",NA,NA,NA,NA,NA,2006-03-20 00:00:00,NA,NA,NA,2012-10-24 14:00:00,2026-04-08 11:45:42,"ISSUED",2027-04-21 15:23:47,"5493001KJTIIGC8Y1R12","FULLY_CORROBORATED","RA000665",NA,"S000006797",NA,NA,NA,NA,NA,41868618,"CONFORMING","https://api.gleif.org/api/v1/lei-records/NPOWQJ8X1XVWUZXY4I44/managing-lou","https://api.gleif.org/api/v1/lei-records/NPOWQJ8X1XVWUZXY4I44/lei-issuer","https://api.gleif.org/api/v1/lei-records/NPOWQJ8X1XVWUZXY4I44/field-modifications","https://api.gleif.org/api/v1/lei-records/NPOWQJ8X1XVWUZXY4I44/direct-parent-reporting-exception","https://api.gleif.org/api/v1/lei-records/NPOWQJ8X1XVWUZXY4I44/ultimate-parent-reporting-exception","https://api.gleif.org/api/v1/lei-records/NPOWQJ8X1XVWUZXY4I44/fund-manager","https://api.gleif.org/api/v1/lei-records/NPOWQJ8X1XVWUZXY4I44/fund-manager-relationship",TRUE,NA,"AST ADVANCED STRATEGIES PORTFOLIO","en","PREVIOUS_LEGAL_NAME","84 State Street","28 Liberty Street","STANDALONE","REGULATORY_FILING",2025-04-30 00:00:00,2025-04-30 00:00:00,"CHANGE_LEGAL_NAME","COMPLETED","https://api.gleif.org/api/v1/lei-records/NPOWQJ8X1XVWUZXY4I44/umbrella-fund","https://api.gleif.org/api/v1/lei-records/NPOWQJ8X1XVWUZXY4I44/umbrella-fund-relationship",NA,NA,NA,NA,NA,NA,NA,NA,NA,NA,NA,NA,NA,NA,NA,NA,NA,NA,NA,NA,NA,NA,NA,NA,NA,NA,NA,NA,NA,NA,NA,NA,NA,NA,NA,NA,NA,NA,NA,NA,NA,NA,NA,NA,NA,NA,NA,NA,NA,NA,NA,NA,NA,NA,NA,NA,NA,NA,NA,NA,NA,NA,NA,NA,NA,NA,NA,NA,NA,NA,NA,NA,NA,NA,NA,NA,NA,NA,NA,NA,NA,NA,NA,NA,NA,NA,NA,NA,NA,NA,NA,NA,NA,NA,NA,NA,NA,NA,NA,NA,NA,NA,NA,NA,NA,NA,NA,NA,NA,NA,NA,NA,NA,NA,NA,NA,NA,NA,NA,NA,NA,NA,NA,NA,NA,NA,NA,NA,NA,NA,NA,NA,NA,NA,NA,NA,NA,NA,NA,NA,NA,NA,NA,NA,NA,NA,NA,NA,NA,NA,NA,NA,NA,NA,NA,NA,NA,NA,NA,NA,NA,NA,NA,NA,NA,NA,NA,NA,NA,NA,NA,NA,NA,NA,NA,NA,NA,NA,NA,NA,NA,NA,NA,NA,NA,NA,NA,NA,NA,NA,NA,NA,NA,NA,NA,NA,NA,NA,NA,NA,NA,NA,NA,NA,NA,NA,NA,NA,NA,NA,NA,NA,NA,NA,NA,NA,NA,NA,NA,NA,NA,NA,NA,NA,NA,NA,NA,NA,NA,NA,NA,NA,NA,NA,NA,NA,NA,NA,NA,NA,"AST Advanced Strategies Portfolio","Open-End Mutual Fund"
"287","NXBVDGYPUHFPZAEIGB14","NXBVDGYPUHFPZAEIGB14",200,"NXBVDGYPUHFPZAEIGB14","Brighthouse/Wellington Balanced Portfolio","en",NA,NA,"en","C/O THE CORPORATION TRUST COMPANY",NA,NA,NA,"WILMINGTON","US-DE","US","19801","en","C/O Brighthouse/Wellington Balanced Portfolio",NA,NA,NA,"WILMINGTON","US-DE","US","19801","RA000665",NA,"S000006522","US","FUND","8888","FUND",NA,NA,"ACTIVE",NA,NA,NA,NA,NA,2012-11-20 00:00:00,NA,NA,NA,2012-11-21 14:08:00,2025-06-27 14:25:42,"ISSUED",2026-07-12 00:00:00,"5493001KJTIIGC8Y1R12","FULLY_CORROBORATED","RA000665",NA,"S000006522",NA,NA,NA,NA,NA,28180208,"CONFORMING","https://api.gleif.org/api/v1/lei-records/NXBVDGYPUHFPZAEIGB14/managing-lou","https://api.gleif.org/api/v1/lei-records/NXBVDGYPUHFPZAEIGB14/lei-issuer","https://api.gleif.org/api/v1/lei-records/NXBVDGYPUHFPZAEIGB14/field-modifications","https://api.gleif.org/api/v1/lei-records/NXBVDGYPUHFPZAEIGB14/direct-parent-reporting-exception","https://api.gleif.org/api/v1/lei-records/NXBVDGYPUHFPZAEIGB14/ultimate-parent-reporting-exception","https://api.gleif.org/api/v1/lei-records/NXBVDGYPUHFPZAEIGB14/fund-manager","https://api.gleif.org/api/v1/lei-records/NXBVDGYPUHFPZAEIGB14/fund-manager-relationship",TRUE,NA,NA,NA,NA,"CORPORATION TRUST CENTER","CORPORATION TRUST CENTER",NA,NA,NA,NA,NA,NA,"https://api.gleif.org/api/v1/lei-records/NXBVDGYPUHFPZAEIGB14/umbrella-fund","https://api.gleif.org/api/v1/lei-records/NXBVDGYPUHFPZAEIGB14/umbrella-fund-relationship","1209 ORANGE ST",NA,NA,NA,NA,NA,"1209 ORANGE ST",NA,NA,NA,NA,NA,NA,"https://api.gleif.org/api/v1/lei-records/NXBVDGYPUHFPZAEIGB14/isins",NA,NA,NA,NA,NA,NA,NA,NA,NA,NA,NA,NA,NA,NA,NA,NA,NA,"https://api.gleif.org/api/v1/lei-records/NXBVDGYPUHFPZAEIGB14/managed-fund-relationships","https://api.gleif.org/api/v1/lei-records/NXBVDGYPUHFPZAEIGB14/managed-funds",NA,NA,NA,NA,NA,NA,NA,NA,NA,NA,NA,NA,NA,NA,NA,NA,NA,NA,NA,NA,NA,NA,NA,NA,NA,NA,NA,NA,NA,NA,NA,NA,NA,NA,NA,NA,NA,NA,NA,NA,NA,NA,NA,NA,NA,NA,NA,NA,NA,NA,NA,NA,NA,NA,NA,NA,NA,NA,NA,NA,NA,NA,NA,NA,NA,NA,NA,NA,NA,NA,NA,NA,NA,NA,NA,NA,NA,NA,NA,NA,NA,NA,NA,NA,NA,NA,NA,NA,NA,NA,NA,NA,NA,NA,NA,NA,NA,NA,NA,NA,NA,NA,NA,NA,NA,NA,NA,NA,NA,NA,NA,NA,NA,NA,NA,NA,NA,NA,NA,NA,NA,NA,NA,NA,NA,NA,NA,NA,NA,NA,NA,NA,NA,NA,NA,NA,NA,NA,NA,NA,NA,NA,NA,NA,NA,NA,NA,NA,NA,NA,NA,NA,NA,NA,NA,NA,NA,NA,NA,NA,NA,NA,NA,NA,NA,NA,NA,NA,NA,NA,NA,NA,NA,NA,NA,NA,NA,NA,NA,NA,NA,NA,NA,NA,NA,NA,NA,NA,NA,NA,NA,NA,NA,NA,NA,NA,NA,NA,NA,NA,NA,NA,NA,NA,NA,NA,NA,"Brighthouse/Wellington Balanced Portfolio","Open-End Mutual Fund"
"288","NZ7KR43H6Z5W1GY0QX46","NZ7KR43H6Z5W1GY0QX46",200,"NZ7KR43H6Z5W1GY0QX46","EATON VANCE LIMITED DURATION INCOME FUND","en",NA,NA,"en","One Post Office Square",NA,NA,NA,"Boston","US-MA","US","02109","en","C/O EATON VANCE MANAGEMENT",NA,NA,NA,"BOSTON","US-MA","US","02110","RA000665",NA,"0001222922","US","FUND","8888","FUND",NA,NA,"ACTIVE",NA,NA,NA,NA,NA,2003-03-11 00:00:00,NA,NA,NA,2012-06-06 15:51:00,2025-08-17 14:34:43,"ISSUED",2026-09-06 15:58:07,"5493001KJTIIGC8Y1R12","FULLY_CORROBORATED","RA000665",NA,"0001222922",NA,NA,NA,NA,NA,6223657,"CONFORMING","https://api.gleif.org/api/v1/lei-records/NZ7KR43H6Z5W1GY0QX46/managing-lou","https://api.gleif.org/api/v1/lei-records/NZ7KR43H6Z5W1GY0QX46/lei-issuer","https://api.gleif.org/api/v1/lei-records/NZ7KR43H6Z5W1GY0QX46/field-modifications","https://api.gleif.org/api/v1/lei-records/NZ7KR43H6Z5W1GY0QX46/direct-parent-reporting-exception","https://api.gleif.org/api/v1/lei-records/NZ7KR43H6Z5W1GY0QX46/ultimate-parent-reporting-exception","https://api.gleif.org/api/v1/lei-records/NZ7KR43H6Z5W1GY0QX46/fund-manager","https://api.gleif.org/api/v1/lei-records/NZ7KR43H6Z5W1GY0QX46/fund-manager-relationship",TRUE,NA,NA,NA,NA,NA,"ONE POST OFFICE SQUARE",NA,NA,NA,NA,NA,NA,NA,NA,NA,NA,NA,NA,NA,NA,NA,NA,NA,NA,NA,NA,NA,"https://api.gleif.org/api/v1/lei-records/NZ7KR43H6Z5W1GY0QX46/isins",NA,NA,NA,NA,NA,NA,NA,NA,NA,NA,NA,NA,NA,NA,NA,NA,NA,NA,NA,NA,NA,NA,NA,NA,NA,NA,NA,NA,NA,NA,NA,NA,NA,NA,NA,NA,NA,NA,NA,NA,NA,NA,NA,NA,NA,NA,NA,NA,NA,NA,NA,NA,NA,NA,NA,NA,NA,NA,NA,NA,NA,NA,NA,NA,NA,NA,NA,NA,NA,NA,NA,NA,NA,NA,NA,NA,NA,NA,NA,NA,NA,NA,NA,NA,NA,NA,NA,NA,NA,NA,NA,NA,NA,NA,NA,NA,NA,NA,NA,NA,NA,NA,NA,NA,NA,NA,NA,NA,NA,NA,NA,NA,NA,NA,NA,NA,NA,NA,NA,NA,NA,NA,NA,NA,NA,NA,NA,NA,NA,NA,NA,NA,NA,NA,NA,NA,NA,NA,NA,NA,NA,NA,NA,NA,NA,NA,NA,NA,NA,NA,NA,NA,NA,NA,NA,NA,NA,NA,NA,NA,NA,NA,NA,NA,NA,NA,NA,NA,NA,NA,NA,NA,NA,NA,NA,NA,NA,NA,NA,NA,NA,NA,NA,NA,NA,NA,NA,NA,NA,NA,NA,NA,NA,NA,NA,NA,NA,NA,NA,NA,NA,NA,NA,NA,NA,NA,NA,NA,NA,NA,NA,NA,NA,NA,NA,NA,NA,NA,NA,NA,NA,NA,NA,NA,NA,NA,"Eaton Vance Ltd Duration Income Fund","Closed-End Fund"
"289","O7M5VNOD7AVYOESOBU56","O7M5VNOD7AVYOESOBU56",200,"O7M5VNOD7AVYOESOBU56","PIMCO Dynamic Bond Fund","en",NA,NA,"en","C/O CT CORPORATION SYSTEM",NA,NA,NA,"BOSTON","US-MA","US","02110","en","C/O PACIFIC INVESTMENT MANAGEMENT COMPANY LLC",NA,NA,NA,"DOVER","US-DE","US","19904","RA000665",NA,"S000022557","US","FUND","8888","FUND",NA,NA,"ACTIVE",NA,NA,NA,NA,NA,2012-10-18 12:00:00,NA,NA,NA,2012-10-19 08:02:00,2025-06-19 14:45:49,"ISSUED",2026-07-07 00:00:00,"5493001KJTIIGC8Y1R12","FULLY_CORROBORATED","RA000665",NA,"S000022557",NA,NA,NA,NA,NA,59313350,"CONFORMING","https://api.gleif.org/api/v1/lei-records/O7M5VNOD7AVYOESOBU56/managing-lou","https://api.gleif.org/api/v1/lei-records/O7M5VNOD7AVYOESOBU56/lei-issuer","https://api.gleif.org/api/v1/lei-records/O7M5VNOD7AVYOESOBU56/field-modifications","https://api.gleif.org/api/v1/lei-records/O7M5VNOD7AVYOESOBU56/direct-parent-reporting-exception","https://api.gleif.org/api/v1/lei-records/O7M5VNOD7AVYOESOBU56/ultimate-parent-reporting-exception","https://api.gleif.org/api/v1/lei-records/O7M5VNOD7AVYOESOBU56/fund-manager","https://api.gleif.org/api/v1/lei-records/O7M5VNOD7AVYOESOBU56/fund-manager-relationship",TRUE,NA,"PIMCO Funds - PIMCO Unconstrained Bond Fund","en","PREVIOUS_LEGAL_NAME","155 FEDERAL ST.","838 WALKER ROAD",NA,NA,NA,NA,NA,NA,"https://api.gleif.org/api/v1/lei-records/O7M5VNOD7AVYOESOBU56/umbrella-fund","https://api.gleif.org/api/v1/lei-records/O7M5VNOD7AVYOESOBU56/umbrella-fund-relationship","SUITE 21-2",NA,NA,NA,NA,NA,"SUITE 700",NA,NA,NA,NA,NA,NA,NA,NA,NA,NA,NA,NA,NA,NA,NA,NA,NA,NA,NA,NA,NA,NA,NA,NA,NA,NA,NA,NA,NA,NA,NA,NA,NA,NA,NA,NA,NA,NA,NA,NA,NA,NA,NA,NA,NA,NA,NA,NA,NA,NA,NA,NA,NA,NA,NA,NA,NA,NA,NA,NA,NA,NA,NA,NA,NA,NA,NA,NA,NA,NA,NA,NA,NA,NA,NA,NA,NA,NA,NA,NA,NA,NA,NA,NA,NA,NA,NA,NA,NA,NA,NA,NA,NA,NA,NA,NA,NA,NA,NA,NA,NA,NA,NA,NA,NA,NA,NA,NA,NA,NA,NA,NA,NA,NA,NA,NA,NA,NA,NA,NA,NA,NA,NA,NA,NA,NA,NA,NA,NA,NA,NA,NA,NA,NA,NA,NA,NA,NA,NA,NA,NA,NA,NA,NA,NA,NA,NA,NA,NA,NA,NA,NA,NA,NA,NA,NA,NA,NA,NA,NA,NA,NA,NA,NA,NA,NA,NA,NA,NA,NA,NA,NA,NA,NA,NA,NA,NA,NA,NA,NA,NA,NA,NA,NA,NA,NA,NA,NA,NA,NA,NA,NA,NA,NA,NA,NA,NA,NA,NA,NA,NA,NA,NA,NA,NA,NA,NA,NA,NA,NA,NA,NA,NA,NA,NA,NA,NA,NA,NA,NA,NA,NA,NA,NA,NA,NA,NA,NA,NA,NA,NA,NA,NA,"PIMCO Dynamic Bond Fund","Open-End Mutual Fund"
"290","OA6RHYR6LGM5LRCG2L62","OA6RHYR6LGM5LRCG2L62",200,"OA6RHYR6LGM5LRCG2L62","BlackRock Credit Relative Value Fund","en",NA,NA,"en","C/O C T CORPORATION SYSTEM 155 FEDERAL ST., SUITE 700",NA,NA,NA,"BOSTON","US-MA","US","02110","en","c/o BLACKROCK ADVISORS, LLC, c/o CORPORATION SERVICE COMPANY, 251 LITTLE FALLS DRIVE",NA,NA,"c/o BLACKROCK ADVISORS, LLC","WILMINGTON","US-DE","US","19808","RA000665",NA,"S000062370","US-MA","FUND","8888","Trust",NA,NA,"ACTIVE",NA,NA,NA,NA,NA,2018-04-19 22:00:00,NA,NA,NA,2012-10-11 13:43:00,2025-11-01 09:19:43,"ISSUED",2026-12-05 14:47:30,"5299000J2N45DDNE4Y28","FULLY_CORROBORATED","RA000665",NA,"S000062370",NA,NA,NA,NA,NA,141870124,"CONFORMING","https://api.gleif.org/api/v1/lei-records/OA6RHYR6LGM5LRCG2L62/managing-lou","https://api.gleif.org/api/v1/lei-records/OA6RHYR6LGM5LRCG2L62/lei-issuer","https://api.gleif.org/api/v1/lei-records/OA6RHYR6LGM5LRCG2L62/field-modifications","https://api.gleif.org/api/v1/lei-records/OA6RHYR6LGM5LRCG2L62/direct-parent-reporting-exception","https://api.gleif.org/api/v1/lei-records/OA6RHYR6LGM5LRCG2L62/ultimate-parent-reporting-exception","https://api.gleif.org/api/v1/lei-records/OA6RHYR6LGM5LRCG2L62/fund-manager","https://api.gleif.org/api/v1/lei-records/OA6RHYR6LGM5LRCG2L62/fund-manager-relationship",TRUE,NA,"BlackRock Global Long/Short Credit Fund","en","PREVIOUS_LEGAL_NAME",NA,NA,"STANDALONE","SUPPORTING_DOCUMENTS",2025-05-01 22:00:00,2025-05-02 13:15:43,"CHANGE_LEGAL_NAME","COMPLETED","https://api.gleif.org/api/v1/lei-records/OA6RHYR6LGM5LRCG2L62/umbrella-fund","https://api.gleif.org/api/v1/lei-records/OA6RHYR6LGM5LRCG2L62/umbrella-fund-relationship",NA,NA,NA,NA,NA,NA,NA,NA,NA,NA,NA,NA,NA,NA,NA,NA,NA,NA,NA,NA,NA,NA,NA,NA,NA,NA,NA,NA,NA,NA,NA,NA,NA,NA,NA,NA,NA,NA,NA,NA,NA,NA,NA,NA,NA,NA,NA,NA,NA,NA,NA,NA,NA,NA,NA,NA,NA,NA,NA,NA,NA,NA,NA,NA,NA,NA,NA,NA,NA,NA,NA,NA,NA,NA,NA,NA,NA,NA,NA,NA,NA,NA,NA,NA,NA,NA,NA,NA,NA,NA,NA,NA,NA,NA,NA,NA,NA,NA,NA,NA,NA,NA,NA,NA,NA,NA,NA,NA,NA,NA,NA,NA,NA,NA,NA,NA,NA,NA,NA,NA,NA,NA,NA,NA,NA,NA,NA,NA,NA,NA,NA,NA,NA,NA,NA,NA,NA,NA,NA,NA,NA,NA,NA,NA,NA,NA,NA,NA,NA,NA,NA,NA,NA,NA,NA,NA,NA,NA,NA,NA,NA,NA,NA,NA,NA,NA,NA,NA,NA,NA,NA,NA,NA,NA,NA,NA,NA,NA,NA,NA,NA,NA,NA,NA,NA,NA,NA,NA,NA,NA,NA,NA,NA,NA,NA,NA,NA,NA,NA,NA,NA,NA,NA,NA,NA,NA,NA,NA,NA,NA,NA,NA,NA,NA,NA,NA,NA,NA,NA,NA,NA,NA,NA,NA,NA,NA,NA,NA,NA,NA,NA,NA,NA,NA,NA,NA,NA,NA,NA,NA,"BlackRock Global Long/Short Credit Fund","Open-End Mutual Fund"
"291","ORDRJRZD3R02SUDTBU79","ORDRJRZD3R02SUDTBU79",200,"ORDRJRZD3R02SUDTBU79","Transamerica BlackRock iShares Tactical - Balanced VP","en",NA,NA,"en","C/O THE CORPORATION TRUST COMPANY",NA,NA,NA,"WILMINGTON","US-DE","US","19801","en","C/O TRANSAMERICA ASSET MANAGEMENT, INC.",NA,NA,NA,"DENVER","US-CO","US","80202","RA000665",NA,"S000025013","US","FUND","8888","FUND",NA,NA,"ACTIVE",NA,NA,NA,NA,NA,2012-11-13 00:00:00,NA,NA,NA,2012-11-14 21:45:00,2025-09-09 18:36:17,"ISSUED",2026-09-27 18:30:37,"5493001KJTIIGC8Y1R12","FULLY_CORROBORATED","RA000665",NA,"S000025013",NA,NA,NA,NA,NA,84238695,"CONFORMING","https://api.gleif.org/api/v1/lei-records/ORDRJRZD3R02SUDTBU79/managing-lou","https://api.gleif.org/api/v1/lei-records/ORDRJRZD3R02SUDTBU79/lei-issuer","https://api.gleif.org/api/v1/lei-records/ORDRJRZD3R02SUDTBU79/field-modifications","https://api.gleif.org/api/v1/lei-records/ORDRJRZD3R02SUDTBU79/direct-parent-reporting-exception","https://api.gleif.org/api/v1/lei-records/ORDRJRZD3R02SUDTBU79/ultimate-parent-reporting-exception","https://api.gleif.org/api/v1/lei-records/ORDRJRZD3R02SUDTBU79/fund-manager","https://api.gleif.org/api/v1/lei-records/ORDRJRZD3R02SUDTBU79/fund-manager-relationship",TRUE,NA,"Transamerica PIMCO Tactical – Balanced VP","en","PREVIOUS_LEGAL_NAME","CORPORATION TRUST CENTER","1801 CALIFORNIA STREET","STANDALONE","REGULATORY_FILING",2024-05-01 00:00:00,2024-05-08 16:19:19,"CHANGE_LEGAL_NAME","COMPLETED","https://api.gleif.org/api/v1/lei-records/ORDRJRZD3R02SUDTBU79/umbrella-fund","https://api.gleif.org/api/v1/lei-records/ORDRJRZD3R02SUDTBU79/umbrella-fund-relationship","SUITE 3700",NA,NA,NA,NA,NA,"1209 ORANGE ST",NA,NA,NA,NA,NA,NA,NA,NA,NA,NA,NA,NA,NA,NA,NA,NA,NA,NA,NA,NA,NA,NA,NA,NA,NA,NA,NA,NA,NA,NA,NA,NA,NA,NA,NA,NA,NA,NA,NA,NA,NA,NA,NA,NA,NA,NA,NA,NA,NA,NA,NA,NA,NA,NA,NA,NA,NA,NA,NA,NA,NA,NA,NA,NA,NA,NA,NA,NA,NA,NA,NA,NA,NA,NA,NA,NA,NA,NA,NA,NA,NA,NA,NA,NA,NA,NA,NA,NA,NA,NA,NA,NA,NA,NA,NA,NA,NA,NA,NA,NA,NA,NA,NA,NA,NA,NA,NA,NA,NA,NA,NA,NA,NA,NA,NA,NA,NA,NA,NA,NA,NA,NA,NA,NA,NA,NA,NA,NA,NA,NA,NA,NA,NA,NA,NA,NA,NA,NA,NA,NA,NA,NA,NA,NA,NA,NA,NA,NA,NA,NA,NA,NA,NA,NA,NA,NA,NA,NA,NA,NA,NA,NA,NA,NA,NA,NA,NA,NA,NA,NA,NA,NA,NA,NA,NA,NA,NA,NA,NA,NA,NA,NA,NA,NA,NA,NA,NA,NA,NA,NA,NA,NA,NA,NA,NA,NA,NA,NA,NA,NA,NA,NA,NA,NA,NA,NA,NA,NA,NA,NA,NA,NA,NA,NA,NA,NA,NA,NA,NA,NA,NA,NA,NA,NA,NA,NA,NA,NA,NA,NA,NA,NA,NA,"Transamerica PIMCO Tactical - Balanced VP","Open-End Mutual Fund"
"292","OU1T3WRT0HTCZGXSYU41","OU1T3WRT0HTCZGXSYU41",200,"OU1T3WRT0HTCZGXSYU41","Opportunistic Fixed Income Trust","en",NA,NA,"en","200 BERKELEY ST.",NA,NA,NA,"BOSTON","US-MA","US","02116","en","C/O John Hancock Variable Trust Advisers LLC",NA,NA,NA,"Boston","US-MA","US","02116","RA000665",NA,"S000008233","US","FUND","8888","SUB FUND",NA,NA,"ACTIVE",NA,NA,NA,NA,NA,1988-03-21 00:00:00,NA,NA,NA,2012-11-19 14:04:00,2025-09-26 19:36:33,"ISSUED",2026-10-25 00:00:00,"5493001KJTIIGC8Y1R12","FULLY_CORROBORATED","RA000665",NA,"S000008233",NA,NA,NA,NA,NA,33804237,"CONFORMING","https://api.gleif.org/api/v1/lei-records/OU1T3WRT0HTCZGXSYU41/managing-lou","https://api.gleif.org/api/v1/lei-records/OU1T3WRT0HTCZGXSYU41/lei-issuer","https://api.gleif.org/api/v1/lei-records/OU1T3WRT0HTCZGXSYU41/field-modifications","https://api.gleif.org/api/v1/lei-records/OU1T3WRT0HTCZGXSYU41/direct-parent-reporting-exception","https://api.gleif.org/api/v1/lei-records/OU1T3WRT0HTCZGXSYU41/ultimate-parent-reporting-exception","https://api.gleif.org/api/v1/lei-records/OU1T3WRT0HTCZGXSYU41/fund-manager","https://api.gleif.org/api/v1/lei-records/OU1T3WRT0HTCZGXSYU41/fund-manager-relationship",TRUE,NA,"JOHN HANCOCK TRUST - Global Bond Trust","en","PREVIOUS_LEGAL_NAME",NA,"200 Berkeley Street","STANDALONE","SUPPORTING_DOCUMENTS",2025-08-31 00:00:00,2025-09-11 00:00:00,"CHANGE_LEGAL_NAME","COMPLETED","https://api.gleif.org/api/v1/lei-records/OU1T3WRT0HTCZGXSYU41/umbrella-fund","https://api.gleif.org/api/v1/lei-records/OU1T3WRT0HTCZGXSYU41/umbrella-fund-relationship",NA,NA,NA,"JOHN HANCOCK VARIABLE INSURANCE TRUST - Global Bond Trust","en","PREVIOUS_LEGAL_NAME",NA,NA,NA,NA,NA,NA,NA,NA,NA,NA,NA,NA,NA,NA,NA,NA,NA,NA,NA,NA,NA,NA,NA,NA,NA,NA,NA,NA,NA,NA,NA,NA,NA,NA,NA,NA,NA,NA,NA,NA,NA,NA,NA,NA,NA,NA,NA,NA,NA,NA,NA,NA,NA,NA,NA,NA,NA,NA,NA,NA,NA,NA,NA,NA,NA,NA,NA,NA,NA,NA,NA,NA,NA,NA,NA,NA,NA,NA,NA,NA,NA,NA,NA,NA,NA,NA,NA,NA,NA,NA,NA,NA,NA,NA,NA,NA,NA,NA,NA,NA,NA,NA,NA,NA,NA,NA,NA,NA,NA,NA,NA,NA,NA,NA,NA,NA,NA,NA,NA,NA,NA,NA,NA,NA,NA,NA,NA,NA,NA,NA,NA,NA,NA,NA,NA,NA,NA,NA,NA,NA,NA,NA,NA,NA,NA,NA,NA,NA,NA,NA,NA,NA,NA,NA,NA,NA,NA,NA,NA,NA,NA,NA,NA,NA,NA,NA,NA,NA,NA,NA,NA,NA,NA,NA,NA,NA,NA,NA,NA,NA,NA,NA,NA,NA,NA,NA,NA,NA,NA,NA,NA,NA,NA,NA,NA,NA,NA,NA,NA,NA,NA,NA,NA,NA,NA,NA,NA,NA,NA,NA,NA,NA,NA,NA,NA,NA,NA,NA,NA,NA,NA,NA,NA,NA,NA,NA,NA,NA,NA,NA,NA,NA,NA,NA,"Global Bond Trust","Open-End Mutual Fund"
"293","OZ5WCS502FZE6NVLXP08","OZ5WCS502FZE6NVLXP08",200,"OZ5WCS502FZE6NVLXP08","PIMCO Credit Opportunities Bond Fund","en",NA,NA,"en","C/O C T CORPORATION SYSTEM",NA,NA,NA,"BOSTON","US-MA","US","02110","en","C/O PACIFIC INVESTMENT MANAGEMENT COMPANY LLC",NA,NA,NA,"DOVER","US-DE","US","19904","RA000665",NA,"S000033596","US","FUND","8888","FUND",NA,NA,"ACTIVE",NA,NA,NA,NA,NA,2012-10-18 00:00:00,NA,NA,NA,2012-10-19 08:05:00,2025-06-19 16:57:11,"ISSUED",2026-07-07 00:00:00,"5493001KJTIIGC8Y1R12","FULLY_CORROBORATED","RA000665",NA,"S000033596",NA,NA,NA,NA,NA,139937904,"CONFORMING","https://api.gleif.org/api/v1/lei-records/OZ5WCS502FZE6NVLXP08/managing-lou","https://api.gleif.org/api/v1/lei-records/OZ5WCS502FZE6NVLXP08/lei-issuer","https://api.gleif.org/api/v1/lei-records/OZ5WCS502FZE6NVLXP08/field-modifications","https://api.gleif.org/api/v1/lei-records/OZ5WCS502FZE6NVLXP08/direct-parent-reporting-exception","https://api.gleif.org/api/v1/lei-records/OZ5WCS502FZE6NVLXP08/ultimate-parent-reporting-exception","https://api.gleif.org/api/v1/lei-records/OZ5WCS502FZE6NVLXP08/fund-manager","https://api.gleif.org/api/v1/lei-records/OZ5WCS502FZE6NVLXP08/fund-manager-relationship",TRUE,NA,"PIMCO Funds - PIMCO Credit Absolute Return Fund","en","PREVIOUS_LEGAL_NAME","155 FEDERAL ST.","838 WALKER ROAD",NA,NA,NA,NA,NA,NA,"https://api.gleif.org/api/v1/lei-records/OZ5WCS502FZE6NVLXP08/umbrella-fund","https://api.gleif.org/api/v1/lei-records/OZ5WCS502FZE6NVLXP08/umbrella-fund-relationship","SUITE 21-2",NA,NA,NA,NA,NA,"SUITE 700",NA,NA,NA,NA,NA,NA,NA,NA,NA,NA,NA,NA,NA,NA,NA,NA,NA,NA,NA,NA,NA,NA,NA,NA,NA,NA,NA,NA,NA,NA,NA,NA,NA,NA,NA,NA,NA,NA,NA,NA,NA,NA,NA,NA,NA,NA,NA,NA,NA,NA,NA,NA,NA,NA,NA,NA,NA,NA,NA,NA,NA,NA,NA,NA,NA,NA,NA,NA,NA,NA,NA,NA,NA,NA,NA,NA,NA,NA,NA,NA,NA,NA,NA,NA,NA,NA,NA,NA,NA,NA,NA,NA,NA,NA,NA,NA,NA,NA,NA,NA,NA,NA,NA,NA,NA,NA,NA,NA,NA,NA,NA,NA,NA,NA,NA,NA,NA,NA,NA,NA,NA,NA,NA,NA,NA,NA,NA,NA,NA,NA,NA,NA,NA,NA,NA,NA,NA,NA,NA,NA,NA,NA,NA,NA,NA,NA,NA,NA,NA,NA,NA,NA,NA,NA,NA,NA,NA,NA,NA,NA,NA,NA,NA,NA,NA,NA,NA,NA,NA,NA,NA,NA,NA,NA,NA,NA,NA,NA,NA,NA,NA,NA,NA,NA,NA,NA,NA,NA,NA,NA,NA,NA,NA,NA,NA,NA,NA,NA,NA,NA,NA,NA,NA,NA,NA,NA,NA,NA,NA,NA,NA,NA,NA,NA,NA,NA,NA,NA,NA,NA,NA,NA,NA,NA,NA,NA,NA,NA,NA,NA,NA,NA,NA,"PIMCO Credit Opportunities Bond Fund","Open-End Mutual Fund"
"294","P0C14V6IL3O47L1ZG636","P0C14V6IL3O47L1ZG636",200,"P0C14V6IL3O47L1ZG636","Multi-Sector Bond Portfolio","en",NA,NA,"en","C/O THE CORPORATION TRUST INCORPORATED",NA,NA,NA,"BALTIMORE","US-MD","US","21093-2264","en","C/O MASON STREET ADVISORS, LLC",NA,NA,NA,"MILWAUKEE","US-WI","US","53202","RA000665",NA,"S000018235","US","FUND","8888","SUB FUND",NA,NA,"ACTIVE",NA,NA,NA,NA,NA,2012-09-05 00:00:00,NA,NA,NA,2012-09-05 19:24:00,2025-08-08 04:55:24,"ISSUED",2026-08-12 00:00:00,"5493001KJTIIGC8Y1R12","FULLY_CORROBORATED","RA000665",NA,"S000018235",NA,NA,NA,NA,NA,100850585,"CONFORMING","https://api.gleif.org/api/v1/lei-records/P0C14V6IL3O47L1ZG636/managing-lou","https://api.gleif.org/api/v1/lei-records/P0C14V6IL3O47L1ZG636/lei-issuer","https://api.gleif.org/api/v1/lei-records/P0C14V6IL3O47L1ZG636/field-modifications","https://api.gleif.org/api/v1/lei-records/P0C14V6IL3O47L1ZG636/direct-parent-reporting-exception","https://api.gleif.org/api/v1/lei-records/P0C14V6IL3O47L1ZG636/ultimate-parent-reporting-exception","https://api.gleif.org/api/v1/lei-records/P0C14V6IL3O47L1ZG636/fund-manager","https://api.gleif.org/api/v1/lei-records/P0C14V6IL3O47L1ZG636/fund-manager-relationship",TRUE,NA,"NORTHWESTERN MUTUAL SERIES FUND INC - Multi-Sector Bond Portfolio","en","PREVIOUS_LEGAL_NAME","2405 YORK ROAD","720 EAST WISCONSIN AVENUE",NA,NA,NA,NA,NA,NA,"https://api.gleif.org/api/v1/lei-records/P0C14V6IL3O47L1ZG636/umbrella-fund","https://api.gleif.org/api/v1/lei-records/P0C14V6IL3O47L1ZG636/umbrella-fund-relationship",NA,NA,NA,"Northwestern Mutual Series Fund, Inc. - PIMCO Multi-Sector Bond Portfolio","en","PREVIOUS_LEGAL_NAME","SUITE 201",NA,NA,NA,NA,NA,NA,NA,NA,NA,NA,NA,NA,NA,NA,NA,NA,NA,NA,NA,NA,NA,NA,NA,NA,NA,NA,NA,NA,NA,NA,NA,NA,NA,NA,NA,NA,NA,NA,NA,NA,NA,NA,NA,NA,NA,NA,NA,NA,NA,NA,NA,"LUTHERVILLE TIMONIUM",NA,NA,NA,NA,NA,NA,NA,NA,NA,NA,NA,NA,NA,NA,NA,NA,NA,NA,NA,NA,NA,NA,NA,NA,NA,NA,NA,NA,NA,NA,NA,NA,NA,NA,NA,NA,NA,NA,NA,NA,NA,NA,NA,NA,NA,NA,NA,NA,NA,NA,NA,NA,NA,NA,NA,NA,NA,NA,NA,NA,NA,NA,NA,NA,NA,NA,NA,NA,NA,NA,NA,NA,NA,NA,NA,NA,NA,NA,NA,NA,NA,NA,NA,NA,NA,NA,NA,NA,NA,NA,NA,NA,NA,NA,NA,NA,NA,NA,NA,NA,NA,NA,NA,NA,NA,NA,NA,NA,NA,NA,NA,NA,NA,NA,NA,NA,NA,NA,NA,NA,NA,NA,NA,NA,NA,NA,NA,NA,NA,NA,NA,NA,NA,NA,NA,NA,NA,NA,NA,NA,NA,NA,NA,NA,NA,NA,NA,NA,NA,NA,NA,NA,NA,NA,NA,NA,NA,NA,NA,NA,NA,NA,NA,NA,NA,NA,NA,NA,NA,NA,NA,NA,NA,NA,NA,NA,NA,NA,NA,NA,NA,"Multi-Sector Bond Portfolio","Open-End Mutual Fund"
"295","P42MUQ6KRRELZQZE1595","P42MUQ6KRRELZQZE1595",200,"P42MUQ6KRRELZQZE1595","PIMCO StocksPLUS Short Fund","en",NA,NA,"en","C/O CT CORPORATION SYSTEM",NA,NA,NA,"BOSTON","US-MA","US","02110","en","C/O PACIFIC INVESTMENT MANAGEMENT COMPANY LLC",NA,NA,NA,"Newport Beach","US-CA","US","92660","RA000665",NA,"S000009706","US","FUND","8888","FUND",NA,NA,"ACTIVE",NA,NA,NA,NA,NA,2012-10-23 00:00:00,NA,NA,NA,2012-10-24 09:00:00,2025-06-19 18:27:23,"ISSUED",2026-07-07 00:00:00,"5493001KJTIIGC8Y1R12","FULLY_CORROBORATED","RA000665",NA,"S000009706",NA,NA,NA,NA,NA,33661327,"CONFORMING","https://api.gleif.org/api/v1/lei-records/P42MUQ6KRRELZQZE1595/managing-lou","https://api.gleif.org/api/v1/lei-records/P42MUQ6KRRELZQZE1595/lei-issuer","https://api.gleif.org/api/v1/lei-records/P42MUQ6KRRELZQZE1595/field-modifications","https://api.gleif.org/api/v1/lei-records/P42MUQ6KRRELZQZE1595/direct-parent-reporting-exception","https://api.gleif.org/api/v1/lei-records/P42MUQ6KRRELZQZE1595/ultimate-parent-reporting-exception","https://api.gleif.org/api/v1/lei-records/P42MUQ6KRRELZQZE1595/fund-manager","https://api.gleif.org/api/v1/lei-records/P42MUQ6KRRELZQZE1595/fund-manager-relationship",TRUE,NA,"PIMCO FUNDS - PIMCO StocksPLUS® Short Fund","en","PREVIOUS_LEGAL_NAME","155 FEDERAL ST., SUITE 700","650 Newport Center Drive",NA,NA,NA,NA,NA,NA,"https://api.gleif.org/api/v1/lei-records/P42MUQ6KRRELZQZE1595/umbrella-fund","https://api.gleif.org/api/v1/lei-records/P42MUQ6KRRELZQZE1595/umbrella-fund-relationship",NA,NA,NA,"PIMCO Funds - PIMCO StocksPLUS® TR Short Strategy Fund","en","PREVIOUS_LEGAL_NAME",NA,NA,NA,NA,NA,NA,NA,NA,NA,NA,NA,NA,NA,NA,NA,NA,NA,NA,NA,NA,NA,NA,NA,NA,NA,NA,NA,NA,NA,NA,NA,NA,NA,NA,NA,NA,NA,NA,NA,NA,NA,NA,NA,NA,NA,NA,NA,NA,NA,NA,NA,NA,NA,NA,NA,NA,NA,NA,NA,NA,NA,NA,NA,NA,NA,NA,NA,NA,NA,NA,NA,NA,NA,NA,NA,NA,NA,NA,NA,NA,NA,NA,NA,NA,NA,NA,NA,NA,NA,NA,NA,NA,NA,NA,NA,NA,NA,NA,NA,NA,NA,NA,NA,NA,NA,NA,NA,NA,NA,NA,NA,NA,NA,NA,NA,NA,NA,NA,NA,NA,NA,NA,NA,NA,NA,NA,NA,NA,NA,NA,NA,NA,NA,NA,NA,NA,NA,NA,NA,NA,NA,NA,NA,NA,NA,NA,NA,NA,NA,NA,NA,NA,NA,NA,NA,NA,NA,NA,NA,NA,NA,NA,NA,NA,NA,NA,NA,NA,NA,NA,NA,NA,NA,NA,NA,NA,NA,NA,NA,NA,NA,NA,NA,NA,NA,NA,NA,NA,NA,NA,NA,NA,NA,NA,NA,NA,NA,NA,NA,NA,NA,NA,NA,NA,NA,NA,NA,NA,NA,NA,NA,NA,NA,NA,NA,NA,NA,NA,NA,NA,NA,NA,NA,NA,NA,NA,NA,NA,NA,NA,NA,NA,NA,NA,"PIMCO StocksPLUS  Short Fund","Open-End Mutual Fund"
"296","PY0CUOITINQ307GVTQ46","PY0CUOITINQ307GVTQ46",200,"PY0CUOITINQ307GVTQ46","PIMCO Total Return Fund IV","en",NA,NA,"en","C/O C T CORPORATION SYSTEM",NA,NA,NA,"BOSTON","US-MA","US","02110","en","C/O PACIFIC INVESTMENT MANAGEMENT COMPANY LLC",NA,NA,NA,"DOVER","US-DE","US","19904","RA000665",NA,"S000032049","US","FUND","8888","FUND",NA,NA,"ACTIVE",NA,NA,NA,NA,NA,2012-10-18 05:30:00,NA,NA,NA,2012-10-19 08:07:00,2025-06-19 17:01:02,"ISSUED",2026-07-07 00:00:00,"5493001KJTIIGC8Y1R12","FULLY_CORROBORATED","RA000665",NA,"S000032049",NA,NA,NA,NA,NA,133244775,"CONFORMING","https://api.gleif.org/api/v1/lei-records/PY0CUOITINQ307GVTQ46/managing-lou","https://api.gleif.org/api/v1/lei-records/PY0CUOITINQ307GVTQ46/lei-issuer","https://api.gleif.org/api/v1/lei-records/PY0CUOITINQ307GVTQ46/field-modifications","https://api.gleif.org/api/v1/lei-records/PY0CUOITINQ307GVTQ46/direct-parent-reporting-exception","https://api.gleif.org/api/v1/lei-records/PY0CUOITINQ307GVTQ46/ultimate-parent-reporting-exception","https://api.gleif.org/api/v1/lei-records/PY0CUOITINQ307GVTQ46/fund-manager","https://api.gleif.org/api/v1/lei-records/PY0CUOITINQ307GVTQ46/fund-manager-relationship",TRUE,NA,NA,NA,NA,"155 FEDERAL ST.","838 WALKER ROAD",NA,NA,NA,NA,NA,NA,"https://api.gleif.org/api/v1/lei-records/PY0CUOITINQ307GVTQ46/umbrella-fund","https://api.gleif.org/api/v1/lei-records/PY0CUOITINQ307GVTQ46/umbrella-fund-relationship","SUITE 21-2",NA,NA,NA,NA,NA,"SUITE 700",NA,NA,NA,NA,NA,NA,NA,NA,NA,NA,NA,NA,NA,NA,NA,NA,NA,NA,NA,NA,NA,NA,NA,NA,NA,NA,NA,NA,NA,NA,NA,NA,NA,NA,NA,NA,NA,NA,NA,NA,NA,NA,NA,NA,NA,NA,NA,NA,NA,NA,NA,NA,NA,NA,NA,NA,NA,NA,NA,NA,NA,NA,NA,NA,NA,NA,NA,NA,NA,NA,NA,NA,NA,NA,NA,NA,NA,NA,NA,NA,NA,NA,NA,NA,NA,NA,NA,NA,NA,NA,NA,NA,NA,NA,NA,NA,NA,NA,NA,NA,NA,NA,NA,NA,NA,NA,NA,NA,NA,NA,NA,NA,NA,NA,NA,NA,NA,NA,NA,NA,NA,NA,NA,NA,NA,NA,NA,NA,NA,NA,NA,NA,NA,NA,NA,NA,NA,NA,NA,NA,NA,NA,NA,NA,NA,NA,NA,NA,NA,NA,NA,NA,NA,NA,NA,NA,NA,NA,NA,NA,NA,NA,NA,NA,NA,NA,NA,NA,NA,NA,NA,NA,NA,NA,NA,NA,NA,NA,NA,NA,NA,NA,NA,NA,NA,NA,NA,NA,NA,NA,NA,NA,NA,NA,NA,NA,NA,NA,NA,NA,NA,NA,NA,NA,NA,NA,NA,NA,NA,NA,NA,NA,NA,NA,NA,NA,NA,NA,NA,NA,NA,NA,NA,NA,NA,NA,NA,NA,NA,NA,NA,NA,NA,"PIMCO Total Return Fund IV","Open-End Mutual Fund"
"297","Q50Z4ID12W7DFFPENU57","Q50Z4ID12W7DFFPENU57",200,"Q50Z4ID12W7DFFPENU57","International Fixed Income Fund","en",NA,NA,"en","C/O CT CORPORATION SYSTEM",NA,NA,NA,"BOSTON","US-MA","US","02110","en","C/O CONSULTING GROUP ADVISORY SERVICES LLC",NA,NA,NA,"NEW YORK","US-NY","US","10036","RA000665",NA,"S000008439","US","FUND","8888","Sub-Fund",NA,NA,"ACTIVE",NA,NA,NA,NA,NA,2012-11-18 00:00:00,NA,NA,NA,2012-11-19 15:00:00,2025-09-26 11:26:33,"ISSUED",2026-10-09 00:00:00,"5493001KJTIIGC8Y1R12","FULLY_CORROBORATED","RA000665",NA,"S000008439",NA,NA,NA,NA,NA,32749632,"CONFORMING","https://api.gleif.org/api/v1/lei-records/Q50Z4ID12W7DFFPENU57/managing-lou","https://api.gleif.org/api/v1/lei-records/Q50Z4ID12W7DFFPENU57/lei-issuer","https://api.gleif.org/api/v1/lei-records/Q50Z4ID12W7DFFPENU57/field-modifications","https://api.gleif.org/api/v1/lei-records/Q50Z4ID12W7DFFPENU57/direct-parent-reporting-exception","https://api.gleif.org/api/v1/lei-records/Q50Z4ID12W7DFFPENU57/ultimate-parent-reporting-exception","https://api.gleif.org/api/v1/lei-records/Q50Z4ID12W7DFFPENU57/fund-manager","https://api.gleif.org/api/v1/lei-records/Q50Z4ID12W7DFFPENU57/fund-manager-relationship",TRUE,NA,NA,NA,NA,"155 FEDERAL ST","1585 BROADWAY",NA,NA,NA,NA,NA,NA,"https://api.gleif.org/api/v1/lei-records/Q50Z4ID12W7DFFPENU57/umbrella-fund","https://api.gleif.org/api/v1/lei-records/Q50Z4ID12W7DFFPENU57/umbrella-fund-relationship",NA,NA,NA,NA,NA,NA,"SUITE 700",NA,NA,NA,NA,NA,NA,NA,NA,NA,NA,NA,NA,NA,NA,NA,NA,NA,NA,NA,NA,NA,NA,NA,NA,NA,NA,NA,NA,NA,NA,NA,NA,NA,NA,NA,NA,NA,NA,NA,NA,NA,NA,NA,NA,NA,NA,NA,NA,NA,NA,NA,NA,NA,NA,NA,NA,NA,NA,NA,NA,NA,NA,NA,NA,NA,NA,NA,NA,NA,NA,NA,NA,NA,NA,NA,NA,NA,NA,NA,NA,NA,NA,NA,NA,NA,NA,NA,NA,NA,NA,NA,NA,NA,NA,NA,NA,NA,NA,NA,NA,NA,NA,NA,NA,NA,NA,NA,NA,NA,NA,NA,NA,NA,NA,NA,NA,NA,NA,NA,NA,NA,NA,NA,NA,NA,NA,NA,NA,NA,NA,NA,NA,NA,NA,NA,NA,NA,NA,NA,NA,NA,NA,NA,NA,NA,NA,NA,NA,NA,NA,NA,NA,NA,NA,NA,NA,NA,NA,NA,NA,NA,NA,NA,NA,NA,NA,NA,NA,NA,NA,NA,NA,NA,NA,NA,NA,NA,NA,NA,NA,NA,NA,NA,NA,NA,NA,NA,NA,NA,NA,NA,NA,NA,NA,NA,NA,NA,NA,NA,NA,NA,NA,NA,NA,NA,NA,NA,NA,NA,NA,NA,NA,NA,NA,NA,NA,NA,NA,NA,NA,NA,NA,NA,NA,NA,NA,NA,NA,NA,NA,NA,NA,NA,"International Fixed Income Fund","Open-End Mutual Fund"
"298","QCHRP8ZW0C1C4IYWVN22","QCHRP8ZW0C1C4IYWVN22",200,"QCHRP8ZW0C1C4IYWVN22","BlackRock Global Tactical Strategies Portfolio","en",NA,NA,"en","c/o THE CORPORATION TRUST COMPANY; CORPORATION TRUST CENTER 1209 ORANGE ST",NA,NA,NA,"WILMINGTON","US-DE","US","19801","en","c/o BRIGHTHOUSE INVESTMENT ADVISERS, LLC, 125 HIGH STREET, SUITE 732",NA,NA,"c/o BRIGHTHOUSE INVESTMENT ADVISERS, LLC","BOSTON","US-MA","US","02110","RA000665",NA,"S000032436","US-DE","FUND","4FSX",NA,NA,NA,"ACTIVE",NA,NA,NA,NA,NA,2011-04-29 22:00:00,NA,NA,NA,2012-11-21 14:08:00,2025-11-22 08:34:46,"ISSUED",2027-01-09 09:35:20,"5299000J2N45DDNE4Y28","FULLY_CORROBORATED","RA000665",NA,"S000032436",NA,NA,NA,NA,NA,140261501,"CONFORMING","https://api.gleif.org/api/v1/lei-records/QCHRP8ZW0C1C4IYWVN22/managing-lou","https://api.gleif.org/api/v1/lei-records/QCHRP8ZW0C1C4IYWVN22/lei-issuer","https://api.gleif.org/api/v1/lei-records/QCHRP8ZW0C1C4IYWVN22/field-modifications","https://api.gleif.org/api/v1/lei-records/QCHRP8ZW0C1C4IYWVN22/direct-parent-reporting-exception","https://api.gleif.org/api/v1/lei-records/QCHRP8ZW0C1C4IYWVN22/ultimate-parent-reporting-exception",NA,NA,TRUE,NA,NA,NA,NA,NA,NA,NA,NA,NA,NA,NA,NA,"https://api.gleif.org/api/v1/lei-records/QCHRP8ZW0C1C4IYWVN22/umbrella-fund","https://api.gleif.org/api/v1/lei-records/QCHRP8ZW0C1C4IYWVN22/umbrella-fund-relationship",NA,NA,NA,NA,NA,NA,NA,NA,NA,NA,NA,NA,NA,NA,NA,NA,NA,NA,NA,NA,NA,NA,NA,NA,NA,NA,NA,NA,NA,NA,NA,NA,NA,NA,NA,NA,NA,NA,NA,NA,NA,NA,NA,NA,NA,NA,NA,NA,NA,NA,NA,NA,NA,NA,NA,NA,NA,NA,NA,NA,NA,NA,NA,NA,NA,NA,NA,NA,NA,NA,NA,NA,NA,NA,NA,NA,NA,NA,NA,NA,NA,NA,NA,NA,NA,NA,NA,NA,NA,NA,NA,NA,NA,NA,NA,NA,NA,NA,NA,NA,NA,NA,NA,NA,NA,NA,NA,NA,NA,NA,NA,NA,NA,NA,NA,NA,NA,NA,NA,NA,NA,NA,NA,NA,NA,NA,NA,NA,NA,NA,NA,NA,NA,NA,NA,NA,NA,NA,NA,NA,NA,NA,NA,NA,NA,NA,NA,NA,NA,NA,NA,NA,NA,NA,NA,NA,NA,NA,NA,NA,NA,NA,NA,NA,NA,NA,NA,NA,NA,NA,NA,NA,NA,NA,NA,NA,NA,NA,NA,NA,NA,NA,NA,NA,NA,NA,NA,NA,NA,NA,NA,NA,NA,NA,NA,NA,NA,NA,NA,NA,NA,NA,NA,NA,NA,NA,NA,NA,NA,NA,NA,NA,NA,NA,NA,NA,NA,NA,NA,NA,NA,NA,NA,NA,NA,NA,NA,NA,NA,NA,NA,NA,NA,NA,NA,NA,NA,NA,NA,NA,"BlackRock Global Tactical Strategies Portfolio","Open-End Mutual Fund"
"299","QEYJMZOKY3CA1LFEXI16","QEYJMZOKY3CA1LFEXI16",200,"QEYJMZOKY3CA1LFEXI16","BlackRock Total Return V.I. Fund","en",NA,NA,"en","c/o THE CORPORATION TRUST INCORPORATED, 2405 YORK ROAD, SUITE 201",NA,NA,NA,"LUTHERVILLE TIMONIUM","US-MD","US","21093-2264","en","c/o BLACKROCK ADVISORS, LLC, c/o CORPORATION SERVICE COMPANY, 251 LITTLE FALLS DRIVE",NA,NA,"c/o BLACKROCK ADVISORS, LLC","Wilmington","US-DE","US","19808","RA000665",NA,"S000062377","US-MD","FUND","HLR4",NA,NA,NA,"ACTIVE",NA,NA,NA,NA,NA,2018-08-06 22:00:00,NA,NA,NA,2012-10-11 13:46:00,2025-11-27 14:07:13,"ISSUED",2027-01-19 10:52:29,"5299000J2N45DDNE4Y28","FULLY_CORROBORATED","RA000665",NA,"S000062377",NA,NA,NA,NA,NA,33038036,"CONFORMING","https://api.gleif.org/api/v1/lei-records/QEYJMZOKY3CA1LFEXI16/managing-lou","https://api.gleif.org/api/v1/lei-records/QEYJMZOKY3CA1LFEXI16/lei-issuer","https://api.gleif.org/api/v1/lei-records/QEYJMZOKY3CA1LFEXI16/field-modifications","https://api.gleif.org/api/v1/lei-records/QEYJMZOKY3CA1LFEXI16/direct-parent-reporting-exception","https://api.gleif.org/api/v1/lei-records/QEYJMZOKY3CA1LFEXI16/ultimate-parent-reporting-exception","https://api.gleif.org/api/v1/lei-records/QEYJMZOKY3CA1LFEXI16/fund-manager","https://api.gleif.org/api/v1/lei-records/QEYJMZOKY3CA1LFEXI16/fund-manager-relationship",TRUE,NA,NA,NA,NA,NA,NA,"STANDALONE","SUPPORTING_DOCUMENTS",2024-12-04 23:00:00,2024-12-05 09:04:31,"CHANGE_LEGAL_FORM","COMPLETED","https://api.gleif.org/api/v1/lei-records/QEYJMZOKY3CA1LFEXI16/umbrella-fund","https://api.gleif.org/api/v1/lei-records/QEYJMZOKY3CA1LFEXI16/umbrella-fund-relationship",NA,NA,NA,NA,NA,NA,NA,"STANDALONE","SUPPORTING_DOCUMENTS",2024-01-14 23:00:00,2024-01-15 09:07:50,"CHANGE_LEGAL_ADDRESS","COMPLETED",NA,NA,NA,NA,NA,NA,NA,NA,NA,NA,NA,NA,NA,NA,NA,NA,NA,NA,NA,NA,NA,NA,NA,NA,NA,NA,NA,NA,NA,NA,NA,NA,NA,NA,NA,NA,NA,NA,NA,NA,NA,NA,NA,NA,NA,NA,NA,NA,NA,NA,NA,NA,NA,NA,NA,NA,NA,NA,NA,NA,NA,NA,NA,NA,NA,NA,NA,NA,NA,NA,NA,NA,NA,NA,NA,NA,NA,NA,NA,NA,NA,NA,NA,NA,NA,NA,NA,NA,NA,NA,NA,NA,NA,NA,NA,NA,NA,NA,NA,NA,NA,NA,NA,NA,NA,NA,NA,NA,NA,NA,NA,NA,NA,NA,NA,NA,NA,NA,NA,NA,NA,NA,NA,NA,NA,NA,NA,NA,NA,NA,NA,NA,NA,NA,NA,NA,NA,NA,NA,NA,NA,NA,NA,NA,NA,NA,NA,NA,NA,NA,NA,NA,NA,NA,NA,NA,NA,NA,NA,NA,NA,NA,NA,NA,NA,NA,NA,NA,NA,NA,NA,NA,NA,NA,NA,NA,NA,NA,NA,NA,NA,NA,NA,NA,NA,NA,NA,NA,NA,NA,NA,NA,NA,NA,NA,NA,NA,NA,NA,NA,NA,NA,NA,NA,NA,NA,NA,NA,NA,NA,NA,NA,NA,NA,NA,NA,NA,NA,NA,NA,NA,NA,NA,NA,NA,NA,NA,"BlackRock Total Return V.I. Fund","Open-End Mutual Fund"
"300","QROP7ZHEIUKVGACOOV07","QROP7ZHEIUKVGACOOV07",200,"QROP7ZHEIUKVGACOOV07","BlackRock U.S. Government Bond V.I. Fund","en-US",NA,NA,"en-US","c/o THE CORPORATION TRUST INCORPORATED; 2405 YORK ROAD; SUITE 201",NA,NA,NA,"LUTHERVILLE TIMONIUM","US-MD","US","21093-2264","en-US","c/o BLACKROCK ADVISORS, LLC, c/o CORPORATION SERVICE COMPANY, 251 LITTLE FALLS DRIVE",NA,NA,"c/o BLACKROCK ADVISORS, LLC","Wilmington","US-DE","US","19808","RA000665",NA,"S000062378","US-MD","FUND","8888","Trust",NA,NA,"ACTIVE",NA,NA,NA,NA,NA,1994-05-01 22:00:00,NA,NA,NA,2012-10-11 13:46:00,2025-01-10 00:30:06,"LAPSED",2025-01-09 08:38:19,"5299000J2N45DDNE4Y28","FULLY_CORROBORATED","RA000665",NA,"S000062378",NA,NA,NA,NA,NA,33038351,"NON_CONFORMING","https://api.gleif.org/api/v1/lei-records/QROP7ZHEIUKVGACOOV07/managing-lou","https://api.gleif.org/api/v1/lei-records/QROP7ZHEIUKVGACOOV07/lei-issuer","https://api.gleif.org/api/v1/lei-records/QROP7ZHEIUKVGACOOV07/field-modifications","https://api.gleif.org/api/v1/lei-records/QROP7ZHEIUKVGACOOV07/direct-parent-reporting-exception","https://api.gleif.org/api/v1/lei-records/QROP7ZHEIUKVGACOOV07/ultimate-parent-reporting-exception","https://api.gleif.org/api/v1/lei-records/QROP7ZHEIUKVGACOOV07/fund-manager","https://api.gleif.org/api/v1/lei-records/QROP7ZHEIUKVGACOOV07/fund-manager-relationship",TRUE,NA,NA,NA,NA,NA,NA,NA,NA,NA,NA,NA,NA,"https://api.gleif.org/api/v1/lei-records/QROP7ZHEIUKVGACOOV07/umbrella-fund","https://api.gleif.org/api/v1/lei-records/QROP7ZHEIUKVGACOOV07/umbrella-fund-relationship",NA,NA,NA,NA,NA,NA,NA,NA,NA,NA,NA,NA,NA,NA,NA,NA,NA,NA,NA,NA,NA,NA,NA,NA,NA,NA,NA,NA,NA,NA,NA,NA,NA,NA,NA,NA,NA,NA,NA,NA,NA,NA,NA,NA,NA,NA,NA,NA,NA,NA,NA,NA,NA,NA,NA,NA,NA,NA,NA,NA,NA,NA,NA,NA,NA,NA,NA,NA,NA,NA,NA,NA,NA,NA,NA,NA,NA,NA,NA,NA,NA,NA,NA,NA,NA,NA,NA,NA,NA,NA,NA,NA,NA,NA,NA,NA,NA,NA,NA,NA,NA,NA,NA,NA,NA,NA,NA,NA,NA,NA,NA,NA,NA,NA,NA,NA,NA,NA,NA,NA,NA,NA,NA,NA,NA,NA,NA,NA,NA,NA,NA,NA,NA,NA,NA,NA,NA,NA,NA,NA,NA,NA,NA,NA,NA,NA,NA,NA,NA,NA,NA,NA,NA,NA,NA,NA,NA,NA,NA,NA,NA,NA,NA,NA,NA,NA,NA,NA,NA,NA,NA,NA,NA,NA,NA,NA,NA,NA,NA,NA,NA,NA,NA,NA,NA,NA,NA,NA,NA,NA,NA,NA,NA,NA,NA,NA,NA,NA,NA,NA,NA,NA,NA,NA,NA,NA,NA,NA,NA,NA,NA,NA,NA,NA,NA,NA,NA,NA,NA,NA,NA,NA,NA,NA,NA,NA,NA,NA,NA,NA,NA,NA,NA,NA,NA,NA,NA,NA,NA,NA,"BlackRock U.S. Government Bond V.I. Fund","Open-End Mutual Fund"
"301","QUL769QTM8LGBLCNMX95","QUL769QTM8LGBLCNMX95",200,"QUL769QTM8LGBLCNMX95","PIMCO StocksPLUS Long Duration Fund","en",NA,NA,"en","C/O CT CORPORATION SYSTEM",NA,NA,NA,"BOSTON","US-MA","US","02110","en","C/O PACIFIC INVESTMENT MANAGEMENT COMPANY LLC",NA,NA,NA,"DOVER","US-DE","US","19904","RA000665",NA,"S000018588","US","FUND","8888","FUND",NA,NA,"ACTIVE",NA,NA,NA,NA,NA,2012-10-23 00:00:00,NA,NA,NA,2012-10-24 09:00:00,2025-06-19 19:03:36,"ISSUED",2026-07-07 00:00:00,"5493001KJTIIGC8Y1R12","FULLY_CORROBORATED","RA000665",NA,"S000018588",NA,NA,NA,NA,NA,59313671,"CONFORMING","https://api.gleif.org/api/v1/lei-records/QUL769QTM8LGBLCNMX95/managing-lou","https://api.gleif.org/api/v1/lei-records/QUL769QTM8LGBLCNMX95/lei-issuer","https://api.gleif.org/api/v1/lei-records/QUL769QTM8LGBLCNMX95/field-modifications","https://api.gleif.org/api/v1/lei-records/QUL769QTM8LGBLCNMX95/direct-parent-reporting-exception","https://api.gleif.org/api/v1/lei-records/QUL769QTM8LGBLCNMX95/ultimate-parent-reporting-exception","https://api.gleif.org/api/v1/lei-records/QUL769QTM8LGBLCNMX95/fund-manager","https://api.gleif.org/api/v1/lei-records/QUL769QTM8LGBLCNMX95/fund-manager-relationship",TRUE,NA,NA,NA,NA,"155 FEDERAL ST.","838 WALKER ROAD",NA,NA,NA,NA,NA,NA,"https://api.gleif.org/api/v1/lei-records/QUL769QTM8LGBLCNMX95/umbrella-fund","https://api.gleif.org/api/v1/lei-records/QUL769QTM8LGBLCNMX95/umbrella-fund-relationship","SUITE 21-2",NA,NA,NA,NA,NA,"SUITE 700",NA,NA,NA,NA,NA,NA,NA,NA,NA,NA,NA,NA,NA,NA,NA,NA,NA,NA,NA,NA,NA,NA,NA,NA,NA,NA,NA,NA,NA,NA,NA,NA,NA,NA,NA,NA,NA,NA,NA,NA,NA,NA,NA,NA,NA,NA,NA,NA,NA,NA,NA,NA,NA,NA,NA,NA,NA,NA,NA,NA,NA,NA,NA,NA,NA,NA,NA,NA,NA,NA,NA,NA,NA,NA,NA,NA,NA,NA,NA,NA,NA,NA,NA,NA,NA,NA,NA,NA,NA,NA,NA,NA,NA,NA,NA,NA,NA,NA,NA,NA,NA,NA,NA,NA,NA,NA,NA,NA,NA,NA,NA,NA,NA,NA,NA,NA,NA,NA,NA,NA,NA,NA,NA,NA,NA,NA,NA,NA,NA,NA,NA,NA,NA,NA,NA,NA,NA,NA,NA,NA,NA,NA,NA,NA,NA,NA,NA,NA,NA,NA,NA,NA,NA,NA,NA,NA,NA,NA,NA,NA,NA,NA,NA,NA,NA,NA,NA,NA,NA,NA,NA,NA,NA,NA,NA,NA,NA,NA,NA,NA,NA,NA,NA,NA,NA,NA,NA,NA,NA,NA,NA,NA,NA,NA,NA,NA,NA,NA,NA,NA,NA,NA,NA,NA,NA,NA,NA,NA,NA,NA,NA,NA,NA,NA,NA,NA,NA,NA,NA,NA,NA,NA,NA,NA,NA,NA,NA,NA,NA,NA,NA,NA,NA,"PIMCO StocksPLUS  Long Duration Fund","Open-End Mutual Fund"
"302","R7RDV19025JX26S0V169","R7RDV19025JX26S0V169",200,"R7RDV19025JX26S0V169","PIMCO FUNDS - PIMCO Global Bond Opportunities Fund (Unhedged)","en",NA,NA,"en","C/O C T CORPORATION SYSTEM",NA,NA,NA,"BOSTON","US-MA","US","02110","en","650 Newport Center Drive",NA,NA,NA,"Newport Beach","US-CA","US","92660","RA000665",NA,"S000009683","US","FUND","8888","FUND",NA,NA,"INACTIVE",NA,NA,NA,NA,NA,2012-10-19 00:00:00,NA,NA,NA,2012-10-19 08:02:00,2024-12-24 16:58:03,"RETIRED",2022-09-08 22:02:00,"5493001KJTIIGC8Y1R12","FULLY_CORROBORATED","RA000665",NA,"S000009683",NA,NA,NA,NA,NA,33595166,"NOT_APPLICABLE","https://api.gleif.org/api/v1/lei-records/R7RDV19025JX26S0V169/managing-lou","https://api.gleif.org/api/v1/lei-records/R7RDV19025JX26S0V169/lei-issuer","https://api.gleif.org/api/v1/lei-records/R7RDV19025JX26S0V169/field-modifications","https://api.gleif.org/api/v1/lei-records/R7RDV19025JX26S0V169/direct-parent-reporting-exception","https://api.gleif.org/api/v1/lei-records/R7RDV19025JX26S0V169/ultimate-parent-reporting-exception",NA,NA,TRUE,NA,"PIMCO Funds - PIMCO Global Bond Fund (Unhedged)","en","PREVIOUS_LEGAL_NAME","155 FEDERAL ST., SUITE 700",NA,"STANDALONE","SUPPORTING_DOCUMENTS",2022-06-17 00:00:00,2024-12-24 10:26:10,"LIQUIDATION","COMPLETED",NA,NA,NA,NA,NA,NA,NA,NA,NA,NA,NA,NA,NA,NA,NA,NA,NA,NA,NA,NA,NA,NA,NA,NA,NA,NA,NA,NA,NA,NA,NA,NA,NA,NA,NA,NA,NA,NA,NA,NA,NA,NA,NA,NA,NA,NA,NA,NA,NA,NA,NA,NA,NA,NA,NA,NA,NA,NA,NA,NA,NA,NA,NA,NA,NA,NA,NA,NA,NA,NA,NA,NA,NA,NA,NA,NA,NA,NA,NA,NA,NA,NA,NA,NA,NA,NA,NA,NA,NA,NA,NA,NA,NA,NA,NA,NA,NA,NA,NA,NA,NA,NA,NA,NA,NA,NA,NA,NA,NA,NA,NA,NA,NA,NA,NA,NA,NA,NA,NA,NA,NA,NA,NA,NA,NA,NA,NA,NA,NA,NA,NA,NA,NA,NA,NA,NA,NA,NA,NA,NA,NA,NA,NA,NA,NA,NA,NA,NA,NA,NA,NA,NA,NA,NA,NA,NA,NA,NA,NA,NA,NA,NA,NA,NA,NA,NA,NA,NA,NA,NA,NA,NA,NA,NA,NA,NA,NA,NA,NA,NA,NA,NA,NA,NA,NA,NA,NA,NA,NA,NA,NA,NA,NA,NA,NA,NA,NA,NA,NA,NA,NA,NA,NA,NA,NA,NA,NA,NA,NA,NA,NA,NA,NA,NA,NA,NA,NA,NA,NA,NA,NA,NA,NA,NA,NA,NA,NA,NA,NA,NA,NA,NA,NA,NA,NA,NA,NA,NA,NA,NA,NA,NA,"PIMCO Global Bond Opportunities Fund (Unhedged)","Open-End Mutual Fund"
"303","RK2D90WA0HRSUO3QHW43","RK2D90WA0HRSUO3QHW43",200,"RK2D90WA0HRSUO3QHW43","SA Multi-Managed Moderate Growth Portfolio","en",NA,NA,"en","C/O THE PRENTICE-HALL CORPORATION SYSTEM, INC.",NA,NA,NA,"BOSTON","US-MA","US","02109","en","C/O SunAmerica Asset Management, LLC",NA,NA,NA,"Jersey City","US-NJ","US","07302","RA000665",NA,"S000008046","US","FUND","8888","FUND",NA,NA,"ACTIVE",NA,NA,NA,NA,NA,1995-10-10 00:00:00,NA,NA,NA,2012-11-28 00:00:00,2025-10-23 12:09:59,"ISSUED",2026-10-31 00:00:00,"5493001KJTIIGC8Y1R12","FULLY_CORROBORATED","RA000665",NA,"S000008046",NA,NA,NA,NA,NA,28140115,"CONFORMING","https://api.gleif.org/api/v1/lei-records/RK2D90WA0HRSUO3QHW43/managing-lou","https://api.gleif.org/api/v1/lei-records/RK2D90WA0HRSUO3QHW43/lei-issuer","https://api.gleif.org/api/v1/lei-records/RK2D90WA0HRSUO3QHW43/field-modifications","https://api.gleif.org/api/v1/lei-records/RK2D90WA0HRSUO3QHW43/direct-parent-reporting-exception","https://api.gleif.org/api/v1/lei-records/RK2D90WA0HRSUO3QHW43/ultimate-parent-reporting-exception","https://api.gleif.org/api/v1/lei-records/RK2D90WA0HRSUO3QHW43/fund-manager","https://api.gleif.org/api/v1/lei-records/RK2D90WA0HRSUO3QHW43/fund-manager-relationship",TRUE,NA,NA,NA,NA,"84 STATE ST.","30 Hudson Street",NA,NA,NA,NA,NA,NA,"https://api.gleif.org/api/v1/lei-records/RK2D90WA0HRSUO3QHW43/umbrella-fund","https://api.gleif.org/api/v1/lei-records/RK2D90WA0HRSUO3QHW43/umbrella-fund-relationship","16th Floor",NA,NA,NA,NA,NA,NA,NA,NA,NA,NA,NA,NA,NA,NA,NA,NA,NA,NA,NA,NA,NA,NA,NA,NA,NA,NA,NA,NA,NA,NA,NA,NA,NA,NA,NA,NA,NA,NA,NA,NA,NA,NA,NA,NA,NA,NA,NA,NA,NA,NA,NA,NA,NA,NA,NA,NA,NA,NA,NA,NA,NA,NA,NA,NA,NA,NA,NA,NA,NA,NA,NA,NA,NA,NA,NA,NA,NA,NA,NA,NA,NA,NA,NA,NA,NA,NA,NA,NA,NA,NA,NA,NA,NA,NA,NA,NA,NA,NA,NA,NA,NA,NA,NA,NA,NA,NA,NA,NA,NA,NA,NA,NA,NA,NA,NA,NA,NA,NA,NA,NA,NA,NA,NA,NA,NA,NA,NA,NA,NA,NA,NA,NA,NA,NA,NA,NA,NA,NA,NA,NA,NA,NA,NA,NA,NA,NA,NA,NA,NA,NA,NA,NA,NA,NA,NA,NA,NA,NA,NA,NA,NA,NA,NA,NA,NA,NA,NA,NA,NA,NA,NA,NA,NA,NA,NA,NA,NA,NA,NA,NA,NA,NA,NA,NA,NA,NA,NA,NA,NA,NA,NA,NA,NA,NA,NA,NA,NA,NA,NA,NA,NA,NA,NA,NA,NA,NA,NA,NA,NA,NA,NA,NA,NA,NA,NA,NA,NA,NA,NA,NA,NA,NA,NA,NA,NA,NA,NA,NA,NA,NA,NA,NA,NA,NA,NA,NA,NA,NA,NA,"SA Multi-Managed Moderate Growth Portfolio","Open-End Mutual Fund"
"304","RQ2HPSR0HMOOPNZQJY98","RQ2HPSR0HMOOPNZQJY98",200,"RQ2HPSR0HMOOPNZQJY98","BlackRock Bond Income Portfolio","en",NA,NA,"en","C/O THE CORPORATION TRUST COMPANY",NA,NA,NA,"WILMINGTON","US-DE","US","19801","en","C/O BLACKROCK BOND INCOME PORTFOLIO",NA,NA,NA,"BOSTON","US-MA","US","02110","RA000665",NA,"S000006511","US","FUND","8888","FUND",NA,NA,"ACTIVE",NA,NA,NA,NA,NA,2016-12-31 00:00:00,NA,NA,NA,2012-11-21 14:08:00,2025-10-09 19:10:41,"ISSUED",2026-10-14 18:00:00,"5493001KJTIIGC8Y1R12","FULLY_CORROBORATED","RA000665",NA,"S000006511",NA,NA,NA,NA,NA,54699186,"CONFORMING","https://api.gleif.org/api/v1/lei-records/RQ2HPSR0HMOOPNZQJY98/managing-lou","https://api.gleif.org/api/v1/lei-records/RQ2HPSR0HMOOPNZQJY98/lei-issuer","https://api.gleif.org/api/v1/lei-records/RQ2HPSR0HMOOPNZQJY98/field-modifications","https://api.gleif.org/api/v1/lei-records/RQ2HPSR0HMOOPNZQJY98/direct-parent-reporting-exception","https://api.gleif.org/api/v1/lei-records/RQ2HPSR0HMOOPNZQJY98/ultimate-parent-reporting-exception","https://api.gleif.org/api/v1/lei-records/RQ2HPSR0HMOOPNZQJY98/fund-manager","https://api.gleif.org/api/v1/lei-records/RQ2HPSR0HMOOPNZQJY98/fund-manager-relationship",TRUE,NA,NA,NA,NA,"CORPORATION TRUST CENTER","125 HIGH STREET",NA,NA,NA,NA,NA,NA,"https://api.gleif.org/api/v1/lei-records/RQ2HPSR0HMOOPNZQJY98/umbrella-fund","https://api.gleif.org/api/v1/lei-records/RQ2HPSR0HMOOPNZQJY98/umbrella-fund-relationship","SUITE 732",NA,NA,NA,NA,NA,"1209 ORANGE ST",NA,NA,NA,NA,NA,NA,"https://api.gleif.org/api/v1/lei-records/RQ2HPSR0HMOOPNZQJY98/isins",NA,NA,NA,NA,NA,NA,NA,NA,NA,NA,NA,NA,NA,NA,NA,NA,NA,"https://api.gleif.org/api/v1/lei-records/RQ2HPSR0HMOOPNZQJY98/managed-fund-relationships","https://api.gleif.org/api/v1/lei-records/RQ2HPSR0HMOOPNZQJY98/managed-funds",NA,NA,NA,NA,NA,NA,NA,NA,NA,NA,NA,NA,NA,NA,NA,NA,NA,NA,NA,NA,NA,NA,NA,NA,NA,NA,NA,NA,NA,NA,NA,NA,NA,NA,NA,NA,NA,NA,NA,NA,NA,NA,NA,NA,NA,NA,NA,NA,NA,NA,NA,NA,NA,NA,NA,NA,NA,NA,NA,NA,NA,NA,NA,NA,NA,NA,NA,NA,NA,NA,NA,NA,NA,NA,NA,NA,NA,NA,NA,NA,NA,NA,NA,NA,NA,NA,NA,NA,NA,NA,NA,NA,NA,NA,NA,NA,NA,NA,NA,NA,NA,NA,NA,NA,NA,NA,NA,NA,NA,NA,NA,NA,NA,NA,NA,NA,NA,NA,NA,NA,NA,NA,NA,NA,NA,NA,NA,NA,NA,NA,NA,NA,NA,NA,NA,NA,NA,NA,NA,NA,NA,NA,NA,NA,NA,NA,NA,NA,NA,NA,NA,NA,NA,NA,NA,NA,NA,NA,NA,NA,NA,NA,NA,NA,NA,NA,NA,NA,NA,NA,NA,NA,NA,NA,NA,NA,NA,NA,NA,NA,NA,NA,NA,NA,NA,NA,NA,NA,NA,NA,NA,NA,NA,NA,NA,NA,NA,NA,NA,NA,NA,NA,NA,NA,NA,NA,NA,"BlackRock Bond Income Portfolio","Open-End Mutual Fund"
"305","RVGLBF8OZZ24JWWCJ979","RVGLBF8OZZ24JWWCJ979",200,"RVGLBF8OZZ24JWWCJ979","BlackRock Sustainable Emerging Markets Flexible Bond Fund","en",NA,NA,"en","c/o C T CORPORATION SYSTEM; 155 FEDERAL ST., SUITE 700",NA,NA,NA,"BOSTON","US-MA","US","02110","en","c/o BLACKROCK ADVISORS, LLC, c/o CORPORATION SERVICE COMPANY, 251 LITTLE FALLS DRIVE",NA,NA,"c/o BLACKROCK ADVISORS, LLC","WILMINGTON","US-DE","US","19808","RA000665",NA,"S000062357","US-MA","FUND","Z73Z",NA,NA,NA,"ACTIVE",NA,NA,NA,NA,NA,2018-08-29 22:00:00,NA,NA,NA,2012-10-11 13:42:00,2025-11-18 13:48:12,"ISSUED",2026-12-27 13:21:49,"5299000J2N45DDNE4Y28","FULLY_CORROBORATED","RA000665",NA,"S000062357",NA,NA,NA,NA,NA,54807228,"CONFORMING","https://api.gleif.org/api/v1/lei-records/RVGLBF8OZZ24JWWCJ979/managing-lou","https://api.gleif.org/api/v1/lei-records/RVGLBF8OZZ24JWWCJ979/lei-issuer","https://api.gleif.org/api/v1/lei-records/RVGLBF8OZZ24JWWCJ979/field-modifications","https://api.gleif.org/api/v1/lei-records/RVGLBF8OZZ24JWWCJ979/direct-parent-reporting-exception","https://api.gleif.org/api/v1/lei-records/RVGLBF8OZZ24JWWCJ979/ultimate-parent-reporting-exception","https://api.gleif.org/api/v1/lei-records/RVGLBF8OZZ24JWWCJ979/fund-manager","https://api.gleif.org/api/v1/lei-records/RVGLBF8OZZ24JWWCJ979/fund-manager-relationship",TRUE,NA,NA,NA,NA,NA,NA,"STANDALONE","SUPPORTING_DOCUMENTS",2024-11-25 23:00:00,2024-11-26 11:38:49,"CHANGE_LEGAL_FORM","COMPLETED","https://api.gleif.org/api/v1/lei-records/RVGLBF8OZZ24JWWCJ979/umbrella-fund","https://api.gleif.org/api/v1/lei-records/RVGLBF8OZZ24JWWCJ979/umbrella-fund-relationship",NA,NA,NA,NA,NA,NA,NA,"STANDALONE","SUPPORTING_DOCUMENTS",2024-11-25 23:00:00,2024-11-26 11:38:49,"CHANGE_HQ_ADDRESS","COMPLETED",NA,NA,NA,NA,NA,NA,NA,NA,NA,NA,NA,NA,NA,NA,NA,NA,NA,NA,NA,NA,"STANDALONE","SUPPORTING_DOCUMENTS",2023-12-06 23:00:00,2023-12-07 11:07:17,"CHANGE_LEGAL_FORM","COMPLETED","STANDALONE","SUPPORTING_DOCUMENTS",2023-06-12 22:00:00,2023-06-13 11:02:36,"CHANGE_LEGAL_ADDRESS","COMPLETED",NA,NA,NA,NA,NA,NA,NA,NA,NA,NA,NA,NA,NA,NA,NA,NA,NA,NA,NA,NA,NA,NA,NA,NA,NA,NA,NA,NA,NA,NA,NA,NA,NA,NA,NA,NA,NA,NA,NA,NA,NA,NA,NA,NA,NA,NA,NA,NA,NA,NA,NA,NA,NA,NA,NA,NA,NA,NA,NA,NA,NA,NA,NA,NA,NA,NA,NA,NA,NA,NA,NA,NA,NA,NA,NA,NA,NA,NA,NA,NA,NA,NA,NA,NA,NA,NA,NA,NA,NA,NA,NA,NA,NA,NA,NA,NA,NA,NA,NA,NA,NA,NA,NA,NA,NA,NA,NA,NA,NA,NA,NA,NA,NA,NA,NA,NA,NA,NA,NA,NA,NA,NA,NA,NA,NA,NA,NA,NA,NA,NA,NA,NA,NA,NA,NA,NA,NA,NA,NA,NA,NA,NA,NA,NA,NA,NA,NA,NA,NA,NA,NA,NA,NA,NA,NA,NA,NA,NA,NA,NA,NA,NA,NA,NA,NA,NA,NA,NA,NA,NA,NA,NA,NA,NA,NA,NA,NA,NA,NA,NA,NA,NA,NA,NA,NA,NA,NA,NA,NA,NA,NA,NA,NA,NA,NA,"BlackRock Emerging Markets Flexible Dynamic Bond Portfolio","Open-End Mutual Fund"
"306","S7AVHSYYPK5PCOCQSV77","S7AVHSYYPK5PCOCQSV77",200,"S7AVHSYYPK5PCOCQSV77","Goldman Sachs Global Core Fixed Income Fund","en",NA,NA,"en","1201 North Market Street FL 18",NA,NA,NA,"Wilmington","US-DE","US","19801","en","200 West Street",NA,NA,"c/o GOLDMAN SACHS ASSET MANAGEMENT, L.P.","New York","US-NY","US","10282","RA000665",NA,"S000009308","US-DE","FUND","8888","Fund",NA,NA,"ACTIVE",NA,NA,NA,NA,NA,1997-02-06 00:00:00,NA,NA,NA,2012-09-20 17:29:00,2026-01-24 14:10:41,"ISSUED",2027-01-05 20:25:00,"529900T8BM49AURSDO55","PARTIALLY_CORROBORATED","RA000665",NA,"S000009308",NA,NA,NA,NA,NA,54274338,"CONFORMING","https://api.gleif.org/api/v1/lei-records/S7AVHSYYPK5PCOCQSV77/managing-lou","https://api.gleif.org/api/v1/lei-records/S7AVHSYYPK5PCOCQSV77/lei-issuer","https://api.gleif.org/api/v1/lei-records/S7AVHSYYPK5PCOCQSV77/field-modifications","https://api.gleif.org/api/v1/lei-records/S7AVHSYYPK5PCOCQSV77/direct-parent-reporting-exception","https://api.gleif.org/api/v1/lei-records/S7AVHSYYPK5PCOCQSV77/ultimate-parent-reporting-exception","https://api.gleif.org/api/v1/lei-records/S7AVHSYYPK5PCOCQSV77/fund-manager","https://api.gleif.org/api/v1/lei-records/S7AVHSYYPK5PCOCQSV77/fund-manager-relationship",TRUE,NA,NA,NA,NA,"P.O. Box 1347",NA,NA,NA,NA,NA,NA,NA,"https://api.gleif.org/api/v1/lei-records/S7AVHSYYPK5PCOCQSV77/umbrella-fund","https://api.gleif.org/api/v1/lei-records/S7AVHSYYPK5PCOCQSV77/umbrella-fund-relationship",NA,NA,NA,NA,NA,NA,NA,NA,NA,NA,NA,NA,NA,"https://api.gleif.org/api/v1/lei-records/S7AVHSYYPK5PCOCQSV77/isins",NA,NA,NA,NA,NA,NA,NA,NA,NA,NA,NA,NA,NA,NA,NA,NA,NA,NA,NA,NA,NA,NA,NA,NA,NA,NA,NA,NA,NA,NA,NA,NA,NA,NA,NA,NA,NA,NA,NA,NA,NA,NA,NA,NA,NA,NA,NA,NA,NA,NA,NA,NA,NA,NA,NA,NA,NA,NA,NA,NA,NA,NA,NA,NA,NA,NA,NA,NA,NA,NA,NA,NA,NA,NA,NA,NA,NA,NA,NA,NA,NA,NA,NA,NA,NA,NA,NA,NA,NA,NA,NA,NA,NA,NA,NA,NA,NA,NA,NA,NA,NA,NA,NA,NA,NA,NA,NA,NA,NA,NA,NA,NA,NA,NA,NA,NA,NA,NA,NA,NA,NA,NA,NA,NA,NA,NA,NA,NA,NA,NA,NA,NA,NA,NA,NA,NA,NA,NA,NA,NA,NA,NA,NA,NA,NA,NA,NA,NA,NA,NA,NA,NA,NA,NA,NA,NA,NA,NA,NA,NA,NA,NA,NA,NA,NA,NA,NA,NA,NA,NA,NA,NA,NA,NA,NA,NA,NA,NA,NA,NA,NA,NA,NA,NA,NA,NA,NA,NA,NA,NA,NA,NA,NA,NA,NA,NA,NA,NA,NA,NA,NA,NA,NA,NA,NA,NA,NA,NA,NA,NA,NA,NA,NA,NA,NA,NA,NA,NA,NA,NA,NA,NA,NA,NA,NA,NA,"Goldman Sachs Global Income Fund","Open-End Mutual Fund"
"307","SIG2VU6GJ2VLC2XNC047","SIG2VU6GJ2VLC2XNC047",200,"SIG2VU6GJ2VLC2XNC047","PIMCO Global Bond Opportunities Portfolio (Unhedged)","en",NA,NA,"en","C/O THE CORPORATION TRUST COMPANY",NA,NA,NA,"WILMINGTON","US-DE","US","19801","en","C/O PACIFIC INVESTMENT MANAGEMENT COMPANY LLC",NA,NA,NA,"DOVER","US-DE","US","19904","RA000665",NA,"S000009670","US","FUND","8888","FUND",NA,NA,"ACTIVE",NA,NA,NA,NA,NA,2012-10-18 00:00:00,NA,NA,NA,2012-10-19 08:03:00,2025-06-19 17:47:07,"ISSUED",2026-07-07 00:00:00,"5493001KJTIIGC8Y1R12","FULLY_CORROBORATED","RA000665",NA,"S000009670",NA,NA,NA,NA,NA,49557277,"CONFORMING","https://api.gleif.org/api/v1/lei-records/SIG2VU6GJ2VLC2XNC047/managing-lou","https://api.gleif.org/api/v1/lei-records/SIG2VU6GJ2VLC2XNC047/lei-issuer","https://api.gleif.org/api/v1/lei-records/SIG2VU6GJ2VLC2XNC047/field-modifications","https://api.gleif.org/api/v1/lei-records/SIG2VU6GJ2VLC2XNC047/direct-parent-reporting-exception","https://api.gleif.org/api/v1/lei-records/SIG2VU6GJ2VLC2XNC047/ultimate-parent-reporting-exception","https://api.gleif.org/api/v1/lei-records/SIG2VU6GJ2VLC2XNC047/fund-manager","https://api.gleif.org/api/v1/lei-records/SIG2VU6GJ2VLC2XNC047/fund-manager-relationship",TRUE,NA,NA,NA,NA,"CORPORATION TRUST CENTER","838 WALKER ROAD",NA,NA,NA,NA,NA,NA,"https://api.gleif.org/api/v1/lei-records/SIG2VU6GJ2VLC2XNC047/umbrella-fund","https://api.gleif.org/api/v1/lei-records/SIG2VU6GJ2VLC2XNC047/umbrella-fund-relationship","SUITE 21-2",NA,NA,NA,NA,NA,"1209 ORANGE ST",NA,NA,NA,NA,NA,NA,NA,NA,NA,NA,NA,NA,NA,NA,NA,NA,NA,NA,NA,NA,NA,NA,NA,NA,NA,NA,NA,NA,NA,NA,NA,NA,NA,NA,NA,NA,NA,NA,NA,NA,NA,NA,NA,NA,NA,NA,NA,NA,NA,NA,NA,NA,NA,NA,NA,NA,NA,NA,NA,NA,NA,NA,NA,NA,NA,NA,NA,NA,NA,NA,NA,NA,NA,NA,NA,NA,NA,NA,NA,NA,NA,NA,NA,NA,NA,NA,NA,NA,NA,NA,NA,NA,NA,NA,NA,NA,NA,NA,NA,NA,NA,NA,NA,NA,NA,NA,NA,NA,NA,NA,NA,NA,NA,NA,NA,NA,NA,NA,NA,NA,NA,NA,NA,NA,NA,NA,NA,NA,NA,NA,NA,NA,NA,NA,NA,NA,NA,NA,NA,NA,NA,NA,NA,NA,NA,NA,NA,NA,NA,NA,NA,NA,NA,NA,NA,NA,NA,NA,NA,NA,NA,NA,NA,NA,NA,NA,NA,NA,NA,NA,NA,NA,NA,NA,NA,NA,NA,NA,NA,NA,NA,NA,NA,NA,NA,NA,NA,NA,NA,NA,NA,NA,NA,NA,NA,NA,NA,NA,NA,NA,NA,NA,NA,NA,NA,NA,NA,NA,NA,NA,NA,NA,NA,NA,NA,NA,NA,NA,NA,NA,NA,NA,NA,NA,NA,NA,NA,NA,NA,NA,NA,NA,NA,"PIMCO Global Bond Opportunities Portfolio (Unhedged)","Open-End Mutual Fund"
"308","SIKSVC7SX72QP7S0HI49","SIKSVC7SX72QP7S0HI49",200,"SIKSVC7SX72QP7S0HI49","THE HARTFORD TOTAL RETURN BOND FUND","en",NA,NA,"en","C/O THE CORPORATION TRUST INCORPORATED",NA,NA,NA,"LUTHERVILLE TIMONIUM","US-MD","US","21093-2264","en","C/O HARTFORD FUNDS MANAGEMENT COMPANY, LLC",NA,NA,NA,"WAYNE","US-PA","US","19087","RA000665",NA,"S000003605","US","FUND","8888","SUB-FUND",NA,NA,"ACTIVE",NA,NA,NA,NA,NA,2012-06-05 00:00:00,NA,NA,NA,2012-06-06 15:53:00,2026-01-16 15:50:49,"ISSUED",2027-02-01 00:00:00,"5493001KJTIIGC8Y1R12","FULLY_CORROBORATED","RA000665",NA,"S000003605",NA,NA,NA,NA,NA,34336191,"CONFORMING","https://api.gleif.org/api/v1/lei-records/SIKSVC7SX72QP7S0HI49/managing-lou","https://api.gleif.org/api/v1/lei-records/SIKSVC7SX72QP7S0HI49/lei-issuer","https://api.gleif.org/api/v1/lei-records/SIKSVC7SX72QP7S0HI49/field-modifications","https://api.gleif.org/api/v1/lei-records/SIKSVC7SX72QP7S0HI49/direct-parent-reporting-exception","https://api.gleif.org/api/v1/lei-records/SIKSVC7SX72QP7S0HI49/ultimate-parent-reporting-exception","https://api.gleif.org/api/v1/lei-records/SIKSVC7SX72QP7S0HI49/fund-manager","https://api.gleif.org/api/v1/lei-records/SIKSVC7SX72QP7S0HI49/fund-manager-relationship",TRUE,NA,"HARTFORD MUTUAL FUNDS INC- THE HARTFORD TOTAL RETURN BOND FUND","en","PREVIOUS_LEGAL_NAME","2405 YORK ROAD","690 LEE ROAD",NA,NA,NA,NA,NA,NA,"https://api.gleif.org/api/v1/lei-records/SIKSVC7SX72QP7S0HI49/umbrella-fund","https://api.gleif.org/api/v1/lei-records/SIKSVC7SX72QP7S0HI49/umbrella-fund-relationship",NA,NA,NA,NA,NA,NA,"SUITE 201",NA,NA,NA,NA,NA,NA,NA,NA,NA,NA,NA,NA,NA,NA,NA,NA,NA,NA,NA,NA,NA,NA,NA,NA,NA,NA,NA,NA,NA,NA,NA,NA,NA,NA,NA,NA,NA,NA,NA,NA,NA,NA,NA,NA,NA,NA,NA,NA,NA,NA,NA,NA,NA,NA,NA,NA,NA,NA,NA,NA,NA,NA,NA,NA,NA,NA,NA,NA,NA,NA,NA,NA,NA,NA,NA,NA,NA,NA,NA,NA,NA,NA,NA,NA,NA,NA,NA,NA,NA,NA,NA,NA,NA,NA,NA,NA,NA,NA,NA,NA,NA,NA,NA,NA,NA,NA,NA,NA,NA,NA,NA,NA,NA,NA,NA,NA,NA,NA,NA,NA,NA,NA,NA,NA,NA,NA,NA,NA,NA,NA,NA,NA,NA,NA,NA,NA,NA,NA,NA,NA,NA,NA,NA,NA,NA,NA,NA,NA,NA,NA,NA,NA,NA,NA,NA,NA,NA,NA,NA,NA,NA,NA,NA,NA,NA,NA,NA,NA,NA,NA,NA,NA,NA,NA,NA,NA,NA,NA,NA,NA,NA,NA,NA,NA,NA,NA,NA,NA,NA,NA,NA,NA,NA,NA,NA,NA,NA,NA,NA,NA,NA,NA,NA,NA,NA,NA,NA,NA,NA,NA,NA,NA,NA,NA,NA,NA,NA,NA,NA,NA,NA,NA,NA,NA,NA,NA,NA,NA,NA,NA,NA,NA,NA,"THE HARTFORD TOTAL RETURN BOND FUND","Open-End Mutual Fund"
"309","SNMNUKOII1T2R8BSNF79","SNMNUKOII1T2R8BSNF79",200,"SNMNUKOII1T2R8BSNF79","PIMCO CommodityRealReturn Strategy Portfolio","en",NA,NA,"en","C/O THE CORPORATION TRUST COMPANY",NA,NA,NA,"WILMINGTON","US-DE","US","19801","en","C/O Pacific Investment Management Company LLC",NA,NA,NA,"Newport Beach","US-CA","US","92660","RA000665",NA,"S000009667","US","FUND","8888","SUB-FUND",NA,NA,"ACTIVE",NA,NA,NA,NA,NA,2012-10-18 00:00:00,NA,NA,NA,2012-10-19 08:07:00,2025-06-19 11:20:44,"ISSUED",2026-07-07 00:00:00,"5493001KJTIIGC8Y1R12","FULLY_CORROBORATED","RA000665",NA,"S000009667",NA,NA,NA,NA,NA,54579617,"CONFORMING","https://api.gleif.org/api/v1/lei-records/SNMNUKOII1T2R8BSNF79/managing-lou","https://api.gleif.org/api/v1/lei-records/SNMNUKOII1T2R8BSNF79/lei-issuer","https://api.gleif.org/api/v1/lei-records/SNMNUKOII1T2R8BSNF79/field-modifications","https://api.gleif.org/api/v1/lei-records/SNMNUKOII1T2R8BSNF79/direct-parent-reporting-exception","https://api.gleif.org/api/v1/lei-records/SNMNUKOII1T2R8BSNF79/ultimate-parent-reporting-exception","https://api.gleif.org/api/v1/lei-records/SNMNUKOII1T2R8BSNF79/fund-manager","https://api.gleif.org/api/v1/lei-records/SNMNUKOII1T2R8BSNF79/fund-manager-relationship",TRUE,NA,NA,NA,NA,"CORPORATION TRUST CENTER","650 Newport Center Drive",NA,NA,NA,NA,NA,NA,"https://api.gleif.org/api/v1/lei-records/SNMNUKOII1T2R8BSNF79/umbrella-fund","https://api.gleif.org/api/v1/lei-records/SNMNUKOII1T2R8BSNF79/umbrella-fund-relationship",NA,NA,NA,NA,NA,NA,"1209 ORANGE ST",NA,NA,NA,NA,NA,NA,NA,NA,NA,NA,NA,NA,NA,NA,NA,NA,NA,NA,NA,NA,NA,NA,NA,NA,NA,NA,NA,NA,NA,NA,NA,NA,NA,NA,NA,NA,NA,NA,NA,NA,NA,NA,NA,NA,NA,NA,NA,NA,NA,NA,NA,NA,NA,NA,NA,NA,NA,NA,NA,NA,NA,NA,NA,NA,NA,NA,NA,NA,NA,NA,NA,NA,NA,NA,NA,NA,NA,NA,NA,NA,NA,NA,NA,NA,NA,NA,NA,NA,NA,NA,NA,NA,NA,NA,NA,NA,NA,NA,NA,NA,NA,NA,NA,NA,NA,NA,NA,NA,NA,NA,NA,NA,NA,NA,NA,NA,NA,NA,NA,NA,NA,NA,NA,NA,NA,NA,NA,NA,NA,NA,NA,NA,NA,NA,NA,NA,NA,NA,NA,NA,NA,NA,NA,NA,NA,NA,NA,NA,NA,NA,NA,NA,NA,NA,NA,NA,NA,NA,NA,NA,NA,NA,NA,NA,NA,NA,NA,NA,NA,NA,NA,NA,NA,NA,NA,NA,NA,NA,NA,NA,NA,NA,NA,NA,NA,NA,NA,NA,NA,NA,NA,NA,NA,NA,NA,NA,NA,NA,NA,NA,NA,NA,NA,NA,NA,NA,NA,NA,NA,NA,NA,NA,NA,NA,NA,NA,NA,NA,NA,NA,NA,NA,NA,NA,NA,NA,NA,NA,NA,NA,NA,NA,NA,"PIMCO CommodityRealReturn Strategy Portfolio","Open-End Mutual Fund"
"310","SVLFVAGUHS15GPUL9Z39","SVLFVAGUHS15GPUL9Z39",200,"SVLFVAGUHS15GPUL9Z39","PIMCO Low Duration Income Fund","en",NA,NA,"en","C/O CT CORPORATION SYSTEM",NA,NA,NA,"BOSTON","US-MA","US","02110","en","C/O Pacific Investment Management Company LLC",NA,NA,NA,"Newport Beach","US-CA","US","92660","RA000665",NA,"S000009677","US","FUND","8888","FUND",NA,NA,"ACTIVE",NA,NA,NA,NA,NA,2012-10-18 00:00:00,NA,NA,NA,2012-10-19 08:01:00,2025-06-19 11:26:00,"ISSUED",2026-07-07 00:00:00,"5493001KJTIIGC8Y1R12","FULLY_CORROBORATED","RA000665",NA,"S000009677",NA,NA,NA,NA,NA,24793346,"CONFORMING","https://api.gleif.org/api/v1/lei-records/SVLFVAGUHS15GPUL9Z39/managing-lou","https://api.gleif.org/api/v1/lei-records/SVLFVAGUHS15GPUL9Z39/lei-issuer","https://api.gleif.org/api/v1/lei-records/SVLFVAGUHS15GPUL9Z39/field-modifications","https://api.gleif.org/api/v1/lei-records/SVLFVAGUHS15GPUL9Z39/direct-parent-reporting-exception","https://api.gleif.org/api/v1/lei-records/SVLFVAGUHS15GPUL9Z39/ultimate-parent-reporting-exception","https://api.gleif.org/api/v1/lei-records/SVLFVAGUHS15GPUL9Z39/fund-manager","https://api.gleif.org/api/v1/lei-records/SVLFVAGUHS15GPUL9Z39/fund-manager-relationship",TRUE,NA,"PIMCO Funds - PIMCO Floating Income Fund","en","PREVIOUS_LEGAL_NAME","155 FEDERAL ST","650 Newport Center Drive",NA,NA,NA,NA,NA,NA,"https://api.gleif.org/api/v1/lei-records/SVLFVAGUHS15GPUL9Z39/umbrella-fund","https://api.gleif.org/api/v1/lei-records/SVLFVAGUHS15GPUL9Z39/umbrella-fund-relationship",NA,NA,NA,NA,NA,NA,"SUITE 700",NA,NA,NA,NA,NA,NA,NA,NA,NA,NA,NA,NA,NA,NA,NA,NA,NA,NA,NA,NA,NA,NA,NA,NA,NA,NA,NA,NA,NA,NA,NA,NA,NA,NA,NA,NA,NA,NA,NA,NA,NA,NA,NA,NA,NA,NA,NA,NA,NA,NA,NA,NA,NA,NA,NA,NA,NA,NA,NA,NA,NA,NA,NA,NA,NA,NA,NA,NA,NA,NA,NA,NA,NA,NA,NA,NA,NA,NA,NA,NA,NA,NA,NA,NA,NA,NA,NA,NA,NA,NA,NA,NA,NA,NA,NA,NA,NA,NA,NA,NA,NA,NA,NA,NA,NA,NA,NA,NA,NA,NA,NA,NA,NA,NA,NA,NA,NA,NA,NA,NA,NA,NA,NA,NA,NA,NA,NA,NA,NA,NA,NA,NA,NA,NA,NA,NA,NA,NA,NA,NA,NA,NA,NA,NA,NA,NA,NA,NA,NA,NA,NA,NA,NA,NA,NA,NA,NA,NA,NA,NA,NA,NA,NA,NA,NA,NA,NA,NA,NA,NA,NA,NA,NA,NA,NA,NA,NA,NA,NA,NA,NA,NA,NA,NA,NA,NA,NA,NA,NA,NA,NA,NA,NA,NA,NA,NA,NA,NA,NA,NA,NA,NA,NA,NA,NA,NA,NA,NA,NA,NA,NA,NA,NA,NA,NA,NA,NA,NA,NA,NA,NA,NA,NA,NA,NA,NA,NA,NA,NA,NA,NA,NA,NA,"PIMCO Low Duration Income Fund","Open-End Mutual Fund"
"311","THF8EKD5U3IIE5DF6F03","THF8EKD5U3IIE5DF6F03",200,"THF8EKD5U3IIE5DF6F03","PIMCO Inflation Response Multi-Asset Fund","en",NA,NA,"en","C/O C T CORPORATION SYSTEM",NA,NA,NA,"BOSTON","US-MA","US","02110","en","C/O Pacific Investment Management Company LLC",NA,NA,NA,"Newport Beach","US-CA","US","92660","RA000665",NA,"S000033597","US","FUND","8888","FUND",NA,NA,"ACTIVE",NA,NA,NA,NA,NA,2012-10-18 00:00:00,NA,NA,NA,2012-10-19 08:05:00,2025-06-19 11:31:18,"ISSUED",2026-07-07 00:00:00,"5493001KJTIIGC8Y1R12","FULLY_CORROBORATED","RA000665",NA,"S000033597",NA,NA,NA,NA,NA,139937135,"CONFORMING","https://api.gleif.org/api/v1/lei-records/THF8EKD5U3IIE5DF6F03/managing-lou","https://api.gleif.org/api/v1/lei-records/THF8EKD5U3IIE5DF6F03/lei-issuer","https://api.gleif.org/api/v1/lei-records/THF8EKD5U3IIE5DF6F03/field-modifications","https://api.gleif.org/api/v1/lei-records/THF8EKD5U3IIE5DF6F03/direct-parent-reporting-exception","https://api.gleif.org/api/v1/lei-records/THF8EKD5U3IIE5DF6F03/ultimate-parent-reporting-exception","https://api.gleif.org/api/v1/lei-records/THF8EKD5U3IIE5DF6F03/fund-manager","https://api.gleif.org/api/v1/lei-records/THF8EKD5U3IIE5DF6F03/fund-manager-relationship",TRUE,NA,NA,NA,NA,"155 FEDERAL ST","650 Newport Center Drive",NA,NA,NA,NA,NA,NA,"https://api.gleif.org/api/v1/lei-records/THF8EKD5U3IIE5DF6F03/umbrella-fund","https://api.gleif.org/api/v1/lei-records/THF8EKD5U3IIE5DF6F03/umbrella-fund-relationship",NA,NA,NA,NA,NA,NA,"SUITE 700",NA,NA,NA,NA,NA,NA,NA,NA,NA,NA,NA,NA,NA,NA,NA,NA,NA,NA,NA,NA,NA,NA,NA,NA,NA,NA,NA,NA,NA,NA,NA,NA,NA,NA,NA,NA,NA,NA,NA,NA,NA,NA,NA,NA,NA,NA,NA,NA,NA,NA,NA,NA,NA,NA,NA,NA,NA,NA,NA,NA,NA,NA,NA,NA,NA,NA,NA,NA,NA,NA,NA,NA,NA,NA,NA,NA,NA,NA,NA,NA,NA,NA,NA,NA,NA,NA,NA,NA,NA,NA,NA,NA,NA,NA,NA,NA,NA,NA,NA,NA,NA,NA,NA,NA,NA,NA,NA,NA,NA,NA,NA,NA,NA,NA,NA,NA,NA,NA,NA,NA,NA,NA,NA,NA,NA,NA,NA,NA,NA,NA,NA,NA,NA,NA,NA,NA,NA,NA,NA,NA,NA,NA,NA,NA,NA,NA,NA,NA,NA,NA,NA,NA,NA,NA,NA,NA,NA,NA,NA,NA,NA,NA,NA,NA,NA,NA,NA,NA,NA,NA,NA,NA,NA,NA,NA,NA,NA,NA,NA,NA,NA,NA,NA,NA,NA,NA,NA,NA,NA,NA,NA,NA,NA,NA,NA,NA,NA,NA,NA,NA,NA,NA,NA,NA,NA,NA,NA,NA,NA,NA,NA,NA,NA,NA,NA,NA,NA,NA,NA,NA,NA,NA,NA,NA,NA,NA,NA,NA,NA,NA,NA,NA,NA,"PIMCO Inflation Response Multi-Asset Fund","Open-End Mutual Fund"
"312","TJHVIYYZOASBZ463H550","TJHVIYYZOASBZ463H550",200,"TJHVIYYZOASBZ463H550","Emerging Markets Local Income Portfolio","en",NA,NA,"en","C/O C T CORPORATION SYSTEM",NA,NA,NA,"BOSTON","US-MA","US","02110","en","C/O BOSTON MANAGEMENT AND RESEARCH",NA,NA,NA,"BOSTON","US-MA","US","02109","RA000665",NA,"0001394395","US","FUND","8888","FUND",NA,NA,"ACTIVE",NA,NA,NA,NA,NA,2009-12-13 00:00:00,NA,NA,NA,2012-06-06 15:52:00,2025-08-17 14:34:44,"ISSUED",2026-09-06 15:58:07,"5493001KJTIIGC8Y1R12","FULLY_CORROBORATED","RA000665",NA,"0001394395",NA,NA,NA,NA,NA,114604210,"CONFORMING","https://api.gleif.org/api/v1/lei-records/TJHVIYYZOASBZ463H550/managing-lou","https://api.gleif.org/api/v1/lei-records/TJHVIYYZOASBZ463H550/lei-issuer","https://api.gleif.org/api/v1/lei-records/TJHVIYYZOASBZ463H550/field-modifications","https://api.gleif.org/api/v1/lei-records/TJHVIYYZOASBZ463H550/direct-parent-reporting-exception","https://api.gleif.org/api/v1/lei-records/TJHVIYYZOASBZ463H550/ultimate-parent-reporting-exception","https://api.gleif.org/api/v1/lei-records/TJHVIYYZOASBZ463H550/fund-manager","https://api.gleif.org/api/v1/lei-records/TJHVIYYZOASBZ463H550/fund-manager-relationship",TRUE,NA,NA,NA,NA,"155 FEDERAL STREET","ONE POST OFFICE SQUARE",NA,NA,NA,NA,NA,NA,NA,NA,NA,NA,NA,NA,NA,NA,"SUITE 700",NA,NA,NA,NA,NA,NA,NA,NA,NA,NA,NA,NA,NA,NA,NA,NA,NA,NA,NA,NA,NA,NA,NA,NA,NA,NA,NA,NA,NA,NA,NA,NA,NA,NA,NA,NA,NA,NA,NA,NA,NA,NA,NA,NA,NA,NA,NA,NA,NA,NA,NA,NA,NA,NA,NA,NA,NA,NA,NA,NA,NA,NA,NA,NA,NA,NA,NA,NA,NA,NA,NA,NA,NA,NA,NA,NA,NA,NA,NA,NA,NA,NA,NA,NA,NA,NA,NA,NA,NA,NA,NA,NA,NA,NA,NA,NA,NA,NA,NA,NA,NA,NA,NA,NA,NA,NA,NA,NA,NA,NA,NA,NA,NA,NA,NA,NA,NA,NA,NA,NA,NA,NA,NA,NA,NA,NA,NA,NA,NA,NA,NA,NA,NA,NA,NA,NA,NA,NA,NA,NA,NA,NA,NA,NA,NA,NA,NA,NA,NA,NA,NA,NA,NA,NA,NA,NA,NA,NA,NA,NA,NA,NA,NA,NA,NA,NA,NA,NA,NA,NA,NA,NA,NA,NA,NA,NA,NA,NA,NA,NA,NA,NA,NA,NA,NA,NA,NA,NA,NA,NA,NA,NA,NA,NA,NA,NA,NA,NA,NA,NA,NA,NA,NA,NA,NA,NA,NA,NA,NA,NA,NA,NA,NA,NA,NA,NA,NA,NA,NA,NA,NA,NA,NA,NA,NA,NA,NA,NA,NA,NA,NA,NA,NA,"Emerging Markets Local Income Portfolio","Open-End Mutual Fund"
"313","TMK5EH3X0S88LKHCV210","TMK5EH3X0S88LKHCV210",200,"TMK5EH3X0S88LKHCV210","PGIM Total Return Bond Fund","en",NA,NA,"en","C/O The Corporation Trust Incorporated",NA,NA,NA,"Lutherville-Timonium","US-MD","US","21093-2264","en","C/O PGIM Investments LLC",NA,NA,NA,"Newark","US-NJ","US","07102","RA000665",NA,"S000004536","US","FUND","8888","FUND",NA,NA,"ACTIVE",NA,NA,NA,NA,NA,1995-01-10 00:00:00,NA,NA,NA,2012-10-24 14:03:00,2026-04-08 11:45:42,"ISSUED",2027-04-21 15:23:47,"5493001KJTIIGC8Y1R12","FULLY_CORROBORATED","RA000665",NA,"S000004536",NA,NA,NA,NA,NA,22863943,"CONFORMING","https://api.gleif.org/api/v1/lei-records/TMK5EH3X0S88LKHCV210/managing-lou","https://api.gleif.org/api/v1/lei-records/TMK5EH3X0S88LKHCV210/lei-issuer","https://api.gleif.org/api/v1/lei-records/TMK5EH3X0S88LKHCV210/field-modifications","https://api.gleif.org/api/v1/lei-records/TMK5EH3X0S88LKHCV210/direct-parent-reporting-exception","https://api.gleif.org/api/v1/lei-records/TMK5EH3X0S88LKHCV210/ultimate-parent-reporting-exception","https://api.gleif.org/api/v1/lei-records/TMK5EH3X0S88LKHCV210/fund-manager","https://api.gleif.org/api/v1/lei-records/TMK5EH3X0S88LKHCV210/fund-manager-relationship",TRUE,NA,NA,NA,NA,"2405 York Road","655 Broad St",NA,NA,NA,NA,NA,NA,"https://api.gleif.org/api/v1/lei-records/TMK5EH3X0S88LKHCV210/umbrella-fund","https://api.gleif.org/api/v1/lei-records/TMK5EH3X0S88LKHCV210/umbrella-fund-relationship","17th Floor",NA,NA,NA,NA,NA,"Suite 201",NA,NA,NA,NA,NA,NA,NA,NA,NA,NA,NA,NA,NA,NA,NA,NA,NA,NA,NA,NA,NA,NA,NA,NA,NA,NA,NA,NA,NA,NA,NA,NA,NA,NA,NA,NA,NA,NA,NA,NA,NA,NA,NA,NA,NA,NA,NA,NA,NA,NA,NA,NA,NA,NA,NA,NA,NA,NA,NA,NA,NA,NA,NA,NA,NA,NA,NA,NA,NA,NA,NA,NA,NA,NA,NA,NA,NA,NA,NA,NA,NA,NA,NA,NA,NA,NA,NA,NA,NA,NA,NA,NA,NA,NA,NA,NA,NA,NA,NA,NA,NA,NA,NA,NA,NA,NA,NA,NA,NA,NA,NA,NA,NA,NA,NA,NA,NA,NA,NA,NA,NA,NA,NA,NA,NA,NA,NA,NA,NA,NA,NA,NA,NA,NA,NA,NA,NA,NA,NA,NA,NA,NA,NA,NA,NA,NA,NA,NA,NA,NA,NA,NA,NA,NA,NA,NA,NA,NA,NA,NA,NA,NA,NA,NA,NA,NA,NA,NA,NA,NA,NA,NA,NA,NA,NA,NA,NA,NA,NA,NA,NA,NA,NA,NA,NA,NA,NA,NA,NA,NA,NA,NA,NA,NA,NA,NA,NA,NA,NA,NA,NA,NA,NA,NA,NA,NA,NA,NA,NA,NA,NA,NA,NA,NA,NA,NA,NA,NA,NA,NA,NA,NA,NA,NA,NA,NA,NA,NA,NA,NA,NA,NA,NA,"PGIM Total Return Bond Fund","Open-End Mutual Fund"
"314","TQP7DPAB80LXP8753734","TQP7DPAB80LXP8753734",200,"TQP7DPAB80LXP8753734","Private Account Portfolio Series - International Portfolio","en",NA,NA,"en","C/O C T CORPORATION SYSTEM",NA,NA,NA,"BOSTON","US-MA","US","02110","en","C/O Pacific Investment Management Company LLC",NA,NA,NA,"Newport Beach","US-CA","US","92660","RA000665",NA,"S000009851","US","FUND","8888","SUB-FUND",NA,NA,"ACTIVE",NA,NA,NA,NA,NA,2012-10-17 00:00:00,NA,NA,NA,2012-10-19 08:02:00,2025-07-11 19:15:53,"ISSUED",2026-08-07 00:00:00,"5493001KJTIIGC8Y1R12","FULLY_CORROBORATED","RA000665",NA,"S000009851",NA,NA,NA,NA,NA,107377807,"CONFORMING","https://api.gleif.org/api/v1/lei-records/TQP7DPAB80LXP8753734/managing-lou","https://api.gleif.org/api/v1/lei-records/TQP7DPAB80LXP8753734/lei-issuer","https://api.gleif.org/api/v1/lei-records/TQP7DPAB80LXP8753734/field-modifications","https://api.gleif.org/api/v1/lei-records/TQP7DPAB80LXP8753734/direct-parent-reporting-exception","https://api.gleif.org/api/v1/lei-records/TQP7DPAB80LXP8753734/ultimate-parent-reporting-exception","https://api.gleif.org/api/v1/lei-records/TQP7DPAB80LXP8753734/fund-manager","https://api.gleif.org/api/v1/lei-records/TQP7DPAB80LXP8753734/fund-manager-relationship",TRUE,NA,"PIMCO FUNDS - PIMCO International Portfolio","en","PREVIOUS_LEGAL_NAME","155 FEDERAL ST.","650 Newport Center Drive",NA,NA,NA,NA,NA,NA,"https://api.gleif.org/api/v1/lei-records/TQP7DPAB80LXP8753734/umbrella-fund","https://api.gleif.org/api/v1/lei-records/TQP7DPAB80LXP8753734/umbrella-fund-relationship",NA,NA,NA,NA,NA,NA,"SUITE 700",NA,NA,NA,NA,NA,NA,NA,NA,NA,NA,NA,NA,NA,NA,NA,NA,NA,NA,NA,NA,NA,NA,NA,NA,NA,NA,NA,NA,NA,NA,NA,NA,NA,NA,NA,NA,NA,NA,NA,NA,NA,NA,NA,NA,NA,NA,NA,NA,NA,NA,NA,NA,NA,NA,NA,NA,NA,NA,NA,NA,NA,NA,NA,NA,NA,NA,NA,NA,NA,NA,NA,NA,NA,NA,NA,NA,NA,NA,NA,NA,NA,NA,NA,NA,NA,NA,NA,NA,NA,NA,NA,NA,NA,NA,NA,NA,NA,NA,NA,NA,NA,NA,NA,NA,NA,NA,NA,NA,NA,NA,NA,NA,NA,NA,NA,NA,NA,NA,NA,NA,NA,NA,NA,NA,NA,NA,NA,NA,NA,NA,NA,NA,NA,NA,NA,NA,NA,NA,NA,NA,NA,NA,NA,NA,NA,NA,NA,NA,NA,NA,NA,NA,NA,NA,NA,NA,NA,NA,NA,NA,NA,NA,NA,NA,NA,NA,NA,NA,NA,NA,NA,NA,NA,NA,NA,NA,NA,NA,NA,NA,NA,NA,NA,NA,NA,NA,NA,NA,NA,NA,NA,NA,NA,NA,NA,NA,NA,NA,NA,NA,NA,NA,NA,NA,NA,NA,NA,NA,NA,NA,NA,NA,NA,NA,NA,NA,NA,NA,NA,NA,NA,NA,NA,NA,NA,NA,NA,NA,NA,NA,NA,NA,NA,"PIMCO International Portfolio","Open-End Mutual Fund"
"315","TSZ3Y1M841F22UYNMR48","TSZ3Y1M841F22UYNMR48",200,"TSZ3Y1M841F22UYNMR48","PIMCO EM Bond and Short-Term Investments Portfolio","en",NA,NA,"en","C/O CT CORPORATION SYSTEM",NA,NA,NA,"BOSTON","US-MA","US","02110","en","C/O Pacific Investment Management Company LLC",NA,NA,NA,"Newport Beach","US-CA","US","92660","RA000665",NA,"S000009848","US","FUND","8888","FUND",NA,NA,"ACTIVE",NA,NA,NA,NA,NA,2012-10-18 00:00:00,NA,NA,NA,2012-10-19 08:02:00,2025-06-19 13:48:29,"ISSUED",2026-07-07 00:00:00,"5493001KJTIIGC8Y1R12","FULLY_CORROBORATED","RA000665",NA,"S000009848",NA,NA,NA,NA,NA,107377800,"CONFORMING","https://api.gleif.org/api/v1/lei-records/TSZ3Y1M841F22UYNMR48/managing-lou","https://api.gleif.org/api/v1/lei-records/TSZ3Y1M841F22UYNMR48/lei-issuer","https://api.gleif.org/api/v1/lei-records/TSZ3Y1M841F22UYNMR48/field-modifications","https://api.gleif.org/api/v1/lei-records/TSZ3Y1M841F22UYNMR48/direct-parent-reporting-exception","https://api.gleif.org/api/v1/lei-records/TSZ3Y1M841F22UYNMR48/ultimate-parent-reporting-exception","https://api.gleif.org/api/v1/lei-records/TSZ3Y1M841F22UYNMR48/fund-manager","https://api.gleif.org/api/v1/lei-records/TSZ3Y1M841F22UYNMR48/fund-manager-relationship",TRUE,NA,"PIMCO Funds - Private Account Portfolio Series - Emerging Markets Portfolio","en","PREVIOUS_LEGAL_NAME","155 FEDERAL ST","650 Newport Center Drive",NA,NA,NA,NA,NA,NA,"https://api.gleif.org/api/v1/lei-records/TSZ3Y1M841F22UYNMR48/umbrella-fund","https://api.gleif.org/api/v1/lei-records/TSZ3Y1M841F22UYNMR48/umbrella-fund-relationship",NA,NA,NA,NA,NA,NA,"SUITE 700",NA,NA,NA,NA,NA,NA,NA,NA,NA,NA,NA,NA,NA,NA,NA,NA,NA,NA,NA,NA,NA,NA,NA,NA,NA,NA,NA,NA,NA,NA,NA,NA,NA,NA,NA,NA,NA,NA,NA,NA,NA,NA,NA,NA,NA,NA,NA,NA,NA,NA,NA,NA,NA,NA,NA,NA,NA,NA,NA,NA,NA,NA,NA,NA,NA,NA,NA,NA,NA,NA,NA,NA,NA,NA,NA,NA,NA,NA,NA,NA,NA,NA,NA,NA,NA,NA,NA,NA,NA,NA,NA,NA,NA,NA,NA,NA,NA,NA,NA,NA,NA,NA,NA,NA,NA,NA,NA,NA,NA,NA,NA,NA,NA,NA,NA,NA,NA,NA,NA,NA,NA,NA,NA,NA,NA,NA,NA,NA,NA,NA,NA,NA,NA,NA,NA,NA,NA,NA,NA,NA,NA,NA,NA,NA,NA,NA,NA,NA,NA,NA,NA,NA,NA,NA,NA,NA,NA,NA,NA,NA,NA,NA,NA,NA,NA,NA,NA,NA,NA,NA,NA,NA,NA,NA,NA,NA,NA,NA,NA,NA,NA,NA,NA,NA,NA,NA,NA,NA,NA,NA,NA,NA,NA,NA,NA,NA,NA,NA,NA,NA,NA,NA,NA,NA,NA,NA,NA,NA,NA,NA,NA,NA,NA,NA,NA,NA,NA,NA,NA,NA,NA,NA,NA,NA,NA,NA,NA,NA,NA,NA,NA,NA,NA,"PIMCO EM Bond and Short-Term Investments Portfolio","Open-End Mutual Fund"
"316","TX370ON4MTBLFX0TPR51","TX370ON4MTBLFX0TPR51",200,"TX370ON4MTBLFX0TPR51","Transamerica BlackRock iShares Tactical - Conservative VP","en",NA,NA,"en","C/O THE CORPORATION TRUST COMPANY",NA,NA,NA,"WILMINGTON","US-DE","US","19801","en","C/O TRANSAMERICA ASSET MANAGEMENT, INC.",NA,NA,NA,"DENVER","US-CO","US","80202","RA000665",NA,"S000025015","US","FUND","8888","FUND",NA,NA,"ACTIVE",NA,NA,NA,NA,NA,2012-11-13 00:00:00,NA,NA,NA,2012-11-14 21:45:00,2025-09-09 18:36:18,"ISSUED",2026-09-27 18:30:43,"5493001KJTIIGC8Y1R12","FULLY_CORROBORATED","RA000665",NA,"S000025015",NA,NA,NA,NA,NA,84546319,"CONFORMING","https://api.gleif.org/api/v1/lei-records/TX370ON4MTBLFX0TPR51/managing-lou","https://api.gleif.org/api/v1/lei-records/TX370ON4MTBLFX0TPR51/lei-issuer","https://api.gleif.org/api/v1/lei-records/TX370ON4MTBLFX0TPR51/field-modifications","https://api.gleif.org/api/v1/lei-records/TX370ON4MTBLFX0TPR51/direct-parent-reporting-exception","https://api.gleif.org/api/v1/lei-records/TX370ON4MTBLFX0TPR51/ultimate-parent-reporting-exception","https://api.gleif.org/api/v1/lei-records/TX370ON4MTBLFX0TPR51/fund-manager","https://api.gleif.org/api/v1/lei-records/TX370ON4MTBLFX0TPR51/fund-manager-relationship",TRUE,NA,"Transamerica Series Trust - Transamerica Hanlon Growth and Income VP","en","PREVIOUS_LEGAL_NAME","CORPORATION TRUST CENTER","1801 CALIFORNIA STREET","STANDALONE","REGULATORY_FILING",2024-05-01 00:00:00,2024-05-08 16:19:19,"CHANGE_LEGAL_NAME","COMPLETED","https://api.gleif.org/api/v1/lei-records/TX370ON4MTBLFX0TPR51/umbrella-fund","https://api.gleif.org/api/v1/lei-records/TX370ON4MTBLFX0TPR51/umbrella-fund-relationship","SUITE 3700",NA,NA,NA,NA,NA,"1209 ORANGE ST",NA,NA,NA,NA,NA,NA,NA,NA,NA,NA,NA,NA,NA,NA,NA,NA,NA,NA,NA,NA,NA,NA,NA,NA,NA,NA,NA,NA,NA,NA,NA,NA,NA,NA,NA,NA,NA,NA,NA,NA,NA,NA,NA,NA,NA,NA,NA,NA,NA,NA,NA,NA,NA,NA,NA,NA,NA,NA,NA,NA,NA,NA,NA,NA,NA,NA,NA,NA,NA,NA,NA,NA,NA,NA,NA,NA,NA,NA,NA,NA,NA,NA,NA,NA,NA,NA,NA,NA,NA,NA,NA,NA,NA,NA,NA,NA,NA,NA,NA,NA,NA,NA,NA,NA,NA,NA,NA,NA,NA,NA,NA,NA,NA,NA,NA,NA,NA,NA,NA,NA,NA,NA,NA,NA,NA,NA,NA,NA,NA,NA,NA,NA,NA,NA,NA,NA,NA,NA,NA,NA,NA,NA,NA,NA,NA,NA,NA,NA,NA,NA,NA,NA,NA,NA,NA,NA,NA,NA,NA,NA,NA,NA,NA,NA,NA,NA,NA,NA,NA,NA,NA,NA,NA,NA,NA,NA,NA,NA,NA,NA,NA,NA,NA,NA,NA,NA,NA,NA,NA,NA,NA,NA,NA,NA,NA,NA,NA,NA,NA,NA,NA,NA,NA,NA,NA,NA,NA,NA,NA,NA,NA,NA,NA,NA,NA,NA,NA,NA,NA,NA,NA,NA,NA,NA,NA,NA,NA,NA,NA,NA,NA,NA,NA,"Transamerica PIMCO Tactical - Conservative VP","Open-End Mutual Fund"
"317","TXPTLN9B34V0S0MTR071","TXPTLN9B34V0S0MTR071",200,"TXPTLN9B34V0S0MTR071","John Hancock Diversified Income Fund","en",NA,NA,"en","601 Congress Street",NA,NA,NA,"Boston","US-MA","US","02210","en","C/O John Hancock Investment Management LLC",NA,NA,NA,"Boston","US-MA","US","02116","RA000665",NA,"0001496749","US","FUND","8888","Fund",NA,NA,"ACTIVE",NA,NA,NA,NA,NA,2011-05-26 00:00:00,NA,NA,NA,2012-11-26 16:02:00,2025-09-26 19:36:28,"ISSUED",2026-10-25 00:00:00,"5493001KJTIIGC8Y1R12","FULLY_CORROBORATED","RA000665",NA,"0001496749",NA,NA,NA,NA,NA,109542313,"CONFORMING","https://api.gleif.org/api/v1/lei-records/TXPTLN9B34V0S0MTR071/managing-lou","https://api.gleif.org/api/v1/lei-records/TXPTLN9B34V0S0MTR071/lei-issuer","https://api.gleif.org/api/v1/lei-records/TXPTLN9B34V0S0MTR071/field-modifications","https://api.gleif.org/api/v1/lei-records/TXPTLN9B34V0S0MTR071/direct-parent-reporting-exception","https://api.gleif.org/api/v1/lei-records/TXPTLN9B34V0S0MTR071/ultimate-parent-reporting-exception","https://api.gleif.org/api/v1/lei-records/TXPTLN9B34V0S0MTR071/fund-manager","https://api.gleif.org/api/v1/lei-records/TXPTLN9B34V0S0MTR071/fund-manager-relationship",TRUE,NA,"John Hancock Hedged Equity & Income Fund","en","PREVIOUS_LEGAL_NAME",NA,"200 Berkeley St","STANDALONE","SUPPORTING_DOCUMENTS",2025-02-10 00:00:00,2025-01-15 20:02:48,"CHANGE_LEGAL_NAME","IN_PROGRESS",NA,NA,NA,NA,NA,NA,NA,NA,NA,NA,NA,NA,NA,NA,NA,"https://api.gleif.org/api/v1/lei-records/TXPTLN9B34V0S0MTR071/isins",NA,NA,NA,NA,NA,NA,NA,NA,NA,NA,NA,NA,NA,NA,NA,NA,NA,NA,NA,NA,NA,NA,NA,NA,NA,NA,NA,NA,NA,NA,NA,NA,NA,NA,NA,NA,NA,NA,NA,NA,NA,NA,NA,NA,NA,NA,NA,NA,NA,NA,NA,NA,NA,NA,NA,NA,NA,NA,NA,NA,NA,NA,NA,NA,NA,NA,NA,NA,NA,NA,NA,NA,"John Hancock Diversified Income Fund","/lei:LEIData/lei:LEIRecords/lei:LEIRecord/lei:Entity/lei:LegalName",NA,NA,NA,NA,NA,NA,NA,NA,NA,NA,NA,NA,NA,NA,NA,NA,NA,NA,NA,NA,NA,NA,NA,NA,NA,NA,NA,NA,NA,NA,NA,NA,NA,NA,NA,NA,NA,NA,NA,NA,NA,NA,NA,NA,NA,NA,NA,NA,NA,NA,NA,NA,NA,NA,NA,NA,NA,NA,NA,NA,NA,NA,NA,NA,NA,NA,NA,NA,NA,NA,NA,NA,NA,NA,NA,NA,NA,NA,NA,NA,NA,NA,NA,NA,NA,NA,NA,NA,NA,NA,NA,NA,NA,NA,NA,NA,NA,NA,NA,NA,NA,NA,NA,NA,NA,NA,NA,NA,NA,NA,NA,NA,NA,NA,NA,NA,NA,NA,NA,NA,NA,NA,NA,NA,NA,NA,NA,NA,NA,NA,NA,NA,NA,NA,NA,NA,NA,NA,NA,NA,NA,NA,NA,NA,NA,NA,NA,NA,NA,NA,NA,NA,"John Hancock Hedged Equity & Income Fund","Closed-End Fund"
"318","TY07AK2IOS83GROMUB16","TY07AK2IOS83GROMUB16",200,"TY07AK2IOS83GROMUB16","PIMCO Total Return Portfolio","en",NA,NA,"en","C/O THE CORPORATION TRUST COMPANY",NA,NA,NA,"WILMINGTON","US-DE","US","19801","en","C/O PIMCO Total Return Portfolio",NA,NA,NA,"Boston","US-MA","US","02110","RA000665",NA,"S000011100","US","FUND","8888","FUND",NA,NA,"ACTIVE",NA,NA,NA,NA,NA,2016-12-31 00:00:00,NA,NA,NA,2012-11-19 14:06:00,2025-10-09 19:19:19,"ISSUED",2026-10-14 18:00:00,"5493001KJTIIGC8Y1R12","FULLY_CORROBORATED","RA000665",NA,"S000011100",NA,NA,NA,NA,NA,33803354,"CONFORMING","https://api.gleif.org/api/v1/lei-records/TY07AK2IOS83GROMUB16/managing-lou","https://api.gleif.org/api/v1/lei-records/TY07AK2IOS83GROMUB16/lei-issuer","https://api.gleif.org/api/v1/lei-records/TY07AK2IOS83GROMUB16/field-modifications","https://api.gleif.org/api/v1/lei-records/TY07AK2IOS83GROMUB16/direct-parent-reporting-exception","https://api.gleif.org/api/v1/lei-records/TY07AK2IOS83GROMUB16/ultimate-parent-reporting-exception","https://api.gleif.org/api/v1/lei-records/TY07AK2IOS83GROMUB16/fund-manager","https://api.gleif.org/api/v1/lei-records/TY07AK2IOS83GROMUB16/fund-manager-relationship",TRUE,NA,NA,NA,NA,"CORPORATION TRUST CENTER","125 High Street",NA,NA,NA,NA,NA,NA,"https://api.gleif.org/api/v1/lei-records/TY07AK2IOS83GROMUB16/umbrella-fund","https://api.gleif.org/api/v1/lei-records/TY07AK2IOS83GROMUB16/umbrella-fund-relationship","Suite 732",NA,NA,NA,NA,NA,"1209 ORANGE ST",NA,NA,NA,NA,NA,NA,NA,NA,NA,NA,NA,NA,NA,NA,NA,NA,NA,NA,NA,NA,NA,NA,NA,NA,"https://api.gleif.org/api/v1/lei-records/TY07AK2IOS83GROMUB16/managed-fund-relationships","https://api.gleif.org/api/v1/lei-records/TY07AK2IOS83GROMUB16/managed-funds",NA,NA,NA,NA,NA,NA,NA,NA,NA,NA,NA,NA,NA,NA,NA,NA,NA,NA,NA,NA,NA,NA,NA,NA,NA,NA,NA,NA,NA,NA,NA,NA,NA,NA,NA,NA,NA,NA,NA,NA,NA,NA,NA,NA,NA,NA,NA,NA,NA,NA,NA,NA,NA,NA,NA,NA,NA,NA,NA,NA,NA,NA,NA,NA,NA,NA,NA,NA,NA,NA,NA,NA,NA,NA,NA,NA,NA,NA,NA,NA,NA,NA,NA,NA,NA,NA,NA,NA,NA,NA,NA,NA,NA,NA,NA,NA,NA,NA,NA,NA,NA,NA,NA,NA,NA,NA,NA,NA,NA,NA,NA,NA,NA,NA,NA,NA,NA,NA,NA,NA,NA,NA,NA,NA,NA,NA,NA,NA,NA,NA,NA,NA,NA,NA,NA,NA,NA,NA,NA,NA,NA,NA,NA,NA,NA,NA,NA,NA,NA,NA,NA,NA,NA,NA,NA,NA,NA,NA,NA,NA,NA,NA,NA,NA,NA,NA,NA,NA,NA,NA,NA,NA,NA,NA,NA,NA,NA,NA,NA,NA,NA,NA,NA,NA,NA,NA,NA,NA,NA,NA,NA,NA,NA,NA,NA,NA,NA,NA,NA,NA,NA,NA,NA,NA,NA,NA,NA,"PIMCO Total Return Portfolio","Open-End Mutual Fund"
"319","UBV6ASKZ6D22Z3BEZJ52","UBV6ASKZ6D22Z3BEZJ52",200,"UBV6ASKZ6D22Z3BEZJ52","PIMCO Real Return Fund","en",NA,NA,"en","C/O C T CORPORATION SYSTEM",NA,NA,NA,"BOSTON","US-MA","US","02110","en","C/O PACIFIC INVESTMENT MANAGEMENT COMPANY LLC",NA,NA,NA,"NEWPORT BEACH","US-CA","US","92660","RA000665",NA,"S000009700","US","FUND","8888","FUND",NA,NA,"ACTIVE",NA,NA,NA,NA,NA,2012-10-18 00:00:00,NA,NA,NA,2012-10-19 08:02:00,2025-06-19 17:37:36,"ISSUED",2026-07-07 00:00:00,"5493001KJTIIGC8Y1R12","FULLY_CORROBORATED","RA000665",NA,"S000009700",NA,NA,NA,NA,NA,33595583,"CONFORMING","https://api.gleif.org/api/v1/lei-records/UBV6ASKZ6D22Z3BEZJ52/managing-lou","https://api.gleif.org/api/v1/lei-records/UBV6ASKZ6D22Z3BEZJ52/lei-issuer","https://api.gleif.org/api/v1/lei-records/UBV6ASKZ6D22Z3BEZJ52/field-modifications","https://api.gleif.org/api/v1/lei-records/UBV6ASKZ6D22Z3BEZJ52/direct-parent-reporting-exception","https://api.gleif.org/api/v1/lei-records/UBV6ASKZ6D22Z3BEZJ52/ultimate-parent-reporting-exception","https://api.gleif.org/api/v1/lei-records/UBV6ASKZ6D22Z3BEZJ52/fund-manager","https://api.gleif.org/api/v1/lei-records/UBV6ASKZ6D22Z3BEZJ52/fund-manager-relationship",TRUE,NA,NA,NA,NA,"155 FEDERAL ST.","650 NEWPORT CENTER DRIVE",NA,NA,NA,NA,NA,NA,"https://api.gleif.org/api/v1/lei-records/UBV6ASKZ6D22Z3BEZJ52/umbrella-fund","https://api.gleif.org/api/v1/lei-records/UBV6ASKZ6D22Z3BEZJ52/umbrella-fund-relationship",NA,NA,NA,NA,NA,NA,"SUITE 700",NA,NA,NA,NA,NA,NA,NA,NA,NA,NA,NA,NA,NA,NA,NA,NA,NA,NA,NA,NA,NA,NA,NA,NA,NA,NA,NA,NA,NA,NA,NA,NA,NA,NA,NA,NA,NA,NA,NA,NA,NA,NA,NA,NA,NA,NA,NA,NA,NA,NA,NA,NA,NA,NA,NA,NA,NA,NA,NA,NA,NA,NA,NA,NA,NA,NA,NA,NA,NA,NA,NA,NA,NA,NA,NA,NA,NA,NA,NA,NA,NA,NA,NA,NA,NA,NA,NA,NA,NA,NA,NA,NA,NA,NA,NA,NA,NA,NA,NA,NA,NA,NA,NA,NA,NA,NA,NA,NA,NA,NA,NA,NA,NA,NA,NA,NA,NA,NA,NA,NA,NA,NA,NA,NA,NA,NA,NA,NA,NA,NA,NA,NA,NA,NA,NA,NA,NA,NA,NA,NA,NA,NA,NA,NA,NA,NA,NA,NA,NA,NA,NA,NA,NA,NA,NA,NA,NA,NA,NA,NA,NA,NA,NA,NA,NA,NA,NA,NA,NA,NA,NA,NA,NA,NA,NA,NA,NA,NA,NA,NA,NA,NA,NA,NA,NA,NA,NA,NA,NA,NA,NA,NA,NA,NA,NA,NA,NA,NA,NA,NA,NA,NA,NA,NA,NA,NA,NA,NA,NA,NA,NA,NA,NA,NA,NA,NA,NA,NA,NA,NA,NA,NA,NA,NA,NA,NA,NA,NA,NA,NA,NA,NA,NA,"PIMCO Real Return Fund","Open-End Mutual Fund"
"320","UC4Z8SQC322PZJGHCE49","UC4Z8SQC322PZJGHCE49",200,"UC4Z8SQC322PZJGHCE49","PIMCO Global Core Bond (Hedged) Portfolio","en",NA,NA,"en","C/O THE CORPORATION TRUST COMPANY",NA,NA,NA,"WILMINGTON","US-DE","US","19801","en","C/O PACIFIC INVESTMENT MANAGEMENT COMPANY LLC",NA,NA,NA,"DOVER","US-DE","US","19904","RA000665",NA,"S000031688","US","FUND","8888","FUND",NA,NA,"ACTIVE",NA,NA,NA,NA,NA,2012-10-18 00:00:00,NA,NA,NA,2012-10-19 08:07:00,2025-06-19 19:09:25,"ISSUED",2026-07-07 00:00:00,"5493001KJTIIGC8Y1R12","FULLY_CORROBORATED","RA000665",NA,"S000031688",NA,NA,NA,NA,NA,228138981,"CONFORMING","https://api.gleif.org/api/v1/lei-records/UC4Z8SQC322PZJGHCE49/managing-lou","https://api.gleif.org/api/v1/lei-records/UC4Z8SQC322PZJGHCE49/lei-issuer","https://api.gleif.org/api/v1/lei-records/UC4Z8SQC322PZJGHCE49/field-modifications","https://api.gleif.org/api/v1/lei-records/UC4Z8SQC322PZJGHCE49/direct-parent-reporting-exception","https://api.gleif.org/api/v1/lei-records/UC4Z8SQC322PZJGHCE49/ultimate-parent-reporting-exception","https://api.gleif.org/api/v1/lei-records/UC4Z8SQC322PZJGHCE49/fund-manager","https://api.gleif.org/api/v1/lei-records/UC4Z8SQC322PZJGHCE49/fund-manager-relationship",TRUE,NA,NA,NA,NA,"CORPORATION TRUST CENTER","838 WALKER ROAD",NA,NA,NA,NA,NA,NA,"https://api.gleif.org/api/v1/lei-records/UC4Z8SQC322PZJGHCE49/umbrella-fund","https://api.gleif.org/api/v1/lei-records/UC4Z8SQC322PZJGHCE49/umbrella-fund-relationship","SUITE 21-2",NA,NA,NA,NA,NA,"1209 ORANGE ST",NA,NA,NA,NA,NA,NA,NA,NA,NA,NA,NA,NA,NA,NA,NA,NA,NA,NA,NA,NA,NA,NA,NA,NA,NA,NA,NA,NA,NA,NA,NA,NA,NA,NA,NA,NA,NA,NA,NA,NA,NA,NA,NA,NA,NA,NA,NA,NA,NA,NA,NA,NA,NA,NA,NA,NA,NA,NA,NA,NA,NA,NA,NA,NA,NA,NA,NA,NA,NA,NA,NA,NA,NA,NA,NA,NA,NA,NA,NA,NA,NA,NA,NA,NA,NA,NA,NA,NA,NA,NA,NA,NA,NA,NA,NA,NA,NA,NA,NA,NA,NA,NA,NA,NA,NA,NA,NA,NA,NA,NA,NA,NA,NA,NA,NA,NA,NA,NA,NA,NA,NA,NA,NA,NA,NA,NA,NA,NA,NA,NA,NA,NA,NA,NA,NA,NA,NA,NA,NA,NA,NA,NA,NA,NA,NA,NA,NA,NA,NA,NA,NA,NA,NA,NA,NA,NA,NA,NA,NA,NA,NA,NA,NA,NA,NA,NA,NA,NA,NA,NA,NA,NA,NA,NA,NA,NA,NA,NA,NA,NA,NA,NA,NA,NA,NA,NA,NA,NA,NA,NA,NA,NA,NA,NA,NA,NA,NA,NA,NA,NA,NA,NA,NA,NA,NA,NA,NA,NA,NA,NA,NA,NA,NA,NA,NA,NA,NA,NA,NA,NA,NA,NA,NA,NA,NA,NA,NA,NA,NA,NA,NA,NA,NA,"PIMCO Global Core Bond (Hedged) Portfolio","Open-End Mutual Fund"
"321","UT17HYFPFUE66KKMZM55","UT17HYFPFUE66KKMZM55",200,"UT17HYFPFUE66KKMZM55","PIMCO RAE PLUS Small Fund","en",NA,NA,"en","C/O C T CORPORATION SYSTEM",NA,NA,NA,"BOSTON","US-MA","US","02110","en","C/O Pacific Investment Management Company LLC",NA,NA,NA,"Newport Beach","US-CA","US","92660","RA000665",NA,"S000032697","US","FUND","8888","FUND",NA,NA,"ACTIVE",NA,NA,NA,NA,NA,2012-10-23 00:00:00,NA,NA,NA,2012-10-24 09:00:00,2025-06-19 10:10:57,"ISSUED",2026-07-07 00:00:00,"5493001KJTIIGC8Y1R12","FULLY_CORROBORATED","RA000665",NA,"S000032697",NA,NA,NA,NA,NA,133308363,"CONFORMING","https://api.gleif.org/api/v1/lei-records/UT17HYFPFUE66KKMZM55/managing-lou","https://api.gleif.org/api/v1/lei-records/UT17HYFPFUE66KKMZM55/lei-issuer","https://api.gleif.org/api/v1/lei-records/UT17HYFPFUE66KKMZM55/field-modifications","https://api.gleif.org/api/v1/lei-records/UT17HYFPFUE66KKMZM55/direct-parent-reporting-exception","https://api.gleif.org/api/v1/lei-records/UT17HYFPFUE66KKMZM55/ultimate-parent-reporting-exception","https://api.gleif.org/api/v1/lei-records/UT17HYFPFUE66KKMZM55/fund-manager","https://api.gleif.org/api/v1/lei-records/UT17HYFPFUE66KKMZM55/fund-manager-relationship",TRUE,NA,"PIMCO Funds - PIMCO Small Company Fundamental IndexPLUS® TR Strategy Fund","en","PREVIOUS_LEGAL_NAME","155 FEDERAL ST","650 Newport Center Drive",NA,NA,NA,NA,NA,NA,"https://api.gleif.org/api/v1/lei-records/UT17HYFPFUE66KKMZM55/umbrella-fund","https://api.gleif.org/api/v1/lei-records/UT17HYFPFUE66KKMZM55/umbrella-fund-relationship",NA,NA,NA,NA,NA,NA,"SUITE 700",NA,NA,NA,NA,NA,NA,NA,NA,NA,NA,NA,NA,NA,NA,NA,NA,NA,NA,NA,NA,NA,NA,NA,NA,NA,NA,NA,NA,NA,NA,NA,NA,NA,NA,NA,NA,NA,NA,NA,NA,NA,NA,NA,NA,NA,NA,NA,NA,NA,NA,NA,NA,NA,NA,NA,NA,NA,NA,NA,NA,NA,NA,NA,NA,NA,NA,NA,NA,NA,NA,NA,NA,NA,NA,NA,NA,NA,NA,NA,NA,NA,NA,NA,NA,NA,NA,NA,NA,NA,NA,NA,NA,NA,NA,NA,NA,NA,NA,NA,NA,NA,NA,NA,NA,NA,NA,NA,NA,NA,NA,NA,NA,NA,NA,NA,NA,NA,NA,NA,NA,NA,NA,NA,NA,NA,NA,NA,NA,NA,NA,NA,NA,NA,NA,NA,NA,NA,NA,NA,NA,NA,NA,NA,NA,NA,NA,NA,NA,NA,NA,NA,NA,NA,NA,NA,NA,NA,NA,NA,NA,NA,NA,NA,NA,NA,NA,NA,NA,NA,NA,NA,NA,NA,NA,NA,NA,NA,NA,NA,NA,NA,NA,NA,NA,NA,NA,NA,NA,NA,NA,NA,NA,NA,NA,NA,NA,NA,NA,NA,NA,NA,NA,NA,NA,NA,NA,NA,NA,NA,NA,NA,NA,NA,NA,NA,NA,NA,NA,NA,NA,NA,NA,NA,NA,NA,NA,NA,NA,NA,NA,NA,NA,NA,"PIMCO RAE PLUS Small Fund","Open-End Mutual Fund"
"322","UZ13DDC8UQ8D6GN25U87","UZ13DDC8UQ8D6GN25U87",200,"UZ13DDC8UQ8D6GN25U87","BlackRock Global Allocation Portfolio","en",NA,NA,"en","c/o THE CORPORATION TRUST, INCORPORATED; 2405 YORK ROAD; SUITE 201",NA,NA,NA,"LUTHERVILLE TIMONIUM","US-MD","US","21093-2264","en","c/o BLACKROCK ADVISORS, LLC, c/o CORPORATION SERVICE COMPANY, 251 LITTLE FALLS DRIVE",NA,NA,"c/o BLACKROCK ADVISORS, LLC","WILMINGTON","US-DE","US","19808","RA000665",NA,"S000003866","US-MD","FUND","8888","Corporation",NA,NA,"ACTIVE",NA,NA,NA,NA,NA,2006-04-20 22:00:00,NA,NA,NA,2012-10-11 13:43:00,2025-11-18 13:16:57,"ISSUED",2026-12-27 13:21:02,"5299000J2N45DDNE4Y28","FULLY_CORROBORATED","RA000665",NA,"S000003866",NA,NA,NA,NA,NA,28118575,"CONFORMING","https://api.gleif.org/api/v1/lei-records/UZ13DDC8UQ8D6GN25U87/managing-lou","https://api.gleif.org/api/v1/lei-records/UZ13DDC8UQ8D6GN25U87/lei-issuer","https://api.gleif.org/api/v1/lei-records/UZ13DDC8UQ8D6GN25U87/field-modifications","https://api.gleif.org/api/v1/lei-records/UZ13DDC8UQ8D6GN25U87/direct-parent-reporting-exception","https://api.gleif.org/api/v1/lei-records/UZ13DDC8UQ8D6GN25U87/ultimate-parent-reporting-exception","https://api.gleif.org/api/v1/lei-records/UZ13DDC8UQ8D6GN25U87/fund-manager","https://api.gleif.org/api/v1/lei-records/UZ13DDC8UQ8D6GN25U87/fund-manager-relationship",TRUE,NA,NA,NA,NA,NA,NA,"STANDALONE","SUPPORTING_DOCUMENTS",2024-11-25 23:00:00,2024-11-26 10:59:47,"CHANGE_HQ_ADDRESS","COMPLETED","https://api.gleif.org/api/v1/lei-records/UZ13DDC8UQ8D6GN25U87/umbrella-fund","https://api.gleif.org/api/v1/lei-records/UZ13DDC8UQ8D6GN25U87/umbrella-fund-relationship",NA,NA,NA,NA,NA,NA,NA,NA,NA,NA,NA,NA,NA,NA,NA,NA,NA,NA,NA,NA,NA,NA,NA,NA,NA,NA,NA,NA,NA,NA,NA,NA,NA,NA,NA,NA,NA,NA,NA,NA,NA,NA,NA,NA,NA,NA,NA,NA,NA,NA,NA,NA,NA,NA,NA,NA,NA,NA,NA,NA,NA,NA,NA,NA,NA,NA,NA,NA,NA,NA,NA,NA,NA,NA,NA,NA,NA,NA,NA,NA,NA,NA,NA,NA,NA,NA,NA,NA,NA,NA,NA,NA,NA,NA,NA,NA,NA,NA,NA,NA,NA,NA,NA,NA,NA,NA,NA,NA,NA,NA,NA,NA,NA,NA,NA,NA,NA,NA,NA,NA,NA,NA,NA,NA,NA,NA,NA,NA,NA,NA,NA,NA,NA,NA,NA,NA,NA,NA,NA,NA,NA,NA,NA,NA,NA,NA,NA,NA,NA,NA,NA,NA,NA,NA,NA,NA,NA,NA,NA,NA,NA,NA,NA,NA,NA,NA,NA,NA,NA,NA,NA,NA,NA,NA,NA,NA,NA,NA,NA,NA,NA,NA,NA,NA,NA,NA,NA,NA,NA,NA,NA,NA,NA,NA,NA,NA,NA,NA,NA,NA,NA,NA,NA,NA,NA,NA,NA,NA,NA,NA,NA,NA,NA,NA,NA,NA,NA,NA,NA,NA,NA,NA,NA,NA,NA,NA,NA,NA,NA,NA,NA,NA,NA,NA,NA,NA,NA,NA,NA,NA,"BlackRock Global Allocation Portfolio","Open-End Mutual Fund"
"323","V20SWOEB9PCOTBXMWX95","V20SWOEB9PCOTBXMWX95",200,"V20SWOEB9PCOTBXMWX95","SA Multi-Managed Growth Portfolio","en",NA,NA,"en","C/O THE PRENTICE-HALL CORPORATION SYSTEM, INC.",NA,NA,NA,"BOSTON","US-MA","US","02109","en","C/O SunAmerica Asset Management, LLC",NA,NA,NA,"Jersey City","US-NJ","US","07302","RA000665",NA,"S000008035","US","FUND","8888","FUND",NA,NA,"ACTIVE",NA,NA,NA,NA,NA,1995-10-10 00:00:00,NA,NA,NA,2012-11-28 00:00:00,2025-10-23 12:10:00,"ISSUED",2026-10-31 00:00:00,"5493001KJTIIGC8Y1R12","FULLY_CORROBORATED","RA000665",NA,"S000008035",NA,NA,NA,NA,NA,28141291,"CONFORMING","https://api.gleif.org/api/v1/lei-records/V20SWOEB9PCOTBXMWX95/managing-lou","https://api.gleif.org/api/v1/lei-records/V20SWOEB9PCOTBXMWX95/lei-issuer","https://api.gleif.org/api/v1/lei-records/V20SWOEB9PCOTBXMWX95/field-modifications","https://api.gleif.org/api/v1/lei-records/V20SWOEB9PCOTBXMWX95/direct-parent-reporting-exception","https://api.gleif.org/api/v1/lei-records/V20SWOEB9PCOTBXMWX95/ultimate-parent-reporting-exception","https://api.gleif.org/api/v1/lei-records/V20SWOEB9PCOTBXMWX95/fund-manager","https://api.gleif.org/api/v1/lei-records/V20SWOEB9PCOTBXMWX95/fund-manager-relationship",TRUE,NA,NA,NA,NA,"84 STATE ST.","30 Hudson Street",NA,NA,NA,NA,NA,NA,"https://api.gleif.org/api/v1/lei-records/V20SWOEB9PCOTBXMWX95/umbrella-fund","https://api.gleif.org/api/v1/lei-records/V20SWOEB9PCOTBXMWX95/umbrella-fund-relationship","16th Floor",NA,NA,NA,NA,NA,NA,NA,NA,NA,NA,NA,NA,NA,NA,NA,NA,NA,NA,NA,NA,NA,NA,NA,NA,NA,NA,NA,NA,NA,NA,NA,NA,NA,NA,NA,NA,NA,NA,NA,NA,NA,NA,NA,NA,NA,NA,NA,NA,NA,NA,NA,NA,NA,NA,NA,NA,NA,NA,NA,NA,NA,NA,NA,NA,NA,NA,NA,NA,NA,NA,NA,NA,NA,NA,NA,NA,NA,NA,NA,NA,NA,NA,NA,NA,NA,NA,NA,NA,NA,NA,NA,NA,NA,NA,NA,NA,NA,NA,NA,NA,NA,NA,NA,NA,NA,NA,NA,NA,NA,NA,NA,NA,NA,NA,NA,NA,NA,NA,NA,NA,NA,NA,NA,NA,NA,NA,NA,NA,NA,NA,NA,NA,NA,NA,NA,NA,NA,NA,NA,NA,NA,NA,NA,NA,NA,NA,NA,NA,NA,NA,NA,NA,NA,NA,NA,NA,NA,NA,NA,NA,NA,NA,NA,NA,NA,NA,NA,NA,NA,NA,NA,NA,NA,NA,NA,NA,NA,NA,NA,NA,NA,NA,NA,NA,NA,NA,NA,NA,NA,NA,NA,NA,NA,NA,NA,NA,NA,NA,NA,NA,NA,NA,NA,NA,NA,NA,NA,NA,NA,NA,NA,NA,NA,NA,NA,NA,NA,NA,NA,NA,NA,NA,NA,NA,NA,NA,NA,NA,NA,NA,NA,NA,NA,NA,NA,NA,NA,NA,NA,"SA Multi-Managed Growth Portfolio","Open-End Mutual Fund"
"324","V4TXC5HR9FVHRRC3LU17","V4TXC5HR9FVHRRC3LU17",200,"V4TXC5HR9FVHRRC3LU17","JNL/PIMCO REAL RETURN FUND","en",NA,NA,"en","C/O PRENTICE-HALL CORPORATION SYSTEM, INC.",NA,NA,NA,"BOSTON","US-MA","US","02109","en","C/O JACKSON NATIONAL ASSET MANAGEMENT LLC",NA,NA,NA,"LANSING","US-MI","US","48951","RA000665",NA,"S000010711","US","FUND","8888","SUB FUND",NA,NA,"ACTIVE",NA,NA,NA,NA,NA,1994-06-01 00:00:00,NA,NA,NA,2012-10-16 22:22:00,2025-09-09 15:51:33,"ISSUED",2026-09-30 00:00:00,"5493001KJTIIGC8Y1R12","FULLY_CORROBORATED","RA000665",NA,"S000010711",NA,NA,NA,NA,NA,54148620,"CONFORMING","https://api.gleif.org/api/v1/lei-records/V4TXC5HR9FVHRRC3LU17/managing-lou","https://api.gleif.org/api/v1/lei-records/V4TXC5HR9FVHRRC3LU17/lei-issuer","https://api.gleif.org/api/v1/lei-records/V4TXC5HR9FVHRRC3LU17/field-modifications","https://api.gleif.org/api/v1/lei-records/V4TXC5HR9FVHRRC3LU17/direct-parent-reporting-exception","https://api.gleif.org/api/v1/lei-records/V4TXC5HR9FVHRRC3LU17/ultimate-parent-reporting-exception","https://api.gleif.org/api/v1/lei-records/V4TXC5HR9FVHRRC3LU17/fund-manager","https://api.gleif.org/api/v1/lei-records/V4TXC5HR9FVHRRC3LU17/fund-manager-relationship",TRUE,NA,NA,NA,NA,"84 STATE ST","ONE CORPORATE WAY",NA,NA,NA,NA,NA,NA,"https://api.gleif.org/api/v1/lei-records/V4TXC5HR9FVHRRC3LU17/umbrella-fund","https://api.gleif.org/api/v1/lei-records/V4TXC5HR9FVHRRC3LU17/umbrella-fund-relationship",NA,NA,NA,NA,NA,NA,NA,NA,NA,NA,NA,NA,NA,"https://api.gleif.org/api/v1/lei-records/V4TXC5HR9FVHRRC3LU17/isins",NA,NA,NA,NA,NA,NA,NA,NA,NA,NA,NA,NA,NA,NA,NA,NA,NA,NA,NA,NA,NA,NA,NA,NA,NA,NA,NA,NA,NA,NA,NA,NA,NA,NA,NA,NA,NA,NA,NA,NA,NA,NA,NA,NA,NA,NA,NA,NA,NA,NA,NA,NA,NA,NA,NA,NA,NA,NA,NA,NA,NA,NA,NA,NA,NA,NA,NA,NA,NA,NA,NA,NA,NA,NA,NA,NA,NA,NA,NA,NA,NA,NA,NA,NA,NA,NA,NA,NA,NA,NA,NA,NA,NA,NA,NA,NA,NA,NA,NA,NA,NA,NA,NA,NA,NA,NA,NA,NA,NA,NA,NA,NA,NA,NA,NA,NA,NA,NA,NA,NA,NA,NA,NA,NA,NA,NA,NA,NA,NA,NA,NA,NA,NA,NA,NA,NA,NA,NA,NA,NA,NA,NA,NA,NA,NA,NA,NA,NA,NA,NA,NA,NA,NA,NA,NA,NA,NA,NA,NA,NA,NA,NA,NA,NA,NA,NA,NA,NA,NA,NA,NA,NA,NA,NA,NA,NA,NA,NA,NA,NA,NA,NA,NA,NA,NA,NA,NA,NA,NA,NA,NA,NA,NA,NA,NA,NA,NA,NA,NA,NA,NA,NA,NA,NA,NA,NA,NA,NA,NA,NA,NA,NA,NA,NA,NA,NA,NA,NA,NA,NA,NA,NA,NA,NA,NA,NA,"JNL/PIMCO Real Return Fund","Open-End Mutual Fund"
"325","V7MCQIT131MC0O5SFL70","V7MCQIT131MC0O5SFL70",200,"V7MCQIT131MC0O5SFL70","BLACKROCK EMERGING MARKETS FUND, INC.","en",NA,NA,"en","c/o THE CORPORATION TRUST, INCORPORATED, 2405 YORK ROAD, SUITE 201",NA,NA,NA,"LUTHERVILLE TIMONIUM","US-MD","US","21093-2264","en","c/o BLACKROCK ADVISORS, LLC, c/o THE CORPORATION SERVICE COMPANY; 251 LITTLE FALLS DRIVE",NA,NA,"c/o BLACKROCK ADVISORS, LLC","WILMINGTON","US-DE","US","19808","RA000614",NA,"D02773737","US-MD","FUND","HLR4",NA,NA,NA,"ACTIVE",NA,NA,NA,NA,NA,1989-04-13 22:00:00,NA,NA,NA,2012-10-11 13:42:00,2025-11-29 10:34:00,"ISSUED",2027-01-09 08:49:52,"5299000J2N45DDNE4Y28","FULLY_CORROBORATED","RA000665",NA,"S000002250",NA,NA,NA,NA,NA,29667429,"CONFORMING","https://api.gleif.org/api/v1/lei-records/V7MCQIT131MC0O5SFL70/managing-lou","https://api.gleif.org/api/v1/lei-records/V7MCQIT131MC0O5SFL70/lei-issuer","https://api.gleif.org/api/v1/lei-records/V7MCQIT131MC0O5SFL70/field-modifications","https://api.gleif.org/api/v1/lei-records/V7MCQIT131MC0O5SFL70/direct-parent-reporting-exception","https://api.gleif.org/api/v1/lei-records/V7MCQIT131MC0O5SFL70/ultimate-parent-reporting-exception","https://api.gleif.org/api/v1/lei-records/V7MCQIT131MC0O5SFL70/fund-manager","https://api.gleif.org/api/v1/lei-records/V7MCQIT131MC0O5SFL70/fund-manager-relationship",TRUE,NA,NA,NA,NA,NA,NA,"STANDALONE","SUPPORTING_DOCUMENTS",2023-12-07 23:00:00,2023-12-08 14:30:53,"CHANGE_LEGAL_ADDRESS","COMPLETED",NA,NA,NA,NA,NA,NA,NA,NA,NA,NA,NA,NA,NA,NA,NA,"https://api.gleif.org/api/v1/lei-records/V7MCQIT131MC0O5SFL70/isins",NA,NA,NA,NA,NA,NA,NA,NA,NA,NA,NA,NA,NA,NA,NA,NA,NA,NA,NA,NA,NA,NA,NA,NA,NA,NA,NA,NA,NA,NA,NA,NA,NA,NA,NA,NA,NA,NA,NA,NA,NA,NA,NA,NA,NA,NA,NA,NA,NA,NA,NA,NA,NA,NA,NA,NA,NA,NA,NA,NA,NA,NA,NA,NA,NA,NA,NA,NA,NA,NA,NA,NA,NA,NA,NA,NA,NA,NA,NA,NA,NA,NA,NA,NA,NA,NA,NA,NA,NA,NA,NA,NA,NA,NA,NA,NA,NA,NA,NA,NA,NA,NA,NA,NA,NA,NA,NA,NA,NA,NA,NA,NA,NA,NA,NA,NA,NA,NA,NA,NA,NA,NA,NA,NA,NA,NA,NA,NA,NA,NA,NA,NA,NA,NA,NA,NA,NA,NA,NA,NA,NA,NA,NA,NA,NA,NA,NA,NA,NA,NA,NA,NA,NA,NA,NA,NA,NA,NA,NA,NA,NA,NA,NA,NA,NA,NA,NA,NA,NA,NA,NA,NA,NA,NA,NA,NA,NA,NA,NA,NA,NA,NA,NA,NA,NA,NA,NA,NA,NA,NA,NA,NA,NA,NA,NA,NA,NA,NA,NA,NA,NA,NA,NA,NA,NA,NA,NA,NA,NA,NA,NA,NA,NA,NA,NA,NA,NA,NA,NA,NA,NA,NA,NA,NA,NA,NA,"BlackRock Emerging Markets Fund, Inc.","Open-End Mutual Fund"
"326","VDY1KP9LG622J7GO4A23","VDY1KP9LG622J7GO4A23",200,"VDY1KP9LG622J7GO4A23","BlackRock Sustainable Emerging Markets Equity Fund","en",NA,NA,"en","c/o THE CORPORATION TRUST, INCORPORATED; 2405 YORK ROAD; SUITE 201",NA,NA,NA,"LUTHERVILLE TIMONIUM","US-MD","US","21093-2264","en","c/o BLACKROCK ADVISORS, LLC, c/o CORPORATION SERVICE COMPANY, 251 LITTLE FALLS DRIVE",NA,NA,"c/o BLACKROCK ADVISORS, LLC","WILMINGTON","US-DE","US","19808","RA000665",NA,"S000002248","US-MD","FUND","8888","Corporation",NA,NA,"ACTIVE",NA,NA,NA,NA,NA,2006-04-11 22:00:00,NA,NA,NA,2012-10-11 13:45:00,2025-11-18 13:44:02,"ISSUED",2026-12-27 13:21:38,"5299000J2N45DDNE4Y28","FULLY_CORROBORATED","RA000665",NA,"S000002248",NA,NA,NA,NA,NA,28124624,"CONFORMING","https://api.gleif.org/api/v1/lei-records/VDY1KP9LG622J7GO4A23/managing-lou","https://api.gleif.org/api/v1/lei-records/VDY1KP9LG622J7GO4A23/lei-issuer","https://api.gleif.org/api/v1/lei-records/VDY1KP9LG622J7GO4A23/field-modifications","https://api.gleif.org/api/v1/lei-records/VDY1KP9LG622J7GO4A23/direct-parent-reporting-exception","https://api.gleif.org/api/v1/lei-records/VDY1KP9LG622J7GO4A23/ultimate-parent-reporting-exception","https://api.gleif.org/api/v1/lei-records/VDY1KP9LG622J7GO4A23/fund-manager","https://api.gleif.org/api/v1/lei-records/VDY1KP9LG622J7GO4A23/fund-manager-relationship",TRUE,NA,"BLACKROCK FUNDS VII, INC. - BlackRock Sustainable Emerging Markets Equity Fund","en","PREVIOUS_LEGAL_NAME",NA,NA,"STANDALONE","SUPPORTING_DOCUMENTS",2024-11-25 23:00:00,2024-11-26 11:34:37,"CHANGE_HQ_ADDRESS","COMPLETED","https://api.gleif.org/api/v1/lei-records/VDY1KP9LG622J7GO4A23/umbrella-fund","https://api.gleif.org/api/v1/lei-records/VDY1KP9LG622J7GO4A23/umbrella-fund-relationship",NA,NA,NA,NA,NA,NA,NA,"STANDALONE","SUPPORTING_DOCUMENTS",2024-08-12 22:00:00,2024-08-13 16:02:55,"CHANGE_LEGAL_NAME","COMPLETED",NA,NA,NA,NA,NA,NA,NA,NA,NA,NA,NA,NA,NA,NA,NA,NA,NA,NA,NA,NA,NA,NA,NA,NA,NA,NA,NA,NA,NA,NA,NA,NA,NA,NA,NA,NA,NA,NA,NA,NA,NA,NA,NA,NA,NA,NA,NA,NA,NA,NA,NA,NA,NA,NA,NA,NA,NA,NA,NA,NA,NA,NA,NA,NA,NA,NA,NA,NA,NA,NA,NA,NA,NA,NA,NA,NA,NA,NA,NA,NA,NA,NA,NA,NA,NA,NA,NA,NA,NA,NA,NA,NA,NA,NA,NA,NA,NA,NA,NA,NA,NA,NA,NA,NA,NA,NA,NA,NA,NA,NA,NA,NA,NA,NA,NA,NA,NA,NA,NA,NA,NA,NA,NA,NA,NA,NA,NA,NA,NA,NA,NA,NA,NA,NA,NA,NA,NA,NA,NA,NA,NA,NA,NA,NA,NA,NA,NA,NA,NA,NA,NA,NA,NA,NA,NA,NA,NA,NA,NA,NA,NA,NA,NA,NA,NA,NA,NA,NA,NA,NA,NA,NA,NA,NA,NA,NA,NA,NA,NA,NA,NA,NA,NA,NA,NA,NA,NA,NA,NA,NA,NA,NA,NA,NA,NA,NA,NA,NA,NA,NA,NA,NA,NA,NA,NA,NA,NA,NA,NA,NA,NA,NA,NA,NA,NA,NA,NA,NA,NA,NA,NA,NA,NA,NA,NA,NA,NA,"BlackRock Asian Dragon Fund, Inc.","Open-End Mutual Fund"
"327","VEWCWZSHNOT51BD48K87","VEWCWZSHNOT51BD48K87",200,"VEWCWZSHNOT51BD48K87","Goldman Sachs Enhanced Dividend Global Equity Portfolio","en",NA,NA,"en","71 SOUTH WACKER DRIVE",NA,NA,"c/o GOLDMAN SACHS & CO","CHICAGO","US-IL","US","60606","en","200 West Street",NA,NA,"c/o GOLDMAN SACHS ASSET MANAGEMENT, L.P.","New York","US-NY","US","10282","RA000665",NA,"S000018303","US-DE","FUND","8888","Fund",NA,NA,"ACTIVE",NA,NA,NA,NA,NA,2008-04-30 00:00:00,NA,NA,NA,2012-11-21 00:10:00,2026-02-15 16:47:11,"ISSUED",2027-02-25 20:58:35,"529900T8BM49AURSDO55","PARTIALLY_CORROBORATED","RA000665",NA,"S000018303",NA,NA,NA,NA,NA,58835300,"CONFORMING","https://api.gleif.org/api/v1/lei-records/VEWCWZSHNOT51BD48K87/managing-lou","https://api.gleif.org/api/v1/lei-records/VEWCWZSHNOT51BD48K87/lei-issuer","https://api.gleif.org/api/v1/lei-records/VEWCWZSHNOT51BD48K87/field-modifications","https://api.gleif.org/api/v1/lei-records/VEWCWZSHNOT51BD48K87/direct-parent-reporting-exception","https://api.gleif.org/api/v1/lei-records/VEWCWZSHNOT51BD48K87/ultimate-parent-reporting-exception","https://api.gleif.org/api/v1/lei-records/VEWCWZSHNOT51BD48K87/fund-manager","https://api.gleif.org/api/v1/lei-records/VEWCWZSHNOT51BD48K87/fund-manager-relationship",TRUE,NA,NA,NA,NA,NA,NA,NA,NA,NA,NA,NA,NA,"https://api.gleif.org/api/v1/lei-records/VEWCWZSHNOT51BD48K87/umbrella-fund","https://api.gleif.org/api/v1/lei-records/VEWCWZSHNOT51BD48K87/umbrella-fund-relationship",NA,NA,NA,NA,NA,NA,NA,NA,NA,NA,NA,NA,NA,NA,NA,NA,NA,NA,NA,NA,NA,NA,NA,NA,NA,NA,NA,NA,NA,NA,NA,NA,NA,NA,NA,NA,NA,NA,NA,NA,NA,NA,NA,NA,NA,NA,NA,NA,NA,NA,NA,NA,NA,NA,NA,NA,NA,NA,NA,NA,NA,NA,NA,NA,NA,NA,NA,NA,NA,NA,NA,NA,NA,NA,NA,NA,NA,NA,NA,NA,NA,NA,NA,NA,NA,NA,NA,NA,NA,NA,NA,NA,NA,NA,NA,NA,NA,NA,NA,NA,NA,NA,NA,NA,NA,NA,NA,NA,NA,NA,NA,NA,NA,NA,NA,NA,NA,NA,NA,NA,NA,NA,NA,NA,NA,NA,NA,NA,NA,NA,NA,NA,NA,NA,NA,NA,NA,NA,NA,NA,NA,NA,NA,NA,NA,NA,NA,NA,NA,NA,NA,NA,NA,NA,NA,NA,NA,NA,NA,NA,NA,NA,NA,NA,NA,NA,NA,NA,NA,NA,NA,NA,NA,NA,NA,NA,NA,NA,NA,NA,NA,NA,NA,NA,NA,NA,NA,NA,NA,NA,NA,NA,NA,NA,NA,NA,NA,NA,NA,NA,NA,NA,NA,NA,NA,NA,NA,NA,NA,NA,NA,NA,NA,NA,NA,NA,NA,NA,NA,NA,NA,NA,NA,NA,NA,NA,NA,NA,NA,NA,NA,NA,NA,NA,NA,NA,NA,NA,NA,NA,"Goldman Sachs Enhanced Dividend Global Equity Portfolio","Open-End Mutual Fund"
"328","VOI6QOMEXKGNKFIHJ560","VOI6QOMEXKGNKFIHJ560",200,"VOI6QOMEXKGNKFIHJ560","PIMCO Real Return Portfolio","en",NA,NA,"en","C/O THE CORPORATION TRUST COMPANY",NA,NA,NA,"WILMINGTON","US-DE","US","19801","en","C/O PACIFIC INVESTMENT MANAGEMENT COMPANY LLC",NA,NA,NA,"DOVER","US-DE","US","19904","RA000665",NA,"S000009661","US","FUND","8888","FUND",NA,NA,"ACTIVE",NA,NA,NA,NA,NA,2012-10-18 00:00:00,NA,NA,NA,2012-10-19 08:01:00,2025-06-19 17:35:21,"ISSUED",2026-07-07 00:00:00,"5493001KJTIIGC8Y1R12","FULLY_CORROBORATED","RA000665",NA,"S000009661",NA,NA,NA,NA,NA,33661459,"CONFORMING","https://api.gleif.org/api/v1/lei-records/VOI6QOMEXKGNKFIHJ560/managing-lou","https://api.gleif.org/api/v1/lei-records/VOI6QOMEXKGNKFIHJ560/lei-issuer","https://api.gleif.org/api/v1/lei-records/VOI6QOMEXKGNKFIHJ560/field-modifications","https://api.gleif.org/api/v1/lei-records/VOI6QOMEXKGNKFIHJ560/direct-parent-reporting-exception","https://api.gleif.org/api/v1/lei-records/VOI6QOMEXKGNKFIHJ560/ultimate-parent-reporting-exception","https://api.gleif.org/api/v1/lei-records/VOI6QOMEXKGNKFIHJ560/fund-manager","https://api.gleif.org/api/v1/lei-records/VOI6QOMEXKGNKFIHJ560/fund-manager-relationship",TRUE,NA,NA,NA,NA,"CORPORATION TRUST CENTER","838 WALKER ROAD",NA,NA,NA,NA,NA,NA,"https://api.gleif.org/api/v1/lei-records/VOI6QOMEXKGNKFIHJ560/umbrella-fund","https://api.gleif.org/api/v1/lei-records/VOI6QOMEXKGNKFIHJ560/umbrella-fund-relationship","SUITE 21-2",NA,NA,NA,NA,NA,"1209 ORANGE ST",NA,NA,NA,NA,NA,NA,NA,NA,NA,NA,NA,NA,NA,NA,NA,NA,NA,NA,NA,NA,NA,NA,NA,NA,NA,NA,NA,NA,NA,NA,NA,NA,NA,NA,NA,NA,NA,NA,NA,NA,NA,NA,NA,NA,NA,NA,NA,NA,NA,NA,NA,NA,NA,NA,NA,NA,NA,NA,NA,NA,NA,NA,NA,NA,NA,NA,NA,NA,NA,NA,NA,NA,NA,NA,NA,NA,NA,NA,NA,NA,NA,NA,NA,NA,NA,NA,NA,NA,NA,NA,NA,NA,NA,NA,NA,NA,NA,NA,NA,NA,NA,NA,NA,NA,NA,NA,NA,NA,NA,NA,NA,NA,NA,NA,NA,NA,NA,NA,NA,NA,NA,NA,NA,NA,NA,NA,NA,NA,NA,NA,NA,NA,NA,NA,NA,NA,NA,NA,NA,NA,NA,NA,NA,NA,NA,NA,NA,NA,NA,NA,NA,NA,NA,NA,NA,NA,NA,NA,NA,NA,NA,NA,NA,NA,NA,NA,NA,NA,NA,NA,NA,NA,NA,NA,NA,NA,NA,NA,NA,NA,NA,NA,NA,NA,NA,NA,NA,NA,NA,NA,NA,NA,NA,NA,NA,NA,NA,NA,NA,NA,NA,NA,NA,NA,NA,NA,NA,NA,NA,NA,NA,NA,NA,NA,NA,NA,NA,NA,NA,NA,NA,NA,NA,NA,NA,NA,NA,NA,NA,NA,NA,NA,NA,"PIMCO Real Return Portfolio","Open-End Mutual Fund"
"329","VW1PXUJJ3BVSRNHWUM97","VW1PXUJJ3BVSRNHWUM97",200,"VW1PXUJJ3BVSRNHWUM97","JNL/BLACKROCK GLOBAL ALLOCATION FUND","en",NA,NA,"en","C/O PRENTICE-HALL CORPORATION SYSTEM, INC.",NA,NA,NA,"BOSTON","US-MA","US","02109","en","C/O JACKSON NATIONAL ASSET MANAGEMENT LLC",NA,NA,NA,"LANSING","US-MI","US","48951","RA000665",NA,"S000029611","US","FUND","8888","SUB FUND",NA,NA,"ACTIVE",NA,NA,NA,NA,NA,1994-06-01 00:00:00,NA,NA,NA,2012-10-16 22:22:00,2025-09-09 15:51:27,"ISSUED",2026-09-30 00:00:00,"5493001KJTIIGC8Y1R12","FULLY_CORROBORATED","RA000665",NA,"S000029611",NA,NA,NA,NA,NA,134050258,"CONFORMING","https://api.gleif.org/api/v1/lei-records/VW1PXUJJ3BVSRNHWUM97/managing-lou","https://api.gleif.org/api/v1/lei-records/VW1PXUJJ3BVSRNHWUM97/lei-issuer","https://api.gleif.org/api/v1/lei-records/VW1PXUJJ3BVSRNHWUM97/field-modifications","https://api.gleif.org/api/v1/lei-records/VW1PXUJJ3BVSRNHWUM97/direct-parent-reporting-exception","https://api.gleif.org/api/v1/lei-records/VW1PXUJJ3BVSRNHWUM97/ultimate-parent-reporting-exception","https://api.gleif.org/api/v1/lei-records/VW1PXUJJ3BVSRNHWUM97/fund-manager","https://api.gleif.org/api/v1/lei-records/VW1PXUJJ3BVSRNHWUM97/fund-manager-relationship",TRUE,NA,NA,NA,NA,"84 STATE ST","ONE CORPORATE WAY",NA,NA,NA,NA,NA,NA,"https://api.gleif.org/api/v1/lei-records/VW1PXUJJ3BVSRNHWUM97/umbrella-fund","https://api.gleif.org/api/v1/lei-records/VW1PXUJJ3BVSRNHWUM97/umbrella-fund-relationship",NA,NA,NA,NA,NA,NA,NA,NA,NA,NA,NA,NA,NA,NA,NA,NA,NA,NA,NA,NA,NA,NA,NA,NA,NA,NA,NA,NA,NA,NA,NA,NA,NA,NA,NA,NA,NA,NA,NA,NA,NA,NA,NA,NA,NA,NA,NA,NA,NA,NA,NA,NA,NA,NA,NA,NA,NA,NA,NA,NA,NA,NA,NA,NA,NA,NA,NA,NA,NA,NA,NA,NA,NA,NA,NA,NA,NA,NA,NA,NA,NA,NA,NA,NA,NA,NA,NA,NA,NA,NA,NA,NA,NA,NA,NA,NA,NA,NA,NA,NA,NA,NA,NA,NA,NA,NA,NA,NA,NA,NA,NA,NA,NA,NA,NA,NA,NA,NA,NA,NA,NA,NA,NA,NA,NA,NA,NA,NA,NA,NA,NA,NA,NA,NA,NA,NA,NA,NA,NA,NA,NA,NA,NA,NA,NA,NA,NA,NA,NA,NA,NA,NA,NA,NA,NA,NA,NA,NA,NA,NA,NA,NA,NA,NA,NA,NA,NA,NA,NA,NA,NA,NA,NA,NA,NA,NA,NA,NA,NA,NA,NA,NA,NA,NA,NA,NA,NA,NA,NA,NA,NA,NA,NA,NA,NA,NA,NA,NA,NA,NA,NA,NA,NA,NA,NA,NA,NA,NA,NA,NA,NA,NA,NA,NA,NA,NA,NA,NA,NA,NA,NA,NA,NA,NA,NA,NA,NA,NA,NA,NA,NA,NA,NA,NA,NA,NA,NA,NA,NA,NA,"JNL/BlackRock Global Allocation Fund","Open-End Mutual Fund"
"330","W7KXBK9JBA0NRDSFCY41","W7KXBK9JBA0NRDSFCY41",200,"W7KXBK9JBA0NRDSFCY41","Transamerica BlackRock iShares Tactical - Growth VP","en",NA,NA,"en","C/O THE CORPORATION TRUST COMPANY",NA,NA,NA,"WILMINGTON","US-DE","US","19801","en","C/O TRANSAMERICA ASSET MANAGEMENT, INC.",NA,NA,NA,"DENVER","US-CO","US","80202","RA000665",NA,"S000025014","US","FUND","8888","FUND",NA,NA,"ACTIVE",NA,NA,NA,NA,NA,2012-11-13 00:00:00,NA,NA,NA,2012-11-14 21:45:00,2025-09-09 18:36:19,"ISSUED",2026-09-27 18:30:43,"5493001KJTIIGC8Y1R12","FULLY_CORROBORATED","RA000665",NA,"S000025014",NA,NA,NA,NA,NA,84546163,"CONFORMING","https://api.gleif.org/api/v1/lei-records/W7KXBK9JBA0NRDSFCY41/managing-lou","https://api.gleif.org/api/v1/lei-records/W7KXBK9JBA0NRDSFCY41/lei-issuer","https://api.gleif.org/api/v1/lei-records/W7KXBK9JBA0NRDSFCY41/field-modifications","https://api.gleif.org/api/v1/lei-records/W7KXBK9JBA0NRDSFCY41/direct-parent-reporting-exception","https://api.gleif.org/api/v1/lei-records/W7KXBK9JBA0NRDSFCY41/ultimate-parent-reporting-exception","https://api.gleif.org/api/v1/lei-records/W7KXBK9JBA0NRDSFCY41/fund-manager","https://api.gleif.org/api/v1/lei-records/W7KXBK9JBA0NRDSFCY41/fund-manager-relationship",TRUE,NA,"Transamerica Series Trust - Transamerica Hanlon Growth VP","en","PREVIOUS_LEGAL_NAME","CORPORATION TRUST CENTER","1801 CALIFORNIA STREET","STANDALONE","REGULATORY_FILING",2024-05-01 00:00:00,2024-05-08 16:19:19,"CHANGE_LEGAL_NAME","COMPLETED","https://api.gleif.org/api/v1/lei-records/W7KXBK9JBA0NRDSFCY41/umbrella-fund","https://api.gleif.org/api/v1/lei-records/W7KXBK9JBA0NRDSFCY41/umbrella-fund-relationship","SUITE 3700",NA,NA,NA,NA,NA,"1209 ORANGE ST",NA,NA,NA,NA,NA,NA,NA,NA,NA,NA,NA,NA,NA,NA,NA,NA,NA,NA,NA,NA,NA,NA,NA,NA,NA,NA,NA,NA,NA,NA,NA,NA,NA,NA,NA,NA,NA,NA,NA,NA,NA,NA,NA,NA,NA,NA,NA,NA,NA,NA,NA,NA,NA,NA,NA,NA,NA,NA,NA,NA,NA,NA,NA,NA,NA,NA,NA,NA,NA,NA,NA,NA,NA,NA,NA,NA,NA,NA,NA,NA,NA,NA,NA,NA,NA,NA,NA,NA,NA,NA,NA,NA,NA,NA,NA,NA,NA,NA,NA,NA,NA,NA,NA,NA,NA,NA,NA,NA,NA,NA,NA,NA,NA,NA,NA,NA,NA,NA,NA,NA,NA,NA,NA,NA,NA,NA,NA,NA,NA,NA,NA,NA,NA,NA,NA,NA,NA,NA,NA,NA,NA,NA,NA,NA,NA,NA,NA,NA,NA,NA,NA,NA,NA,NA,NA,NA,NA,NA,NA,NA,NA,NA,NA,NA,NA,NA,NA,NA,NA,NA,NA,NA,NA,NA,NA,NA,NA,NA,NA,NA,NA,NA,NA,NA,NA,NA,NA,NA,NA,NA,NA,NA,NA,NA,NA,NA,NA,NA,NA,NA,NA,NA,NA,NA,NA,NA,NA,NA,NA,NA,NA,NA,NA,NA,NA,NA,NA,NA,NA,NA,NA,NA,NA,NA,NA,NA,NA,NA,NA,NA,NA,NA,NA,"Transamerica PIMCO Tactical - Growth VP","Open-End Mutual Fund"
"331","WFXVQL1P1SLFR2PGV620","WFXVQL1P1SLFR2PGV620",200,"WFXVQL1P1SLFR2PGV620","PIMCO Active Bond Exchange-Traded Fund","en",NA,NA,"en","C/O THE CORPORATION TRUST COMPANY",NA,NA,NA,"WILMINGTON","US-DE","US","19801","en","C/O PACIFIC INVESTMENT MANAGEMENT COMPANY LLC",NA,NA,NA,"DOVER","US-DE","US","19904","RA000665",NA,"S000033233","US","FUND","8888","FUND",NA,NA,"ACTIVE",NA,NA,NA,NA,NA,2012-10-18 00:00:00,NA,NA,NA,2012-10-19 08:06:00,2025-06-19 19:17:16,"ISSUED",2026-07-07 00:00:00,"5493001KJTIIGC8Y1R12","FULLY_CORROBORATED","RA000665",NA,"S000033233",NA,NA,NA,NA,NA,171935623,"CONFORMING","https://api.gleif.org/api/v1/lei-records/WFXVQL1P1SLFR2PGV620/managing-lou","https://api.gleif.org/api/v1/lei-records/WFXVQL1P1SLFR2PGV620/lei-issuer","https://api.gleif.org/api/v1/lei-records/WFXVQL1P1SLFR2PGV620/field-modifications","https://api.gleif.org/api/v1/lei-records/WFXVQL1P1SLFR2PGV620/direct-parent-reporting-exception","https://api.gleif.org/api/v1/lei-records/WFXVQL1P1SLFR2PGV620/ultimate-parent-reporting-exception","https://api.gleif.org/api/v1/lei-records/WFXVQL1P1SLFR2PGV620/fund-manager","https://api.gleif.org/api/v1/lei-records/WFXVQL1P1SLFR2PGV620/fund-manager-relationship",TRUE,NA,NA,NA,NA,"CORPORATION TRUST CENTER","838 WALKER ROAD",NA,NA,NA,NA,NA,NA,"https://api.gleif.org/api/v1/lei-records/WFXVQL1P1SLFR2PGV620/umbrella-fund","https://api.gleif.org/api/v1/lei-records/WFXVQL1P1SLFR2PGV620/umbrella-fund-relationship","SUITE 21-2",NA,NA,NA,NA,NA,"1209 ORANGE STREET",NA,NA,NA,NA,NA,NA,NA,NA,NA,NA,NA,NA,NA,NA,NA,NA,NA,NA,NA,NA,NA,NA,NA,NA,NA,NA,NA,NA,NA,NA,NA,NA,NA,NA,NA,NA,NA,NA,NA,NA,NA,NA,NA,NA,NA,NA,NA,NA,NA,NA,NA,NA,NA,NA,NA,NA,NA,NA,NA,NA,NA,NA,NA,NA,NA,NA,NA,NA,NA,NA,NA,NA,NA,NA,NA,NA,NA,NA,NA,NA,NA,NA,NA,NA,NA,NA,NA,NA,NA,NA,NA,NA,NA,NA,NA,NA,NA,NA,NA,NA,NA,NA,NA,NA,NA,NA,NA,NA,NA,NA,NA,NA,NA,NA,NA,NA,NA,NA,NA,NA,NA,NA,NA,NA,NA,NA,NA,NA,NA,NA,NA,NA,NA,NA,NA,NA,NA,NA,NA,NA,NA,NA,NA,NA,NA,NA,NA,NA,NA,NA,NA,NA,NA,NA,NA,NA,NA,NA,NA,NA,NA,NA,NA,NA,NA,NA,NA,NA,NA,NA,NA,NA,NA,NA,NA,NA,NA,NA,NA,NA,NA,NA,NA,NA,NA,NA,NA,NA,NA,NA,NA,NA,NA,NA,NA,NA,NA,NA,NA,NA,NA,NA,NA,NA,NA,NA,NA,NA,NA,NA,NA,NA,NA,NA,NA,NA,NA,NA,NA,NA,NA,NA,NA,NA,NA,NA,NA,NA,NA,NA,NA,NA,NA,"PIMCO Active Bond Exchange-Traded Fund","Open-End Mutual Fund"
"332","WLNAPPG3EBO2UQ0EB806","WLNAPPG3EBO2UQ0EB806",200,"WLNAPPG3EBO2UQ0EB806","BLACKROCK STRATEGIC GLOBAL BOND FUND, INC.","en",NA,NA,"en","c/o THE CORPORATION TRUST, INCORPORATED, 2405 YORK ROAD, SUITE 201",NA,NA,NA,"LUTHERVILLE TIMONIUM","US-MD","US","21093-2264","en","c/o BLACKROCK ADVISORS, LLC, c/o CORPORATION SERVICE COMPANY, 251 LITTLE FALLS DRIVE",NA,NA,"c/o BLACKROCK ADVISORS, LLC","WILMINGTON","US-DE","US","19808","RA000614",NA,"D02591238","US-MD","FUND","HLR4",NA,NA,NA,"ACTIVE",NA,NA,NA,NA,NA,1988-06-30 22:00:00,NA,NA,NA,2012-10-11 13:46:00,2025-12-08 11:14:38,"ISSUED",2027-01-19 10:53:36,"5299000J2N45DDNE4Y28","FULLY_CORROBORATED","RA000665",NA,"S000002866",NA,NA,NA,NA,NA,28120302,"CONFORMING","https://api.gleif.org/api/v1/lei-records/WLNAPPG3EBO2UQ0EB806/managing-lou","https://api.gleif.org/api/v1/lei-records/WLNAPPG3EBO2UQ0EB806/lei-issuer","https://api.gleif.org/api/v1/lei-records/WLNAPPG3EBO2UQ0EB806/field-modifications","https://api.gleif.org/api/v1/lei-records/WLNAPPG3EBO2UQ0EB806/direct-parent-reporting-exception","https://api.gleif.org/api/v1/lei-records/WLNAPPG3EBO2UQ0EB806/ultimate-parent-reporting-exception","https://api.gleif.org/api/v1/lei-records/WLNAPPG3EBO2UQ0EB806/fund-manager","https://api.gleif.org/api/v1/lei-records/WLNAPPG3EBO2UQ0EB806/fund-manager-relationship",TRUE,NA,NA,NA,NA,NA,NA,"STANDALONE","SUPPORTING_DOCUMENTS",2023-02-21 23:00:00,2023-02-22 14:42:10,"CHANGE_LEGAL_FORM","COMPLETED",NA,NA,NA,NA,NA,NA,NA,NA,NA,"STANDALONE","SUPPORTING_DOCUMENTS",2023-02-21 23:00:00,2023-02-22 14:42:10,"CHANGE_HQ_ADDRESS","COMPLETED",NA,NA,NA,NA,NA,NA,NA,NA,NA,NA,NA,NA,NA,NA,NA,NA,NA,NA,NA,NA,NA,NA,NA,NA,NA,NA,NA,NA,NA,NA,NA,NA,NA,NA,NA,NA,NA,NA,NA,NA,NA,NA,NA,NA,NA,NA,NA,NA,NA,NA,NA,NA,NA,NA,NA,NA,NA,NA,NA,NA,NA,NA,NA,NA,NA,NA,NA,NA,NA,NA,NA,NA,NA,NA,NA,NA,NA,NA,NA,NA,NA,NA,NA,NA,NA,NA,NA,NA,NA,NA,NA,NA,NA,NA,NA,NA,NA,NA,NA,NA,NA,NA,NA,NA,NA,NA,NA,NA,NA,NA,NA,NA,NA,NA,NA,NA,NA,NA,NA,NA,NA,NA,NA,NA,NA,NA,NA,NA,NA,NA,NA,NA,NA,NA,NA,NA,NA,NA,NA,NA,NA,NA,NA,NA,NA,NA,NA,NA,NA,NA,NA,NA,NA,NA,NA,NA,NA,NA,NA,NA,NA,NA,NA,NA,NA,NA,NA,NA,NA,NA,NA,NA,NA,NA,NA,NA,NA,NA,NA,NA,NA,NA,NA,NA,NA,NA,NA,NA,NA,NA,NA,NA,NA,NA,NA,NA,NA,NA,NA,NA,NA,NA,NA,NA,NA,NA,NA,NA,NA,NA,NA,NA,NA,NA,NA,NA,NA,NA,NA,NA,NA,NA,NA,NA,NA,NA,NA,"BlackRock Strategic Global Bond Fund, Inc.","Open-End Mutual Fund"
"333","WMEVRQ7LCLDEFWERGI49","WMEVRQ7LCLDEFWERGI49",200,"WMEVRQ7LCLDEFWERGI49","BlackRock Strategic Income Opportunities Portfolio","en",NA,NA,"en","c/o C T CORPORATION SYSTEM; 155 FEDERAL ST., SUITE 700",NA,NA,NA,"Boston","US-MA","US","02110","en","c/o BLACKROCK ADVISORS, LLC, c/o CORPORATION SERVICE COMPANY, 251 LITTLE FALLS DRIVE",NA,NA,"c/o BLACKROCK ADVISORS, LLC","WILMINGTON","US-DE","US","19808","RA000665",NA,"S000062358","US-MA","FUND","Z73Z",NA,NA,NA,"ACTIVE",NA,NA,NA,NA,NA,2018-08-29 22:00:00,NA,NA,NA,2012-11-21 14:02:00,2025-11-27 14:52:56,"ISSUED",2027-01-19 10:53:48,"5299000J2N45DDNE4Y28","FULLY_CORROBORATED","RA000665",NA,"S000062358",NA,NA,NA,NA,NA,54807246,"CONFORMING","https://api.gleif.org/api/v1/lei-records/WMEVRQ7LCLDEFWERGI49/managing-lou","https://api.gleif.org/api/v1/lei-records/WMEVRQ7LCLDEFWERGI49/lei-issuer","https://api.gleif.org/api/v1/lei-records/WMEVRQ7LCLDEFWERGI49/field-modifications","https://api.gleif.org/api/v1/lei-records/WMEVRQ7LCLDEFWERGI49/direct-parent-reporting-exception","https://api.gleif.org/api/v1/lei-records/WMEVRQ7LCLDEFWERGI49/ultimate-parent-reporting-exception","https://api.gleif.org/api/v1/lei-records/WMEVRQ7LCLDEFWERGI49/fund-manager","https://api.gleif.org/api/v1/lei-records/WMEVRQ7LCLDEFWERGI49/fund-manager-relationship",TRUE,NA,NA,NA,NA,NA,NA,"STANDALONE","SUPPORTING_DOCUMENTS",2024-12-04 23:00:00,2024-12-05 10:24:11,"CHANGE_LEGAL_FORM","COMPLETED","https://api.gleif.org/api/v1/lei-records/WMEVRQ7LCLDEFWERGI49/umbrella-fund","https://api.gleif.org/api/v1/lei-records/WMEVRQ7LCLDEFWERGI49/umbrella-fund-relationship",NA,NA,NA,NA,NA,NA,NA,"STANDALONE","SUPPORTING_DOCUMENTS",2023-12-15 23:00:00,2023-12-16 11:56:17,"CHANGE_LEGAL_ADDRESS","COMPLETED",NA,NA,NA,NA,NA,NA,NA,NA,NA,NA,NA,NA,NA,NA,NA,NA,NA,NA,NA,NA,"STANDALONE","SUPPORTING_DOCUMENTS",2023-02-05 23:00:00,2023-02-06 12:13:47,"CHANGE_HQ_ADDRESS","COMPLETED","STANDALONE","SUPPORTING_DOCUMENTS",2023-02-05 23:00:00,2023-02-06 12:13:47,"CHANGE_LEGAL_ADDRESS","COMPLETED",NA,NA,NA,NA,NA,NA,NA,NA,NA,NA,NA,NA,NA,NA,NA,NA,NA,NA,NA,NA,NA,NA,NA,NA,NA,NA,NA,NA,NA,NA,NA,NA,NA,NA,NA,NA,NA,NA,NA,NA,NA,NA,NA,NA,NA,NA,NA,NA,NA,NA,NA,NA,NA,NA,NA,NA,NA,NA,NA,NA,NA,NA,NA,NA,NA,NA,NA,NA,NA,NA,NA,NA,NA,NA,NA,NA,NA,NA,NA,NA,NA,NA,NA,NA,NA,NA,NA,NA,NA,NA,NA,NA,NA,NA,NA,NA,NA,NA,NA,NA,NA,NA,NA,NA,NA,NA,NA,NA,NA,NA,NA,NA,NA,NA,NA,NA,NA,NA,NA,NA,NA,NA,NA,NA,NA,NA,NA,NA,NA,NA,NA,NA,NA,NA,NA,NA,NA,NA,NA,NA,NA,NA,NA,NA,NA,NA,NA,NA,NA,NA,NA,NA,NA,NA,NA,NA,NA,NA,NA,NA,NA,NA,NA,NA,NA,NA,NA,NA,NA,NA,NA,NA,NA,NA,NA,NA,NA,NA,NA,NA,NA,NA,NA,NA,NA,NA,NA,NA,NA,NA,NA,NA,NA,NA,NA,"BlackRock Strategic Income Opportunities Portfolio","Open-End Mutual Fund"
"334","WXIJUDZ58N7QM7IEFC20","WXIJUDZ58N7QM7IEFC20",200,"WXIJUDZ58N7QM7IEFC20","PIMCO Total Return Portfolio","en",NA,NA,"en","C/O THE CORPORATION TRUST COMPANY",NA,NA,NA,"WILMINGTON","US-DE","US","19801","en","C/O PACIFIC INVESTMENT MANAGEMENT COMPANY LLC",NA,NA,NA,"DOVER","US-DE","US","19904","RA000665",NA,"S000009665","US","FUND","8888","FUND",NA,NA,"ACTIVE",NA,NA,NA,NA,NA,2012-10-18 00:00:00,NA,NA,NA,2012-10-19 08:01:00,2025-06-19 17:56:02,"ISSUED",2026-07-07 00:00:00,"5493001KJTIIGC8Y1R12","FULLY_CORROBORATED","RA000665",NA,"S000009665",NA,NA,NA,NA,NA,43921713,"CONFORMING","https://api.gleif.org/api/v1/lei-records/WXIJUDZ58N7QM7IEFC20/managing-lou","https://api.gleif.org/api/v1/lei-records/WXIJUDZ58N7QM7IEFC20/lei-issuer","https://api.gleif.org/api/v1/lei-records/WXIJUDZ58N7QM7IEFC20/field-modifications","https://api.gleif.org/api/v1/lei-records/WXIJUDZ58N7QM7IEFC20/direct-parent-reporting-exception","https://api.gleif.org/api/v1/lei-records/WXIJUDZ58N7QM7IEFC20/ultimate-parent-reporting-exception","https://api.gleif.org/api/v1/lei-records/WXIJUDZ58N7QM7IEFC20/fund-manager","https://api.gleif.org/api/v1/lei-records/WXIJUDZ58N7QM7IEFC20/fund-manager-relationship",TRUE,NA,NA,NA,NA,"CORPORATION TRUST CENTER","838 WALKER ROAD",NA,NA,NA,NA,NA,NA,"https://api.gleif.org/api/v1/lei-records/WXIJUDZ58N7QM7IEFC20/umbrella-fund","https://api.gleif.org/api/v1/lei-records/WXIJUDZ58N7QM7IEFC20/umbrella-fund-relationship","SUITE 21-2",NA,NA,NA,NA,NA,"1209 ORANGE ST",NA,NA,NA,NA,NA,NA,NA,NA,NA,NA,NA,NA,NA,NA,NA,NA,NA,NA,NA,NA,NA,NA,NA,NA,NA,NA,NA,NA,NA,NA,NA,NA,NA,NA,NA,NA,NA,NA,NA,NA,NA,NA,NA,NA,NA,NA,NA,NA,NA,NA,NA,NA,NA,NA,NA,NA,NA,NA,NA,NA,NA,NA,NA,NA,NA,NA,NA,NA,NA,NA,NA,NA,NA,NA,NA,NA,NA,NA,NA,NA,NA,NA,NA,NA,NA,NA,NA,NA,NA,NA,NA,NA,NA,NA,NA,NA,NA,NA,NA,NA,NA,NA,NA,NA,NA,NA,NA,NA,NA,NA,NA,NA,NA,NA,NA,NA,NA,NA,NA,NA,NA,NA,NA,NA,NA,NA,NA,NA,NA,NA,NA,NA,NA,NA,NA,NA,NA,NA,NA,NA,NA,NA,NA,NA,NA,NA,NA,NA,NA,NA,NA,NA,NA,NA,NA,NA,NA,NA,NA,NA,NA,NA,NA,NA,NA,NA,NA,NA,NA,NA,NA,NA,NA,NA,NA,NA,NA,NA,NA,NA,NA,NA,NA,NA,NA,NA,NA,NA,NA,NA,NA,NA,NA,NA,NA,NA,NA,NA,NA,NA,NA,NA,NA,NA,NA,NA,NA,NA,NA,NA,NA,NA,NA,NA,NA,NA,NA,NA,NA,NA,NA,NA,NA,NA,NA,NA,NA,NA,NA,NA,NA,NA,NA,"PIMCO Total Return Portfolio","Open-End Mutual Fund"
"335","XCZ3FIMJ83Q4C0RCNL56","XCZ3FIMJ83Q4C0RCNL56",200,"XCZ3FIMJ83Q4C0RCNL56","PIMCO High Yield Spectrum Fund","en",NA,NA,"en","C/O C T CORPORATION SYSTEM",NA,NA,NA,"BOSTON","US-MA","US","02110","en","C/O Pacific Investment Management Company LLC",NA,NA,NA,"Newport Beach","US-CA","US","92660","RA000665",NA,"S000029813","US","FUND","8888","FUND",NA,NA,"ACTIVE",NA,NA,NA,NA,NA,2012-10-18 00:00:00,NA,NA,NA,2012-10-19 08:06:00,2025-06-19 17:50:38,"ISSUED",2026-07-07 00:00:00,"5493001KJTIIGC8Y1R12","FULLY_CORROBORATED","RA000665",NA,"S000029813",NA,NA,NA,NA,NA,113583477,"CONFORMING","https://api.gleif.org/api/v1/lei-records/XCZ3FIMJ83Q4C0RCNL56/managing-lou","https://api.gleif.org/api/v1/lei-records/XCZ3FIMJ83Q4C0RCNL56/lei-issuer","https://api.gleif.org/api/v1/lei-records/XCZ3FIMJ83Q4C0RCNL56/field-modifications","https://api.gleif.org/api/v1/lei-records/XCZ3FIMJ83Q4C0RCNL56/direct-parent-reporting-exception","https://api.gleif.org/api/v1/lei-records/XCZ3FIMJ83Q4C0RCNL56/ultimate-parent-reporting-exception","https://api.gleif.org/api/v1/lei-records/XCZ3FIMJ83Q4C0RCNL56/fund-manager","https://api.gleif.org/api/v1/lei-records/XCZ3FIMJ83Q4C0RCNL56/fund-manager-relationship",TRUE,NA,NA,NA,NA,"155 FEDERAL ST.","650 Newport Center Drive",NA,NA,NA,NA,NA,NA,"https://api.gleif.org/api/v1/lei-records/XCZ3FIMJ83Q4C0RCNL56/umbrella-fund","https://api.gleif.org/api/v1/lei-records/XCZ3FIMJ83Q4C0RCNL56/umbrella-fund-relationship",NA,NA,NA,NA,NA,NA,"SUITE 700",NA,NA,NA,NA,NA,NA,NA,NA,NA,NA,NA,NA,NA,NA,NA,NA,NA,NA,NA,NA,NA,NA,NA,NA,NA,NA,NA,NA,NA,NA,NA,NA,NA,NA,NA,NA,NA,NA,NA,NA,NA,NA,NA,NA,NA,NA,NA,NA,NA,NA,NA,NA,NA,NA,NA,NA,NA,NA,NA,NA,NA,NA,NA,NA,NA,NA,NA,NA,NA,NA,NA,NA,NA,NA,NA,NA,NA,NA,NA,NA,NA,NA,NA,NA,NA,NA,NA,NA,NA,NA,NA,NA,NA,NA,NA,NA,NA,NA,NA,NA,NA,NA,NA,NA,NA,NA,NA,NA,NA,NA,NA,NA,NA,NA,NA,NA,NA,NA,NA,NA,NA,NA,NA,NA,NA,NA,NA,NA,NA,NA,NA,NA,NA,NA,NA,NA,NA,NA,NA,NA,NA,NA,NA,NA,NA,NA,NA,NA,NA,NA,NA,NA,NA,NA,NA,NA,NA,NA,NA,NA,NA,NA,NA,NA,NA,NA,NA,NA,NA,NA,NA,NA,NA,NA,NA,NA,NA,NA,NA,NA,NA,NA,NA,NA,NA,NA,NA,NA,NA,NA,NA,NA,NA,NA,NA,NA,NA,NA,NA,NA,NA,NA,NA,NA,NA,NA,NA,NA,NA,NA,NA,NA,NA,NA,NA,NA,NA,NA,NA,NA,NA,NA,NA,NA,NA,NA,NA,NA,NA,NA,NA,NA,NA,"PIMCO High Yield Spectrum Fund","Open-End Mutual Fund"
"336","XSQUIHC65X62JACTUZ45","XSQUIHC65X62JACTUZ45",200,"XSQUIHC65X62JACTUZ45","PIMCO INCOME FUND","en",NA,NA,"en","C/O C T CORPORATION SYSTEM",NA,NA,NA,"BOSTON","US-MA","US","02110","en","C/O PACIFIC INVESTMENT MANAGEMENT COMPANY LLC",NA,NA,NA,"NEWPORT BEACH","US-CA","US","92660","RA000665",NA,"S000016548","US","FUND","8888","FUND",NA,NA,"ACTIVE",NA,NA,NA,NA,NA,2012-10-18 00:00:00,NA,NA,NA,2012-10-19 08:02:00,2025-06-19 17:50:25,"ISSUED",2026-07-07 00:00:00,"5493001KJTIIGC8Y1R12","FULLY_CORROBORATED","RA000665",NA,"S000016548",NA,NA,NA,NA,NA,59691678,"CONFORMING","https://api.gleif.org/api/v1/lei-records/XSQUIHC65X62JACTUZ45/managing-lou","https://api.gleif.org/api/v1/lei-records/XSQUIHC65X62JACTUZ45/lei-issuer","https://api.gleif.org/api/v1/lei-records/XSQUIHC65X62JACTUZ45/field-modifications","https://api.gleif.org/api/v1/lei-records/XSQUIHC65X62JACTUZ45/direct-parent-reporting-exception","https://api.gleif.org/api/v1/lei-records/XSQUIHC65X62JACTUZ45/ultimate-parent-reporting-exception","https://api.gleif.org/api/v1/lei-records/XSQUIHC65X62JACTUZ45/fund-manager","https://api.gleif.org/api/v1/lei-records/XSQUIHC65X62JACTUZ45/fund-manager-relationship",TRUE,NA,NA,NA,NA,"155 FEDERAL ST.","650 NEWPORT CENTER DRIVE",NA,NA,NA,NA,NA,NA,"https://api.gleif.org/api/v1/lei-records/XSQUIHC65X62JACTUZ45/umbrella-fund","https://api.gleif.org/api/v1/lei-records/XSQUIHC65X62JACTUZ45/umbrella-fund-relationship",NA,NA,NA,NA,NA,NA,"SUITE 700",NA,NA,NA,NA,NA,NA,NA,NA,NA,NA,NA,NA,NA,NA,NA,NA,NA,NA,NA,NA,NA,NA,NA,NA,NA,NA,NA,NA,NA,NA,NA,NA,NA,NA,NA,NA,NA,NA,NA,NA,NA,NA,NA,NA,NA,NA,NA,NA,NA,NA,NA,NA,NA,NA,NA,NA,NA,NA,NA,NA,NA,NA,NA,NA,NA,NA,NA,NA,NA,NA,NA,NA,NA,NA,NA,NA,NA,NA,NA,NA,NA,NA,NA,NA,NA,NA,NA,NA,NA,NA,NA,NA,NA,NA,NA,NA,NA,NA,NA,NA,NA,NA,NA,NA,NA,NA,NA,NA,NA,NA,NA,NA,NA,NA,NA,NA,NA,NA,NA,NA,NA,NA,NA,NA,NA,NA,NA,NA,NA,NA,NA,NA,NA,NA,NA,NA,NA,NA,NA,NA,NA,NA,NA,NA,NA,NA,NA,NA,NA,NA,NA,NA,NA,NA,NA,NA,NA,NA,NA,NA,NA,NA,NA,NA,NA,NA,NA,NA,NA,NA,NA,NA,NA,NA,NA,NA,NA,NA,NA,NA,NA,NA,NA,NA,NA,NA,NA,NA,NA,NA,NA,NA,NA,NA,NA,NA,NA,NA,NA,NA,NA,NA,NA,NA,NA,NA,NA,NA,NA,NA,NA,NA,NA,NA,NA,NA,NA,NA,NA,NA,NA,NA,NA,NA,NA,NA,NA,NA,NA,NA,NA,NA,NA,"PIMCO Income Fund","Open-End Mutual Fund"
"337","XY6HWOQF1NBIQHYB7D92","XY6HWOQF1NBIQHYB7D92",200,"XY6HWOQF1NBIQHYB7D92","Global Macro Portfolio","en",NA,NA,"en","One Post Office Square",NA,NA,NA,"Boston","US-MA","US","02109","en","C/O BOSTON MANAGEMENT AND RESEARCH",NA,NA,NA,"BOSTON","US-MA","US","02109","RA000665",NA,"0000918706","US","FUND","8888","FUND",NA,NA,"ACTIVE",NA,NA,NA,NA,NA,1994-06-20 00:00:00,NA,NA,NA,2012-11-28 14:19:00,2025-08-17 14:34:43,"ISSUED",2026-09-06 15:58:07,"5493001KJTIIGC8Y1R12","FULLY_CORROBORATED","RA000665",NA,"0000918706",NA,NA,NA,NA,NA,34014368,"CONFORMING","https://api.gleif.org/api/v1/lei-records/XY6HWOQF1NBIQHYB7D92/managing-lou","https://api.gleif.org/api/v1/lei-records/XY6HWOQF1NBIQHYB7D92/lei-issuer","https://api.gleif.org/api/v1/lei-records/XY6HWOQF1NBIQHYB7D92/field-modifications","https://api.gleif.org/api/v1/lei-records/XY6HWOQF1NBIQHYB7D92/direct-parent-reporting-exception","https://api.gleif.org/api/v1/lei-records/XY6HWOQF1NBIQHYB7D92/ultimate-parent-reporting-exception","https://api.gleif.org/api/v1/lei-records/XY6HWOQF1NBIQHYB7D92/fund-manager","https://api.gleif.org/api/v1/lei-records/XY6HWOQF1NBIQHYB7D92/fund-manager-relationship",TRUE,NA,NA,NA,NA,NA,"ONE POST OFFICE SQUARE",NA,NA,NA,NA,NA,NA,NA,NA,NA,NA,NA,NA,NA,NA,NA,NA,NA,NA,NA,NA,NA,NA,NA,NA,NA,NA,NA,NA,NA,NA,NA,NA,NA,NA,NA,NA,NA,NA,NA,NA,NA,NA,NA,NA,NA,NA,NA,NA,NA,NA,NA,NA,NA,NA,NA,NA,NA,NA,NA,NA,NA,NA,NA,NA,NA,NA,NA,NA,NA,NA,NA,NA,NA,NA,NA,NA,NA,NA,NA,NA,NA,NA,NA,NA,NA,NA,NA,NA,NA,NA,NA,NA,NA,NA,NA,NA,NA,NA,NA,NA,NA,NA,NA,NA,NA,NA,NA,NA,NA,NA,NA,NA,NA,NA,NA,NA,NA,NA,NA,NA,NA,NA,NA,NA,NA,NA,NA,NA,NA,NA,NA,NA,NA,NA,NA,NA,NA,NA,NA,NA,NA,NA,NA,NA,NA,NA,NA,NA,NA,NA,NA,NA,NA,NA,NA,NA,NA,NA,NA,NA,NA,NA,NA,NA,NA,NA,NA,NA,NA,NA,NA,NA,NA,NA,NA,NA,NA,NA,NA,NA,NA,NA,NA,NA,NA,NA,NA,NA,NA,NA,NA,NA,NA,NA,NA,NA,NA,NA,NA,NA,NA,NA,NA,NA,NA,NA,NA,NA,NA,NA,NA,NA,NA,NA,NA,NA,NA,NA,NA,NA,NA,NA,NA,NA,NA,NA,NA,NA,NA,NA,NA,NA,NA,NA,NA,NA,NA,NA,NA,NA,NA,NA,NA,NA,NA,NA,NA,NA,"Global Macro Portfolio","Open-End Mutual Fund"
"338","Y52315K7L96R2YWLTM72","Y52315K7L96R2YWLTM72",200,"Y52315K7L96R2YWLTM72","PIMCO Emerging Markets Currency and Short-Term Investments Fund","en",NA,NA,"en","C/O C T CORPORATION SYSTEM",NA,NA,NA,"BOSTON","US-MA","US","02110","en","C/O Pacific Investment Management Company LLC",NA,NA,NA,"Newport Beach","US-CA","US","92660","RA000665",NA,"S000009713","US","FUND","8888","FUND",NA,NA,"ACTIVE",NA,NA,NA,NA,NA,2012-10-18 00:00:00,NA,NA,NA,2012-10-19 08:01:00,2025-06-19 15:44:51,"ISSUED",2026-07-07 00:00:00,"5493001KJTIIGC8Y1R12","FULLY_CORROBORATED","RA000665",NA,"S000009713",NA,NA,NA,NA,NA,59315512,"CONFORMING","https://api.gleif.org/api/v1/lei-records/Y52315K7L96R2YWLTM72/managing-lou","https://api.gleif.org/api/v1/lei-records/Y52315K7L96R2YWLTM72/lei-issuer","https://api.gleif.org/api/v1/lei-records/Y52315K7L96R2YWLTM72/field-modifications","https://api.gleif.org/api/v1/lei-records/Y52315K7L96R2YWLTM72/direct-parent-reporting-exception","https://api.gleif.org/api/v1/lei-records/Y52315K7L96R2YWLTM72/ultimate-parent-reporting-exception","https://api.gleif.org/api/v1/lei-records/Y52315K7L96R2YWLTM72/fund-manager","https://api.gleif.org/api/v1/lei-records/Y52315K7L96R2YWLTM72/fund-manager-relationship",TRUE,NA,"PIMCO Funds - PIMCO Developing Local Markets Fund","en","PREVIOUS_LEGAL_NAME","155 FEDERAL ST.","650 Newport Center Drive",NA,NA,NA,NA,NA,NA,"https://api.gleif.org/api/v1/lei-records/Y52315K7L96R2YWLTM72/umbrella-fund","https://api.gleif.org/api/v1/lei-records/Y52315K7L96R2YWLTM72/umbrella-fund-relationship",NA,NA,NA,"PIMCO Funds - PIMCO Emerging Markets Currency Fund","en","PREVIOUS_LEGAL_NAME","SUITE 700",NA,NA,NA,NA,NA,NA,"https://api.gleif.org/api/v1/lei-records/Y52315K7L96R2YWLTM72/isins",NA,NA,NA,NA,NA,NA,NA,NA,NA,NA,NA,NA,NA,NA,NA,NA,NA,NA,NA,NA,NA,NA,NA,NA,NA,NA,NA,NA,NA,NA,NA,NA,NA,NA,NA,NA,NA,NA,NA,NA,NA,NA,NA,NA,NA,NA,NA,NA,NA,NA,NA,NA,NA,NA,NA,NA,NA,NA,NA,NA,NA,NA,NA,NA,NA,NA,NA,NA,NA,NA,NA,NA,NA,NA,NA,NA,NA,NA,NA,NA,NA,NA,NA,NA,NA,NA,NA,NA,NA,NA,NA,NA,NA,NA,NA,NA,NA,NA,NA,NA,NA,NA,NA,NA,NA,NA,NA,NA,NA,NA,NA,NA,NA,NA,NA,NA,NA,NA,NA,NA,NA,NA,NA,NA,NA,NA,NA,NA,NA,NA,NA,NA,NA,NA,NA,NA,NA,NA,NA,NA,NA,NA,NA,NA,NA,NA,NA,NA,NA,NA,NA,NA,NA,NA,NA,NA,NA,NA,NA,NA,NA,NA,NA,NA,NA,NA,NA,NA,NA,NA,NA,NA,NA,NA,NA,NA,NA,NA,NA,NA,NA,NA,NA,NA,NA,NA,NA,NA,NA,NA,NA,NA,NA,NA,NA,NA,NA,NA,NA,NA,NA,NA,NA,NA,NA,NA,NA,NA,NA,NA,NA,NA,NA,NA,NA,NA,NA,NA,NA,NA,NA,NA,NA,NA,NA,NA,"PIMCO Emerging Markets Currency and Short-Term Investments Fund","Open-End Mutual Fund"
"339","YB8LA59EIUIEOFQSLY54","YB8LA59EIUIEOFQSLY54",200,"YB8LA59EIUIEOFQSLY54","PIMCO Global Core Asset Allocation Fund","en",NA,NA,"en","C/O CT CORPORATION SYSTEM",NA,NA,NA,"BOSTON","US-MA","US","02110","en","C/O Pacific Investment Management Company LLC",NA,NA,NA,"Newport Beach","US-CA","US","92660","RA000665",NA,"S000023224","US","FUND","8888","FUND",NA,NA,"ACTIVE",NA,NA,NA,NA,NA,2012-10-19 00:00:00,NA,NA,NA,2012-10-19 08:05:00,2025-06-19 14:00:37,"ISSUED",2026-07-07 20:49:00,"5493001KJTIIGC8Y1R12","FULLY_CORROBORATED","RA000665",NA,"S000023224",NA,NA,NA,NA,NA,54499202,"CONFORMING","https://api.gleif.org/api/v1/lei-records/YB8LA59EIUIEOFQSLY54/managing-lou","https://api.gleif.org/api/v1/lei-records/YB8LA59EIUIEOFQSLY54/lei-issuer","https://api.gleif.org/api/v1/lei-records/YB8LA59EIUIEOFQSLY54/field-modifications","https://api.gleif.org/api/v1/lei-records/YB8LA59EIUIEOFQSLY54/direct-parent-reporting-exception","https://api.gleif.org/api/v1/lei-records/YB8LA59EIUIEOFQSLY54/ultimate-parent-reporting-exception","https://api.gleif.org/api/v1/lei-records/YB8LA59EIUIEOFQSLY54/fund-manager","https://api.gleif.org/api/v1/lei-records/YB8LA59EIUIEOFQSLY54/fund-manager-relationship",TRUE,NA,"PIMCO Funds - PIMCO Global Multi-Asset Fund","en","PREVIOUS_LEGAL_NAME","155 FEDERAL ST","650 Newport Center Drive",NA,NA,NA,NA,NA,NA,"https://api.gleif.org/api/v1/lei-records/YB8LA59EIUIEOFQSLY54/umbrella-fund","https://api.gleif.org/api/v1/lei-records/YB8LA59EIUIEOFQSLY54/umbrella-fund-relationship",NA,NA,NA,NA,NA,NA,"SUITE 700",NA,NA,NA,NA,NA,NA,NA,NA,NA,NA,NA,NA,NA,NA,NA,NA,NA,NA,NA,NA,NA,NA,NA,NA,NA,NA,NA,NA,NA,NA,NA,NA,NA,NA,NA,NA,NA,NA,NA,NA,NA,NA,NA,NA,NA,NA,NA,NA,NA,NA,NA,NA,NA,NA,NA,NA,NA,NA,NA,NA,NA,NA,NA,NA,NA,NA,NA,NA,NA,NA,NA,NA,NA,NA,NA,NA,NA,NA,NA,NA,NA,NA,NA,NA,NA,NA,NA,NA,NA,NA,NA,NA,NA,NA,NA,NA,NA,NA,NA,NA,NA,NA,NA,NA,NA,NA,NA,NA,NA,NA,NA,NA,NA,NA,NA,NA,NA,NA,NA,NA,NA,NA,NA,NA,NA,NA,NA,NA,NA,NA,NA,NA,NA,NA,NA,NA,NA,NA,NA,NA,NA,NA,NA,NA,NA,NA,NA,NA,NA,NA,NA,NA,NA,NA,NA,NA,NA,NA,NA,NA,NA,NA,NA,NA,NA,NA,NA,NA,NA,NA,NA,NA,NA,NA,NA,NA,NA,NA,NA,NA,NA,NA,NA,NA,NA,NA,NA,NA,NA,NA,NA,NA,NA,NA,NA,NA,NA,NA,NA,NA,NA,NA,NA,NA,NA,NA,NA,NA,NA,NA,NA,NA,NA,NA,NA,NA,NA,NA,NA,NA,NA,NA,NA,NA,NA,NA,NA,NA,NA,NA,NA,NA,NA,"PIMCO Global Multi-Asset Fund","Open-End Mutual Fund"
"340","YCQRZRQ961D14WOYVN37","YCQRZRQ961D14WOYVN37",200,"YCQRZRQ961D14WOYVN37","PIMCO Dividend and Income Fund","en",NA,NA,"en","C/O THE CORPORATION TRUST COMPANY",NA,NA,NA,"WILMINGTON","US-DE","US","19801","en","C/O Pacific Investment Management Company LLC",NA,NA,NA,"Newport Beach","US-CA","US","92660","RA000665",NA,"S000034646","US","FUND","8888","FUND",NA,NA,"ACTIVE",NA,NA,NA,NA,NA,2012-10-19 00:00:00,NA,NA,NA,2012-10-19 08:05:00,2025-06-19 14:05:01,"ISSUED",2026-07-07 00:00:00,"5493001KJTIIGC8Y1R12","FULLY_CORROBORATED","RA000665",NA,"S000034646",NA,NA,NA,NA,NA,144623715,"CONFORMING","https://api.gleif.org/api/v1/lei-records/YCQRZRQ961D14WOYVN37/managing-lou","https://api.gleif.org/api/v1/lei-records/YCQRZRQ961D14WOYVN37/lei-issuer","https://api.gleif.org/api/v1/lei-records/YCQRZRQ961D14WOYVN37/field-modifications","https://api.gleif.org/api/v1/lei-records/YCQRZRQ961D14WOYVN37/direct-parent-reporting-exception","https://api.gleif.org/api/v1/lei-records/YCQRZRQ961D14WOYVN37/ultimate-parent-reporting-exception","https://api.gleif.org/api/v1/lei-records/YCQRZRQ961D14WOYVN37/fund-manager","https://api.gleif.org/api/v1/lei-records/YCQRZRQ961D14WOYVN37/fund-manager-relationship",TRUE,NA,NA,NA,NA,"CORPORATION TRUST CENTER","650 Newport Center Drive",NA,NA,NA,NA,NA,NA,"https://api.gleif.org/api/v1/lei-records/YCQRZRQ961D14WOYVN37/umbrella-fund","https://api.gleif.org/api/v1/lei-records/YCQRZRQ961D14WOYVN37/umbrella-fund-relationship",NA,NA,NA,NA,NA,NA,"1209 ORANGE ST",NA,NA,NA,NA,NA,NA,NA,NA,NA,NA,NA,NA,NA,NA,NA,NA,NA,NA,NA,NA,NA,NA,NA,NA,NA,NA,NA,NA,NA,NA,NA,NA,NA,NA,NA,NA,NA,NA,NA,NA,NA,NA,NA,NA,NA,NA,NA,NA,NA,NA,NA,NA,NA,NA,NA,NA,NA,NA,NA,NA,NA,NA,NA,NA,NA,NA,NA,NA,NA,NA,NA,NA,NA,NA,NA,NA,NA,NA,NA,NA,NA,NA,NA,NA,NA,NA,NA,NA,NA,NA,NA,NA,NA,NA,NA,NA,NA,NA,NA,NA,NA,NA,NA,NA,NA,NA,NA,NA,NA,NA,NA,NA,NA,NA,NA,NA,NA,NA,NA,NA,NA,NA,NA,NA,NA,NA,NA,NA,NA,NA,NA,NA,NA,NA,NA,NA,NA,NA,NA,NA,NA,NA,NA,NA,NA,NA,NA,NA,NA,NA,NA,NA,NA,NA,NA,NA,NA,NA,NA,NA,NA,NA,NA,NA,NA,NA,NA,NA,NA,NA,NA,NA,NA,NA,NA,NA,NA,NA,NA,NA,NA,NA,NA,NA,NA,NA,NA,NA,NA,NA,NA,NA,NA,NA,NA,NA,NA,NA,NA,NA,NA,NA,NA,NA,NA,NA,NA,NA,NA,NA,NA,NA,NA,NA,NA,NA,NA,NA,NA,NA,NA,NA,NA,NA,NA,NA,NA,NA,NA,NA,NA,NA,NA,"PIMCO Dividend and Income Fund","Open-End Mutual Fund"
"341","YEK4ZW257ZZ60WFBOB87","YEK4ZW257ZZ60WFBOB87",200,"YEK4ZW257ZZ60WFBOB87","PIMCO Global Managed Asset Allocation Portfolio","en",NA,NA,"en","C/O THE CORPORATION TRUST COMPANY",NA,NA,NA,"WILMINGTON","US-DE","US","19801","en","C/O Pacific Investment Management Company LLC",NA,NA,NA,"Newport Beach","US-CA","US","92660","RA000665",NA,"S000024339","US","FUND","8888","FUND",NA,NA,"ACTIVE",NA,NA,NA,NA,NA,2012-10-18 00:00:00,NA,NA,NA,2012-10-19 08:05:00,2025-06-19 17:34:54,"ISSUED",2026-07-07 00:00:00,"5493001KJTIIGC8Y1R12","FULLY_CORROBORATED","RA000665",NA,"S000024339",NA,NA,NA,NA,NA,99622786,"CONFORMING","https://api.gleif.org/api/v1/lei-records/YEK4ZW257ZZ60WFBOB87/managing-lou","https://api.gleif.org/api/v1/lei-records/YEK4ZW257ZZ60WFBOB87/lei-issuer","https://api.gleif.org/api/v1/lei-records/YEK4ZW257ZZ60WFBOB87/field-modifications","https://api.gleif.org/api/v1/lei-records/YEK4ZW257ZZ60WFBOB87/direct-parent-reporting-exception","https://api.gleif.org/api/v1/lei-records/YEK4ZW257ZZ60WFBOB87/ultimate-parent-reporting-exception","https://api.gleif.org/api/v1/lei-records/YEK4ZW257ZZ60WFBOB87/fund-manager","https://api.gleif.org/api/v1/lei-records/YEK4ZW257ZZ60WFBOB87/fund-manager-relationship",TRUE,NA,NA,NA,NA,"CORPORATION TRUST CENTER","650 Newport Center Drive",NA,NA,NA,NA,NA,NA,"https://api.gleif.org/api/v1/lei-records/YEK4ZW257ZZ60WFBOB87/umbrella-fund","https://api.gleif.org/api/v1/lei-records/YEK4ZW257ZZ60WFBOB87/umbrella-fund-relationship",NA,NA,NA,NA,NA,NA,"1209 ORANGE ST",NA,NA,NA,NA,NA,NA,NA,NA,NA,NA,NA,NA,NA,NA,NA,NA,NA,NA,NA,NA,NA,NA,NA,NA,NA,NA,NA,NA,NA,NA,NA,NA,NA,NA,NA,NA,NA,NA,NA,NA,NA,NA,NA,NA,NA,NA,NA,NA,NA,NA,NA,NA,NA,NA,NA,NA,NA,NA,NA,NA,NA,NA,NA,NA,NA,NA,NA,NA,NA,NA,NA,NA,NA,NA,NA,NA,NA,NA,NA,NA,NA,NA,NA,NA,NA,NA,NA,NA,NA,NA,NA,NA,NA,NA,NA,NA,NA,NA,NA,NA,NA,NA,NA,NA,NA,NA,NA,NA,NA,NA,NA,NA,NA,NA,NA,NA,NA,NA,NA,NA,NA,NA,NA,NA,NA,NA,NA,NA,NA,NA,NA,NA,NA,NA,NA,NA,NA,NA,NA,NA,NA,NA,NA,NA,NA,NA,NA,NA,NA,NA,NA,NA,NA,NA,NA,NA,NA,NA,NA,NA,NA,NA,NA,NA,NA,NA,NA,NA,NA,NA,NA,NA,NA,NA,NA,NA,NA,NA,NA,NA,NA,NA,NA,NA,NA,NA,NA,NA,NA,NA,NA,NA,NA,NA,NA,NA,NA,NA,NA,NA,NA,NA,NA,NA,NA,NA,NA,NA,NA,NA,NA,NA,NA,NA,NA,NA,NA,NA,NA,NA,NA,NA,NA,NA,NA,NA,NA,NA,NA,NA,NA,NA,NA,"PIMCO Global Multi-Asset Managed Allocation Portfolio","Open-End Mutual Fund"
"342","YO8YB8KUOR2PV7RGCT05","YO8YB8KUOR2PV7RGCT05",200,"YO8YB8KUOR2PV7RGCT05","PIMCO Long-Term Real Return Fund","en",NA,NA,"en","C/O C T CORPORATION SYSTEM",NA,NA,NA,"BOSTON","US-MA","US","02110","en","C/O Pacific Investment Management Company LLC",NA,NA,NA,"Newport Beach","US-CA","US","92660","RA000665",NA,"S000009699","US","FUND","8888","SUB-FUND",NA,NA,"ACTIVE",NA,NA,NA,NA,NA,2012-10-18 00:00:00,NA,NA,NA,2012-10-19 08:02:00,2025-06-19 17:13:58,"ISSUED",2026-07-07 00:00:00,"5493001KJTIIGC8Y1R12","FULLY_CORROBORATED","RA000665",NA,"S000009699",NA,NA,NA,NA,NA,59313778,"CONFORMING","https://api.gleif.org/api/v1/lei-records/YO8YB8KUOR2PV7RGCT05/managing-lou","https://api.gleif.org/api/v1/lei-records/YO8YB8KUOR2PV7RGCT05/lei-issuer","https://api.gleif.org/api/v1/lei-records/YO8YB8KUOR2PV7RGCT05/field-modifications","https://api.gleif.org/api/v1/lei-records/YO8YB8KUOR2PV7RGCT05/direct-parent-reporting-exception","https://api.gleif.org/api/v1/lei-records/YO8YB8KUOR2PV7RGCT05/ultimate-parent-reporting-exception","https://api.gleif.org/api/v1/lei-records/YO8YB8KUOR2PV7RGCT05/fund-manager","https://api.gleif.org/api/v1/lei-records/YO8YB8KUOR2PV7RGCT05/fund-manager-relationship",TRUE,NA,"PIMCO Funds - PIMCO Real Return Asset Fund","en","PREVIOUS_LEGAL_NAME","155 FEDERAL ST.","650 Newport Center Drive",NA,NA,NA,NA,NA,NA,"https://api.gleif.org/api/v1/lei-records/YO8YB8KUOR2PV7RGCT05/umbrella-fund","https://api.gleif.org/api/v1/lei-records/YO8YB8KUOR2PV7RGCT05/umbrella-fund-relationship",NA,NA,NA,NA,NA,NA,"SUITE 700",NA,NA,NA,NA,NA,NA,NA,NA,NA,NA,NA,NA,NA,NA,NA,NA,NA,NA,NA,NA,NA,NA,NA,NA,NA,NA,NA,NA,NA,NA,NA,NA,NA,NA,NA,NA,NA,NA,NA,NA,NA,NA,NA,NA,NA,NA,NA,NA,NA,NA,NA,NA,NA,NA,NA,NA,NA,NA,NA,NA,NA,NA,NA,NA,NA,NA,NA,NA,NA,NA,NA,NA,NA,NA,NA,NA,NA,NA,NA,NA,NA,NA,NA,NA,NA,NA,NA,NA,NA,NA,NA,NA,NA,NA,NA,NA,NA,NA,NA,NA,NA,NA,NA,NA,NA,NA,NA,NA,NA,NA,NA,NA,NA,NA,NA,NA,NA,NA,NA,NA,NA,NA,NA,NA,NA,NA,NA,NA,NA,NA,NA,NA,NA,NA,NA,NA,NA,NA,NA,NA,NA,NA,NA,NA,NA,NA,NA,NA,NA,NA,NA,NA,NA,NA,NA,NA,NA,NA,NA,NA,NA,NA,NA,NA,NA,NA,NA,NA,NA,NA,NA,NA,NA,NA,NA,NA,NA,NA,NA,NA,NA,NA,NA,NA,NA,NA,NA,NA,NA,NA,NA,NA,NA,NA,NA,NA,NA,NA,NA,NA,NA,NA,NA,NA,NA,NA,NA,NA,NA,NA,NA,NA,NA,NA,NA,NA,NA,NA,NA,NA,NA,NA,NA,NA,NA,NA,NA,NA,NA,NA,NA,NA,NA,"PIMCO Long-Term Real Return Fund","Open-End Mutual Fund"
"343","YPZSSUF52R5JGG5DTZ31","YPZSSUF52R5JGG5DTZ31",200,"YPZSSUF52R5JGG5DTZ31","PIMCO Global Advantage Strategy Bond Fund","en",NA,NA,"en","C/O C T CORPORATION SYSTEM",NA,NA,NA,"BOSTON","US-MA","US","02110","en","C/O Pacific Investment Management Company LLC",NA,NA,NA,"Newport Beach","US-CA","US","92660","RA000665",NA,"S000022556","US","FUND","8888","FUND",NA,NA,"ACTIVE",NA,NA,NA,NA,NA,2012-10-23 00:00:00,NA,NA,NA,2012-10-24 09:00:00,2025-06-19 17:09:28,"ISSUED",2026-07-07 00:00:00,"5493001KJTIIGC8Y1R12","FULLY_CORROBORATED","RA000665",NA,"S000022556",NA,NA,NA,NA,NA,52809872,"CONFORMING","https://api.gleif.org/api/v1/lei-records/YPZSSUF52R5JGG5DTZ31/managing-lou","https://api.gleif.org/api/v1/lei-records/YPZSSUF52R5JGG5DTZ31/lei-issuer","https://api.gleif.org/api/v1/lei-records/YPZSSUF52R5JGG5DTZ31/field-modifications","https://api.gleif.org/api/v1/lei-records/YPZSSUF52R5JGG5DTZ31/direct-parent-reporting-exception","https://api.gleif.org/api/v1/lei-records/YPZSSUF52R5JGG5DTZ31/ultimate-parent-reporting-exception","https://api.gleif.org/api/v1/lei-records/YPZSSUF52R5JGG5DTZ31/fund-manager","https://api.gleif.org/api/v1/lei-records/YPZSSUF52R5JGG5DTZ31/fund-manager-relationship",TRUE,NA,"PIMCO Funds - PIMCO Global Advantage Fund","en","PREVIOUS_LEGAL_NAME","155 FEDERAL ST.","650 Newport Center Drive",NA,NA,NA,NA,NA,NA,"https://api.gleif.org/api/v1/lei-records/YPZSSUF52R5JGG5DTZ31/umbrella-fund","https://api.gleif.org/api/v1/lei-records/YPZSSUF52R5JGG5DTZ31/umbrella-fund-relationship",NA,NA,NA,NA,NA,NA,"SUITE 700",NA,NA,NA,NA,NA,NA,NA,NA,NA,NA,NA,NA,NA,NA,NA,NA,NA,NA,NA,NA,NA,NA,NA,NA,NA,NA,NA,NA,NA,NA,NA,NA,NA,NA,NA,NA,NA,NA,NA,NA,NA,NA,NA,NA,NA,NA,NA,NA,NA,NA,NA,NA,NA,NA,NA,NA,NA,NA,NA,NA,NA,NA,NA,NA,NA,NA,NA,NA,NA,NA,NA,NA,NA,NA,NA,NA,NA,NA,NA,NA,NA,NA,NA,NA,NA,NA,NA,NA,NA,NA,NA,NA,NA,NA,NA,NA,NA,NA,NA,NA,NA,NA,NA,NA,NA,NA,NA,NA,NA,NA,NA,NA,NA,NA,NA,NA,NA,NA,NA,NA,NA,NA,NA,NA,NA,NA,NA,NA,NA,NA,NA,NA,NA,NA,NA,NA,NA,NA,NA,NA,NA,NA,NA,NA,NA,NA,NA,NA,NA,NA,NA,NA,NA,NA,NA,NA,NA,NA,NA,NA,NA,NA,NA,NA,NA,NA,NA,NA,NA,NA,NA,NA,NA,NA,NA,NA,NA,NA,NA,NA,NA,NA,NA,NA,NA,NA,NA,NA,NA,NA,NA,NA,NA,NA,NA,NA,NA,NA,NA,NA,NA,NA,NA,NA,NA,NA,NA,NA,NA,NA,NA,NA,NA,NA,NA,NA,NA,NA,NA,NA,NA,NA,NA,NA,NA,NA,NA,NA,NA,NA,NA,NA,NA,"PIMCO Global Advantage  Strategy Bond Fund","Open-End Mutual Fund"
"344","YYRPT0RYF3AOXJJQS039","YYRPT0RYF3AOXJJQS039",200,"YYRPT0RYF3AOXJJQS039","Empower Core Bond Fund","en",NA,NA,"en","C/O THE CORPORATION TRUST INCORPORATED",NA,NA,NA,"LUTHERVILLE TIMONIUM","US-MD","US","21093-2264","en","C/O Empower Capital Management, LLC",NA,NA,NA,"Greenwood Village","US-CO","US","80111","RA000665",NA,"S000023755","US","FUND","8888","FUND",NA,NA,"ACTIVE",NA,NA,NA,NA,NA,2012-09-26 00:00:00,NA,NA,NA,2012-09-27 15:18:00,2025-10-23 20:31:25,"ISSUED",2026-11-01 00:00:00,"5493001KJTIIGC8Y1R12","FULLY_CORROBORATED","RA000665",NA,"S000023755",NA,NA,NA,NA,NA,66106472,"CONFORMING","https://api.gleif.org/api/v1/lei-records/YYRPT0RYF3AOXJJQS039/managing-lou","https://api.gleif.org/api/v1/lei-records/YYRPT0RYF3AOXJJQS039/lei-issuer","https://api.gleif.org/api/v1/lei-records/YYRPT0RYF3AOXJJQS039/field-modifications","https://api.gleif.org/api/v1/lei-records/YYRPT0RYF3AOXJJQS039/direct-parent-reporting-exception","https://api.gleif.org/api/v1/lei-records/YYRPT0RYF3AOXJJQS039/ultimate-parent-reporting-exception","https://api.gleif.org/api/v1/lei-records/YYRPT0RYF3AOXJJQS039/fund-manager","https://api.gleif.org/api/v1/lei-records/YYRPT0RYF3AOXJJQS039/fund-manager-relationship",TRUE,NA,"GREAT-WEST FUNDS INC - Great-West Core Bond Fund","en","PREVIOUS_LEGAL_NAME","2405 YORK ROAD","8515 E Orchard Road","STANDALONE","SUPPORTING_DOCUMENTS",2024-11-10 00:00:00,2024-11-20 00:00:00,"CHANGE_LEGAL_NAME","COMPLETED","https://api.gleif.org/api/v1/lei-records/YYRPT0RYF3AOXJJQS039/umbrella-fund","https://api.gleif.org/api/v1/lei-records/YYRPT0RYF3AOXJJQS039/umbrella-fund-relationship",NA,NA,NA,"Great-West Funds, Inc. - Great-West Federated Bond Fund","en","PREVIOUS_LEGAL_NAME","SUITE 201","STANDALONE","SUPPORTING_DOCUMENTS",2024-11-09 00:00:00,2024-11-20 00:00:00,"CHANGE_LEGAL_NAME","COMPLETED",NA,NA,NA,NA,NA,NA,NA,NA,NA,NA,NA,NA,NA,NA,NA,NA,NA,NA,NA,NA,"STANDALONE","SUPPORTING_DOCUMENTS",2022-08-01 00:00:00,2022-10-17 12:17:54,"CHANGE_LEGAL_NAME","COMPLETED",NA,NA,NA,NA,NA,NA,NA,NA,NA,NA,NA,NA,NA,NA,NA,NA,NA,NA,NA,NA,"Maxim Series Fund, Inc - Maxim Federated Bond Portfolio","en","PREVIOUS_LEGAL_NAME",NA,NA,NA,NA,NA,NA,NA,NA,NA,NA,NA,NA,NA,NA,NA,NA,NA,NA,NA,NA,NA,NA,NA,NA,NA,NA,NA,NA,NA,NA,NA,NA,NA,NA,NA,NA,NA,NA,NA,NA,NA,NA,NA,NA,NA,NA,NA,NA,NA,NA,NA,NA,NA,NA,NA,NA,NA,NA,NA,NA,NA,NA,NA,NA,NA,NA,NA,NA,NA,NA,NA,NA,NA,NA,NA,NA,NA,NA,NA,NA,NA,NA,NA,NA,NA,NA,NA,NA,NA,NA,NA,NA,NA,NA,NA,NA,NA,NA,NA,NA,NA,NA,NA,NA,NA,NA,NA,NA,NA,NA,NA,NA,NA,NA,NA,NA,NA,NA,NA,NA,NA,NA,NA,NA,NA,NA,NA,NA,NA,NA,NA,NA,NA,NA,NA,NA,NA,NA,NA,NA,NA,NA,NA,NA,NA,NA,NA,NA,NA,NA,NA,NA,NA,NA,NA,NA,NA,NA,NA,NA,NA,NA,NA,NA,NA,NA,NA,NA,NA,NA,NA,NA,NA,NA,NA,NA,NA,NA,"Great-West Core Bond Fund","Open-End Mutual Fund"
"345","Z44J798WPLL9S5JNKY77","Z44J798WPLL9S5JNKY77",200,"Z44J798WPLL9S5JNKY77","AST Core Fixed Income Portfolio","en",NA,NA,"en","C/O Corporation Service Company",NA,NA,NA,"Boston","US-MA","US","02109","en","C/O PGIM Investments LLC",NA,NA,NA,"Newark","US-NJ","US","07102","RA000665",NA,"S000019381","US","FUND","8888","SUB-FUND",NA,NA,"ACTIVE",NA,NA,NA,NA,NA,2012-10-23 00:00:00,NA,NA,NA,2012-10-24 14:02:00,2026-04-08 11:45:27,"ISSUED",2027-04-21 15:23:47,"5493001KJTIIGC8Y1R12","FULLY_CORROBORATED","RA000665",NA,"S000019381",NA,NA,NA,NA,NA,107263726,"CONFORMING","https://api.gleif.org/api/v1/lei-records/Z44J798WPLL9S5JNKY77/managing-lou","https://api.gleif.org/api/v1/lei-records/Z44J798WPLL9S5JNKY77/lei-issuer","https://api.gleif.org/api/v1/lei-records/Z44J798WPLL9S5JNKY77/field-modifications","https://api.gleif.org/api/v1/lei-records/Z44J798WPLL9S5JNKY77/direct-parent-reporting-exception","https://api.gleif.org/api/v1/lei-records/Z44J798WPLL9S5JNKY77/ultimate-parent-reporting-exception","https://api.gleif.org/api/v1/lei-records/Z44J798WPLL9S5JNKY77/fund-manager","https://api.gleif.org/api/v1/lei-records/Z44J798WPLL9S5JNKY77/fund-manager-relationship",TRUE,NA,NA,NA,NA,"84 State Street","655 Broad St",NA,NA,NA,NA,NA,NA,"https://api.gleif.org/api/v1/lei-records/Z44J798WPLL9S5JNKY77/umbrella-fund","https://api.gleif.org/api/v1/lei-records/Z44J798WPLL9S5JNKY77/umbrella-fund-relationship","17th Floor",NA,NA,NA,NA,NA,NA,NA,NA,NA,NA,NA,NA,NA,NA,NA,NA,NA,NA,NA,NA,NA,NA,NA,NA,NA,NA,NA,NA,NA,NA,NA,NA,NA,NA,NA,NA,NA,NA,NA,NA,NA,NA,NA,NA,NA,NA,NA,NA,NA,NA,NA,NA,NA,NA,NA,NA,NA,NA,NA,NA,NA,NA,NA,NA,NA,NA,NA,NA,NA,NA,NA,NA,NA,NA,NA,NA,NA,NA,NA,NA,NA,NA,NA,NA,NA,NA,NA,NA,NA,NA,NA,NA,NA,NA,NA,NA,NA,NA,NA,NA,NA,NA,NA,NA,NA,NA,NA,NA,NA,NA,NA,NA,NA,NA,NA,NA,NA,NA,NA,NA,NA,NA,NA,NA,NA,NA,NA,NA,NA,NA,NA,NA,NA,NA,NA,NA,NA,NA,NA,NA,NA,NA,NA,NA,NA,NA,NA,NA,NA,NA,NA,NA,NA,NA,NA,NA,NA,NA,NA,NA,NA,NA,NA,NA,NA,NA,NA,NA,NA,NA,NA,NA,NA,NA,NA,NA,NA,NA,NA,NA,NA,NA,NA,NA,NA,NA,NA,NA,NA,NA,NA,NA,NA,NA,NA,NA,NA,NA,NA,NA,NA,NA,NA,NA,NA,NA,NA,NA,NA,NA,NA,NA,NA,NA,NA,NA,NA,NA,NA,NA,NA,NA,NA,NA,NA,NA,NA,NA,NA,NA,NA,NA,NA,NA,NA,NA,NA,NA,NA,"AST Western Asset Core Plus Bond Portfolio","Open-End Mutual Fund"
"346","Z5TNEP76ZWYIF0536T79","Z5TNEP76ZWYIF0536T79",200,"Z5TNEP76ZWYIF0536T79","Opportunistic Fixed Income Fund","en",NA,NA,"en","601 CONGRESS ST",NA,NA,NA,"Boston","US-MA","US","02210","en","C/O JOHN HANCOCK INVESTMENT MANAGEMENT LLC",NA,NA,NA,"Boston","US-MA","US","02116","RA000665",NA,"S000003319","US","FUND","8888","FUND",NA,NA,"ACTIVE",NA,NA,NA,NA,NA,2012-11-18 00:00:00,NA,NA,NA,2012-11-19 14:08:00,2025-09-26 19:36:30,"ISSUED",2026-10-25 00:00:00,"5493001KJTIIGC8Y1R12","FULLY_CORROBORATED","RA000665",NA,"S000003319",NA,NA,NA,NA,NA,60010451,"CONFORMING","https://api.gleif.org/api/v1/lei-records/Z5TNEP76ZWYIF0536T79/managing-lou","https://api.gleif.org/api/v1/lei-records/Z5TNEP76ZWYIF0536T79/lei-issuer","https://api.gleif.org/api/v1/lei-records/Z5TNEP76ZWYIF0536T79/field-modifications","https://api.gleif.org/api/v1/lei-records/Z5TNEP76ZWYIF0536T79/direct-parent-reporting-exception","https://api.gleif.org/api/v1/lei-records/Z5TNEP76ZWYIF0536T79/ultimate-parent-reporting-exception","https://api.gleif.org/api/v1/lei-records/Z5TNEP76ZWYIF0536T79/fund-manager","https://api.gleif.org/api/v1/lei-records/Z5TNEP76ZWYIF0536T79/fund-manager-relationship",TRUE,NA,"John Hancock Funds II - Global Bond Fund","en","PREVIOUS_LEGAL_NAME",NA,"200 Berkeley St",NA,NA,NA,NA,NA,NA,"https://api.gleif.org/api/v1/lei-records/Z5TNEP76ZWYIF0536T79/umbrella-fund","https://api.gleif.org/api/v1/lei-records/Z5TNEP76ZWYIF0536T79/umbrella-fund-relationship",NA,NA,NA,NA,NA,NA,NA,NA,NA,NA,NA,NA,NA,NA,NA,NA,NA,NA,NA,NA,NA,NA,NA,NA,NA,NA,NA,NA,NA,NA,NA,NA,NA,NA,NA,NA,NA,NA,NA,NA,NA,NA,NA,NA,NA,NA,NA,NA,NA,NA,NA,NA,NA,NA,NA,NA,NA,NA,NA,NA,NA,NA,NA,NA,NA,NA,NA,NA,NA,NA,NA,NA,NA,NA,NA,NA,NA,NA,NA,NA,NA,NA,NA,NA,NA,NA,NA,NA,NA,NA,NA,NA,NA,NA,NA,NA,NA,NA,NA,NA,NA,NA,NA,NA,NA,NA,NA,NA,NA,NA,NA,NA,NA,NA,NA,NA,NA,NA,NA,NA,NA,NA,NA,NA,NA,NA,NA,NA,NA,NA,NA,NA,NA,NA,NA,NA,NA,NA,NA,NA,NA,NA,NA,NA,NA,NA,NA,NA,NA,NA,NA,NA,NA,NA,NA,NA,NA,NA,NA,NA,NA,NA,NA,NA,NA,NA,NA,NA,NA,NA,NA,NA,NA,NA,NA,NA,NA,NA,NA,NA,NA,NA,NA,NA,NA,NA,NA,NA,NA,NA,NA,NA,NA,NA,NA,NA,NA,NA,NA,NA,NA,NA,NA,NA,NA,NA,NA,NA,NA,NA,NA,NA,NA,NA,NA,NA,NA,NA,NA,NA,NA,NA,NA,NA,NA,NA,NA,NA,NA,NA,NA,NA,NA,NA,NA,NA,NA,NA,NA,NA,"Global Bond Fund","Open-End Mutual Fund"
"347","ZCHOOW8186RO45QGKP62","ZCHOOW8186RO45QGKP62",200,"ZCHOOW8186RO45QGKP62","PIMCO Long-Term Credit Bond Fund","en",NA,NA,"en","C/O C T CORPORATION SYSTEM",NA,NA,NA,"BOSTON","US-MA","US","02110","en","C/O Pacific Investment Management Company LLC",NA,NA,NA,"Newport Beach","US-CA","US","92660","RA000665",NA,"S000025202","US","FUND","8888","FUND",NA,NA,"ACTIVE",NA,NA,NA,NA,NA,2012-10-18 00:00:00,NA,NA,NA,2012-10-19 08:02:00,2025-06-19 17:39:57,"ISSUED",2026-07-07 00:00:00,"5493001KJTIIGC8Y1R12","FULLY_CORROBORATED","RA000665",NA,"S000025202",NA,NA,NA,NA,NA,54500152,"CONFORMING","https://api.gleif.org/api/v1/lei-records/ZCHOOW8186RO45QGKP62/managing-lou","https://api.gleif.org/api/v1/lei-records/ZCHOOW8186RO45QGKP62/lei-issuer","https://api.gleif.org/api/v1/lei-records/ZCHOOW8186RO45QGKP62/field-modifications","https://api.gleif.org/api/v1/lei-records/ZCHOOW8186RO45QGKP62/direct-parent-reporting-exception","https://api.gleif.org/api/v1/lei-records/ZCHOOW8186RO45QGKP62/ultimate-parent-reporting-exception","https://api.gleif.org/api/v1/lei-records/ZCHOOW8186RO45QGKP62/fund-manager","https://api.gleif.org/api/v1/lei-records/ZCHOOW8186RO45QGKP62/fund-manager-relationship",TRUE,NA,"PIMCO Funds - PIMCO Long-Term Credit Fund","en","PREVIOUS_LEGAL_NAME","155 FEDERAL ST.","650 Newport Center Drive",NA,NA,NA,NA,NA,NA,"https://api.gleif.org/api/v1/lei-records/ZCHOOW8186RO45QGKP62/umbrella-fund","https://api.gleif.org/api/v1/lei-records/ZCHOOW8186RO45QGKP62/umbrella-fund-relationship",NA,NA,NA,NA,NA,NA,"SUITE 700",NA,NA,NA,NA,NA,NA,NA,NA,NA,NA,NA,NA,NA,NA,NA,NA,NA,NA,NA,NA,NA,NA,NA,NA,NA,NA,NA,NA,NA,NA,NA,NA,NA,NA,NA,NA,NA,NA,NA,NA,NA,NA,NA,NA,NA,NA,NA,NA,NA,NA,NA,NA,NA,NA,NA,NA,NA,NA,NA,NA,NA,NA,NA,NA,NA,NA,NA,NA,NA,NA,NA,NA,NA,NA,NA,NA,NA,NA,NA,NA,NA,NA,NA,NA,NA,NA,NA,NA,NA,NA,NA,NA,NA,NA,NA,NA,NA,NA,NA,NA,NA,NA,NA,NA,NA,NA,NA,NA,NA,NA,NA,NA,NA,NA,NA,NA,NA,NA,NA,NA,NA,NA,NA,NA,NA,NA,NA,NA,NA,NA,NA,NA,NA,NA,NA,NA,NA,NA,NA,NA,NA,NA,NA,NA,NA,NA,NA,NA,NA,NA,NA,NA,NA,NA,NA,NA,NA,NA,NA,NA,NA,NA,NA,NA,NA,NA,NA,NA,NA,NA,NA,NA,NA,NA,NA,NA,NA,NA,NA,NA,NA,NA,NA,NA,NA,NA,NA,NA,NA,NA,NA,NA,NA,NA,NA,NA,NA,NA,NA,NA,NA,NA,NA,NA,NA,NA,NA,NA,NA,NA,NA,NA,NA,NA,NA,NA,NA,NA,NA,NA,NA,NA,NA,NA,NA,NA,NA,NA,NA,NA,NA,NA,NA,"PIMCO Long-Term Credit Bond Fund","Open-End Mutual Fund"
